ISO-10303-21;
HEADER;
FILE_DESCRIPTION(('CAx-IF Rec.Pracs.---Model Styling and Organization---1.5---2016-08-15','CAx-IF Rec.Pracs.---Geometric and Assembly Validation Properties---4.4---2016-08-17','CAx-IF Rec.Pracs.---User Defined Attributes---1.5---2016-08-15','CAx-IF Rec.Pracs.---External References---2.1---2005-01-19'),'2;1');
FILE_NAME('18795809.step','2026-04-15T06:12:06',('Unspecified'),('Unspecified'),'CAD Exchanger 3.10.2 (cadexchanger.com)','Unspecified','');
FILE_SCHEMA(('AUTOMOTIVE_DESIGN { 1 0 10303 214 1 1 1 1 }'));
ENDSEC;
DATA;
#1=APPLICATION_CONTEXT('core data for automotive mechanical design processes');
#2=APPLICATION_PROTOCOL_DEFINITION('international standard','automotive_design',2000,#1);
#3=PRODUCT_CONTEXT('',#1,'mechanical');
#4=PRODUCT('20021111-00010XXLFC','20021111-00010XXLFC',$,(#3));
#5=PRODUCT_DEFINITION_FORMATION('',$,#4);
#6=PRODUCT_DEFINITION_CONTEXT('part definition',#1,'design');
#7=PRODUCT_DEFINITION('design',$,#5,#6);
#8=PRODUCT_DEFINITION_SHAPE('',$,#7);
#9=MANIFOLD_SOLID_BREP('',#10);
#10=CLOSED_SHELL('',(#11,#163,#194,#250,#274,#298,#322,#346,#370,#394,#418,#442,#466,#490,#514,#538,#562,#586,#610,#659,#1016,#1033,#1162,#1186,#1662,#1684,#1701,#1713,#1730,#1747,#1764,#1781,#1798,#1815,#1832,#1849,#1866,#1883,#1895,#1926,#1950,#1974,#1991,#2003,#2034,#2058,#2082,#2099,#2111,#2142,#2166,#2190,#2207,#2219,#2250,#2274,#2298,#2315,#2327,#2358,#2382,#2406,#2423,#2435,#2466,#2490,#2514,#2531,#2543,#2574,#2598,#2622,#2639,#2651,#2682,#2706,#2730,#2747,#2759,#2790,#2814,#2838,#2855,#2867,#2898,#2922,#2946,#2963,#2975,#3006,#3030,#3054,#3071,#3083,#3114,#3138,#3162,#3179,#3191,#3222,#3246,#3270,#3287,#3299,#3330,#3354,#3378,#3395,#3407,#3438,#3462,#3486,#3503,#3515,#3546,#3570,#3594,#3611,#3623,#3654,#3678,#3702,#3719,#3731,#3762,#3786,#3810,#3827,#3839,#3870,#3894,#3918,#3935,#3947,#3978,#4002,#4026,#4043));
#11=ADVANCED_FACE('3575',(#12),#158,.F.);
#12=FACE_BOUND('3575',#13,.T.);
#13=EDGE_LOOP('',(#14,#24,#32,#40,#48,#56,#64,#72,#80,#88,#96,#104,#112,#120,#128,#136,#144,#152));
#14=ORIENTED_EDGE('',*,*,#15,.T.);
#15=EDGE_CURVE('3819',#16,#18,#20,.F.);
#16=VERTEX_POINT('',#17);
#17=CARTESIAN_POINT('',(5.715,0.0,1.2));
#18=VERTEX_POINT('',#19);
#19=CARTESIAN_POINT('',(5.715,0.0,1.44));
#20=LINE('',#21,#22);
#21=CARTESIAN_POINT('',(5.715,0.0,1.44));
#22=VECTOR('',#23,1.0);
#23=DIRECTION('',(0.0,0.0,-1.0));
#24=ORIENTED_EDGE('',*,*,#25,.T.);
#25=EDGE_CURVE('3792',#18,#26,#28,.F.);
#26=VERTEX_POINT('',#27);
#27=CARTESIAN_POINT('',(5.565,0.0,1.7));
#28=LINE('',#29,#30);
#29=CARTESIAN_POINT('',(5.565,0.0,1.7));
#30=VECTOR('',#31,1.0);
#31=DIRECTION('',(0.499722453,0.0,-0.866185586));
#32=ORIENTED_EDGE('',*,*,#33,.T.);
#33=EDGE_CURVE('3791',#26,#34,#36,.F.);
#34=VERTEX_POINT('',#35);
#35=CARTESIAN_POINT('',(4.595,0.0,1.7));
#36=LINE('',#37,#38);
#37=CARTESIAN_POINT('',(4.595,0.0,1.7));
#38=VECTOR('',#39,1.0);
#39=DIRECTION('',(1.0,0.0,0.0));
#40=ORIENTED_EDGE('',*,*,#41,.T.);
#41=EDGE_CURVE('3813',#34,#42,#44,.F.);
#42=VERTEX_POINT('',#43);
#43=CARTESIAN_POINT('',(4.445,0.0,1.44));
#44=LINE('',#45,#46);
#45=CARTESIAN_POINT('',(4.445,0.0,1.44));
#46=VECTOR('',#47,1.0);
#47=DIRECTION('',(0.499722453,0.0,0.866185586));
#48=ORIENTED_EDGE('',*,*,#49,.T.);
#49=EDGE_CURVE('3808',#42,#50,#52,.F.);
#50=VERTEX_POINT('',#51);
#51=CARTESIAN_POINT('',(4.295,0.0,1.7));
#52=LINE('',#53,#54);
#53=CARTESIAN_POINT('',(4.295,0.0,1.7));
#54=VECTOR('',#55,1.0);
#55=DIRECTION('',(0.499722453,0.0,-0.866185586));
#56=ORIENTED_EDGE('',*,*,#57,.T.);
#57=EDGE_CURVE('3773',#50,#58,#60,.F.);
#58=VERTEX_POINT('',#59);
#59=CARTESIAN_POINT('',(3.325,0.0,1.7));
#60=LINE('',#61,#62);
#61=CARTESIAN_POINT('',(3.325,0.0,1.7));
#62=VECTOR('',#63,1.0);
#63=DIRECTION('',(1.0,0.0,0.0));
#64=ORIENTED_EDGE('',*,*,#65,.T.);
#65=EDGE_CURVE('3788',#58,#66,#68,.F.);
#66=VERTEX_POINT('',#67);
#67=CARTESIAN_POINT('',(3.175,0.0,1.44));
#68=LINE('',#69,#70);
#69=CARTESIAN_POINT('',(3.175,0.0,1.44));
#70=VECTOR('',#71,1.0);
#71=DIRECTION('',(0.499722453,0.0,0.866185586));
#72=ORIENTED_EDGE('',*,*,#73,.T.);
#73=EDGE_CURVE('3783',#66,#74,#76,.F.);
#74=VERTEX_POINT('',#75);
#75=CARTESIAN_POINT('',(3.025,0.0,1.7));
#76=LINE('',#77,#78);
#77=CARTESIAN_POINT('',(3.025,0.0,1.7));
#78=VECTOR('',#79,1.0);
#79=DIRECTION('',(0.499722453,0.0,-0.866185586));
#80=ORIENTED_EDGE('',*,*,#81,.T.);
#81=EDGE_CURVE('3755',#74,#82,#84,.F.);
#82=VERTEX_POINT('',#83);
#83=CARTESIAN_POINT('',(2.055,0.0,1.7));
#84=LINE('',#85,#86);
#85=CARTESIAN_POINT('',(2.055,0.0,1.7));
#86=VECTOR('',#87,1.0);
#87=DIRECTION('',(1.0,0.0,0.0));
#88=ORIENTED_EDGE('',*,*,#89,.T.);
#89=EDGE_CURVE('3770',#82,#90,#92,.F.);
#90=VERTEX_POINT('',#91);
#91=CARTESIAN_POINT('',(1.905,0.0,1.44));
#92=LINE('',#93,#94);
#93=CARTESIAN_POINT('',(1.905,0.0,1.44));
#94=VECTOR('',#95,1.0);
#95=DIRECTION('',(0.499722453,0.0,0.866185586));
#96=ORIENTED_EDGE('',*,*,#97,.T.);
#97=EDGE_CURVE('3765',#90,#98,#100,.F.);
#98=VERTEX_POINT('',#99);
#99=CARTESIAN_POINT('',(1.755,0.0,1.7));
#100=LINE('',#101,#102);
#101=CARTESIAN_POINT('',(1.755,0.0,1.7));
#102=VECTOR('',#103,1.0);
#103=DIRECTION('',(0.499722453,0.0,-0.866185586));
#104=ORIENTED_EDGE('',*,*,#105,.T.);
#105=EDGE_CURVE('3728',#98,#106,#108,.F.);
#106=VERTEX_POINT('',#107);
#107=CARTESIAN_POINT('',(0.785,0.0,1.7));
#108=LINE('',#109,#110);
#109=CARTESIAN_POINT('',(0.785,0.0,1.7));
#110=VECTOR('',#111,1.0);
#111=DIRECTION('',(1.0,0.0,0.0));
#112=ORIENTED_EDGE('',*,*,#113,.T.);
#113=EDGE_CURVE('3743',#106,#114,#116,.F.);
#114=VERTEX_POINT('',#115);
#115=CARTESIAN_POINT('',(0.635,0.0,1.44));
#116=LINE('',#117,#118);
#117=CARTESIAN_POINT('',(0.635,0.0,1.44));
#118=VECTOR('',#119,1.0);
#119=DIRECTION('',(0.499722453,0.0,0.866185586));
#120=ORIENTED_EDGE('',*,*,#121,.T.);
#121=EDGE_CURVE('3738',#114,#122,#124,.F.);
#122=VERTEX_POINT('',#123);
#123=CARTESIAN_POINT('',(0.485,0.0,1.7));
#124=LINE('',#125,#126);
#125=CARTESIAN_POINT('',(0.485,0.0,1.7));
#126=VECTOR('',#127,1.0);
#127=DIRECTION('',(0.499722453,0.0,-0.866185586));
#128=ORIENTED_EDGE('',*,*,#129,.T.);
#129=EDGE_CURVE('3715',#122,#130,#132,.F.);
#130=VERTEX_POINT('',#131);
#131=CARTESIAN_POINT('',(-0.485,0.0,1.7));
#132=LINE('',#133,#134);
#133=CARTESIAN_POINT('',(-0.485,0.0,1.7));
#134=VECTOR('',#135,1.0);
#135=DIRECTION('',(1.0,0.0,0.0));
#136=ORIENTED_EDGE('',*,*,#137,.T.);
#137=EDGE_CURVE('3714',#130,#138,#140,.F.);
#138=VERTEX_POINT('',#139);
#139=CARTESIAN_POINT('',(-0.635,0.0,1.44));
#140=LINE('',#141,#142);
#141=CARTESIAN_POINT('',(-0.635,0.0,1.44));
#142=VECTOR('',#143,1.0);
#143=DIRECTION('',(0.499722453,0.0,0.866185586));
#144=ORIENTED_EDGE('',*,*,#145,.T.);
#145=EDGE_CURVE('3752',#138,#146,#148,.F.);
#146=VERTEX_POINT('',#147);
#147=CARTESIAN_POINT('',(-0.635,0.0,1.2));
#148=LINE('',#149,#150);
#149=CARTESIAN_POINT('',(-0.635,0.0,1.2));
#150=VECTOR('',#151,1.0);
#151=DIRECTION('',(0.0,0.0,1.0));
#152=ORIENTED_EDGE('',*,*,#153,.T.);
#153=EDGE_CURVE('3746',#146,#16,#154,.T.);
#154=LINE('',#155,#156);
#155=CARTESIAN_POINT('',(-0.635,0.0,1.2));
#156=VECTOR('',#157,1.0);
#157=DIRECTION('',(1.0,0.0,0.0));
#158=PLANE('',#159);
#159=AXIS2_PLACEMENT_3D('',#160,#161,#162);
#160=CARTESIAN_POINT('',(0.0,0.0,0.0));
#161=DIRECTION('',(0.0,1.0,0.0));
#162=DIRECTION('',(1.0,0.0,0.0));
#163=ADVANCED_FACE('3590',(#164),#189,.F.);
#164=FACE_BOUND('3590',#165,.T.);
#165=EDGE_LOOP('',(#166,#174,#182,#188));
#166=ORIENTED_EDGE('',*,*,#167,.T.);
#167=EDGE_CURVE('3748',#146,#168,#170,.T.);
#168=VERTEX_POINT('',#169);
#169=CARTESIAN_POINT('',(-0.635,0.1,1.2));
#170=LINE('',#171,#172);
#171=CARTESIAN_POINT('',(-0.635,0.0,1.2));
#172=VECTOR('',#173,1.0);
#173=DIRECTION('',(0.0,1.0,0.0));
#174=ORIENTED_EDGE('',*,*,#175,.T.);
#175=EDGE_CURVE('3753',#168,#176,#178,.T.);
#176=VERTEX_POINT('',#177);
#177=CARTESIAN_POINT('',(5.715,0.1,1.2));
#178=LINE('',#179,#180);
#179=CARTESIAN_POINT('',(-0.635,0.1,1.2));
#180=VECTOR('',#181,1.0);
#181=DIRECTION('',(1.0,0.0,0.0));
#182=ORIENTED_EDGE('',*,*,#183,.T.);
#183=EDGE_CURVE('3816',#176,#16,#184,.F.);
#184=LINE('',#185,#186);
#185=CARTESIAN_POINT('',(5.715,0.0,1.2));
#186=VECTOR('',#187,1.0);
#187=DIRECTION('',(0.0,1.0,0.0));
#188=ORIENTED_EDGE('',*,*,#153,.F.);
#189=PLANE('',#190);
#190=AXIS2_PLACEMENT_3D('',#191,#192,#193);
#191=CARTESIAN_POINT('',(-0.635,0.0,1.2));
#192=DIRECTION('',(0.0,0.0,1.0));
#193=DIRECTION('',(0.0,1.0,0.0));
#194=ADVANCED_FACE('3609',(#195),#245,.T.);
#195=FACE_BOUND('3609',#196,.T.);
#196=EDGE_LOOP('',(#197,#205,#213,#221,#229,#237,#243,#244));
#197=ORIENTED_EDGE('',*,*,#198,.T.);
#198=EDGE_CURVE('3817',#176,#199,#201,.T.);
#199=VERTEX_POINT('',#200);
#200=CARTESIAN_POINT('',(5.715,0.1,-1.2));
#201=LINE('',#202,#203);
#202=CARTESIAN_POINT('',(5.715,0.1,1.2));
#203=VECTOR('',#204,1.0);
#204=DIRECTION('',(0.0,0.0,-1.0));
#205=ORIENTED_EDGE('',*,*,#206,.T.);
#206=EDGE_CURVE('3818',#199,#207,#209,.F.);
#207=VERTEX_POINT('',#208);
#208=CARTESIAN_POINT('',(5.715,0.0,-1.2));
#209=LINE('',#210,#211);
#210=CARTESIAN_POINT('',(5.715,0.0,-1.2));
#211=VECTOR('',#212,1.0);
#212=DIRECTION('',(0.0,1.0,0.0));
#213=ORIENTED_EDGE('',*,*,#214,.T.);
#214=EDGE_CURVE('3820',#207,#215,#217,.T.);
#215=VERTEX_POINT('',#216);
#216=CARTESIAN_POINT('',(5.715,0.0,-1.44));
#217=LINE('',#218,#219);
#218=CARTESIAN_POINT('',(5.715,0.0,-1.2));
#219=VECTOR('',#220,1.0);
#220=DIRECTION('',(0.0,0.0,-1.0));
#221=ORIENTED_EDGE('',*,*,#222,.T.);
#222=EDGE_CURVE('3804',#215,#223,#225,.T.);
#223=VERTEX_POINT('',#224);
#224=CARTESIAN_POINT('',(5.715,2.5,-1.44));
#225=LINE('',#226,#227);
#226=CARTESIAN_POINT('',(5.715,0.0,-1.44));
#227=VECTOR('',#228,1.0);
#228=DIRECTION('',(0.0,1.0,0.0));
#229=ORIENTED_EDGE('',*,*,#230,.T.);
#230=EDGE_CURVE('3797',#223,#231,#233,.F.);
#231=VERTEX_POINT('',#232);
#232=CARTESIAN_POINT('',(5.715,2.5,1.44));
#233=LINE('',#234,#235);
#234=CARTESIAN_POINT('',(5.715,2.5,1.44));
#235=VECTOR('',#236,1.0);
#236=DIRECTION('',(0.0,0.0,-1.0));
#237=ORIENTED_EDGE('',*,*,#238,.T.);
#238=EDGE_CURVE('3803',#231,#18,#239,.F.);
#239=LINE('',#240,#241);
#240=CARTESIAN_POINT('',(5.715,0.0,1.44));
#241=VECTOR('',#242,1.0);
#242=DIRECTION('',(0.0,1.0,0.0));
#243=ORIENTED_EDGE('',*,*,#15,.F.);
#244=ORIENTED_EDGE('',*,*,#183,.F.);
#245=PLANE('',#246);
#246=AXIS2_PLACEMENT_3D('',#247,#248,#249);
#247=CARTESIAN_POINT('',(5.715,0.0,1.44));
#248=DIRECTION('',(1.0,0.0,0.0));
#249=DIRECTION('',(0.0,0.0,-1.0));
#250=ADVANCED_FACE('3608',(#251),#269,.T.);
#251=FACE_BOUND('3608',#252,.T.);
#252=EDGE_LOOP('',(#253,#254,#262,#268));
#253=ORIENTED_EDGE('',*,*,#238,.F.);
#254=ORIENTED_EDGE('',*,*,#255,.T.);
#255=EDGE_CURVE('3796',#231,#256,#258,.F.);
#256=VERTEX_POINT('',#257);
#257=CARTESIAN_POINT('',(5.565,2.5,1.7));
#258=LINE('',#259,#260);
#259=CARTESIAN_POINT('',(5.565,2.5,1.7));
#260=VECTOR('',#261,1.0);
#261=DIRECTION('',(0.499722453,0.0,-0.866185586));
#262=ORIENTED_EDGE('',*,*,#263,.T.);
#263=EDGE_CURVE('3802',#256,#26,#264,.F.);
#264=LINE('',#265,#266);
#265=CARTESIAN_POINT('',(5.565,0.0,1.7));
#266=VECTOR('',#267,1.0);
#267=DIRECTION('',(0.0,1.0,0.0));
#268=ORIENTED_EDGE('',*,*,#25,.F.);
#269=PLANE('',#270);
#270=AXIS2_PLACEMENT_3D('',#271,#272,#273);
#271=CARTESIAN_POINT('',(5.565,0.0,1.7));
#272=DIRECTION('',(0.866185586,0.0,0.499722453));
#273=DIRECTION('',(0.499722453,0.0,-0.866185586));
#274=ADVANCED_FACE('3607',(#275),#293,.T.);
#275=FACE_BOUND('3607',#276,.T.);
#276=EDGE_LOOP('',(#277,#278,#286,#292));
#277=ORIENTED_EDGE('',*,*,#263,.F.);
#278=ORIENTED_EDGE('',*,*,#279,.T.);
#279=EDGE_CURVE('3795',#256,#280,#282,.F.);
#280=VERTEX_POINT('',#281);
#281=CARTESIAN_POINT('',(4.595,2.5,1.7));
#282=LINE('',#283,#284);
#283=CARTESIAN_POINT('',(4.595,2.5,1.7));
#284=VECTOR('',#285,1.0);
#285=DIRECTION('',(1.0,0.0,0.0));
#286=ORIENTED_EDGE('',*,*,#287,.T.);
#287=EDGE_CURVE('3801',#280,#34,#288,.F.);
#288=LINE('',#289,#290);
#289=CARTESIAN_POINT('',(4.595,0.0,1.7));
#290=VECTOR('',#291,1.0);
#291=DIRECTION('',(0.0,1.0,0.0));
#292=ORIENTED_EDGE('',*,*,#33,.F.);
#293=PLANE('',#294);
#294=AXIS2_PLACEMENT_3D('',#295,#296,#297);
#295=CARTESIAN_POINT('',(4.595,0.0,1.7));
#296=DIRECTION('',(0.0,0.0,1.0));
#297=DIRECTION('',(1.0,0.0,0.0));
#298=ADVANCED_FACE('3606',(#299),#317,.T.);
#299=FACE_BOUND('3606',#300,.T.);
#300=EDGE_LOOP('',(#301,#302,#303,#311));
#301=ORIENTED_EDGE('',*,*,#41,.F.);
#302=ORIENTED_EDGE('',*,*,#287,.F.);
#303=ORIENTED_EDGE('',*,*,#304,.T.);
#304=EDGE_CURVE('3815',#280,#305,#307,.F.);
#305=VERTEX_POINT('',#306);
#306=CARTESIAN_POINT('',(4.445,2.5,1.44));
#307=LINE('',#308,#309);
#308=CARTESIAN_POINT('',(4.445,2.5,1.44));
#309=VECTOR('',#310,1.0);
#310=DIRECTION('',(0.499722453,0.0,0.866185586));
#311=ORIENTED_EDGE('',*,*,#312,.T.);
#312=EDGE_CURVE('3806',#305,#42,#313,.F.);
#313=LINE('',#314,#315);
#314=CARTESIAN_POINT('',(4.445,0.0,1.44));
#315=VECTOR('',#316,1.0);
#316=DIRECTION('',(0.0,1.0,0.0));
#317=PLANE('',#318);
#318=AXIS2_PLACEMENT_3D('',#319,#320,#321);
#319=CARTESIAN_POINT('',(4.445,0.0,1.44));
#320=DIRECTION('',(-0.866185586,0.0,0.499722453));
#321=DIRECTION('',(0.499722453,0.0,0.866185586));
#322=ADVANCED_FACE('3602',(#323),#341,.T.);
#323=FACE_BOUND('3602',#324,.T.);
#324=EDGE_LOOP('',(#325,#333,#339,#340));
#325=ORIENTED_EDGE('',*,*,#326,.T.);
#326=EDGE_CURVE('3810',#305,#327,#329,.F.);
#327=VERTEX_POINT('',#328);
#328=CARTESIAN_POINT('',(4.295,2.5,1.7));
#329=LINE('',#330,#331);
#330=CARTESIAN_POINT('',(4.295,2.5,1.7));
#331=VECTOR('',#332,1.0);
#332=DIRECTION('',(0.499722453,0.0,-0.866185586));
#333=ORIENTED_EDGE('',*,*,#334,.T.);
#334=EDGE_CURVE('3779',#327,#50,#335,.F.);
#335=LINE('',#336,#337);
#336=CARTESIAN_POINT('',(4.295,0.0,1.7));
#337=VECTOR('',#338,1.0);
#338=DIRECTION('',(0.0,1.0,0.0));
#339=ORIENTED_EDGE('',*,*,#49,.F.);
#340=ORIENTED_EDGE('',*,*,#312,.F.);
#341=PLANE('',#342);
#342=AXIS2_PLACEMENT_3D('',#343,#344,#345);
#343=CARTESIAN_POINT('',(4.295,0.0,1.7));
#344=DIRECTION('',(0.866185586,0.0,0.499722453));
#345=DIRECTION('',(0.499722453,0.0,-0.866185586));
#346=ADVANCED_FACE('3601',(#347),#365,.T.);
#347=FACE_BOUND('3601',#348,.T.);
#348=EDGE_LOOP('',(#349,#350,#358,#364));
#349=ORIENTED_EDGE('',*,*,#334,.F.);
#350=ORIENTED_EDGE('',*,*,#351,.T.);
#351=EDGE_CURVE('3775',#327,#352,#354,.F.);
#352=VERTEX_POINT('',#353);
#353=CARTESIAN_POINT('',(3.325,2.5,1.7));
#354=LINE('',#355,#356);
#355=CARTESIAN_POINT('',(3.325,2.5,1.7));
#356=VECTOR('',#357,1.0);
#357=DIRECTION('',(1.0,0.0,0.0));
#358=ORIENTED_EDGE('',*,*,#359,.T.);
#359=EDGE_CURVE('3778',#352,#58,#360,.F.);
#360=LINE('',#361,#362);
#361=CARTESIAN_POINT('',(3.325,0.0,1.7));
#362=VECTOR('',#363,1.0);
#363=DIRECTION('',(0.0,1.0,0.0));
#364=ORIENTED_EDGE('',*,*,#57,.F.);
#365=PLANE('',#366);
#366=AXIS2_PLACEMENT_3D('',#367,#368,#369);
#367=CARTESIAN_POINT('',(3.325,0.0,1.7));
#368=DIRECTION('',(0.0,0.0,1.0));
#369=DIRECTION('',(1.0,0.0,0.0));
#370=ADVANCED_FACE('3600',(#371),#389,.T.);
#371=FACE_BOUND('3600',#372,.T.);
#372=EDGE_LOOP('',(#373,#374,#375,#383));
#373=ORIENTED_EDGE('',*,*,#65,.F.);
#374=ORIENTED_EDGE('',*,*,#359,.F.);
#375=ORIENTED_EDGE('',*,*,#376,.T.);
#376=EDGE_CURVE('3790',#352,#377,#379,.F.);
#377=VERTEX_POINT('',#378);
#378=CARTESIAN_POINT('',(3.175,2.5,1.44));
#379=LINE('',#380,#381);
#380=CARTESIAN_POINT('',(3.175,2.5,1.44));
#381=VECTOR('',#382,1.0);
#382=DIRECTION('',(0.499722453,0.0,0.866185586));
#383=ORIENTED_EDGE('',*,*,#384,.T.);
#384=EDGE_CURVE('3781',#377,#66,#385,.F.);
#385=LINE('',#386,#387);
#386=CARTESIAN_POINT('',(3.175,0.0,1.44));
#387=VECTOR('',#388,1.0);
#388=DIRECTION('',(0.0,1.0,0.0));
#389=PLANE('',#390);
#390=AXIS2_PLACEMENT_3D('',#391,#392,#393);
#391=CARTESIAN_POINT('',(3.175,0.0,1.44));
#392=DIRECTION('',(-0.866185586,0.0,0.499722453));
#393=DIRECTION('',(0.499722453,0.0,0.866185586));
#394=ADVANCED_FACE('3596',(#395),#413,.T.);
#395=FACE_BOUND('3596',#396,.T.);
#396=EDGE_LOOP('',(#397,#405,#411,#412));
#397=ORIENTED_EDGE('',*,*,#398,.T.);
#398=EDGE_CURVE('3785',#377,#399,#401,.F.);
#399=VERTEX_POINT('',#400);
#400=CARTESIAN_POINT('',(3.025,2.5,1.7));
#401=LINE('',#402,#403);
#402=CARTESIAN_POINT('',(3.025,2.5,1.7));
#403=VECTOR('',#404,1.0);
#404=DIRECTION('',(0.499722453,0.0,-0.866185586));
#405=ORIENTED_EDGE('',*,*,#406,.T.);
#406=EDGE_CURVE('3761',#399,#74,#407,.F.);
#407=LINE('',#408,#409);
#408=CARTESIAN_POINT('',(3.025,0.0,1.7));
#409=VECTOR('',#410,1.0);
#410=DIRECTION('',(0.0,1.0,0.0));
#411=ORIENTED_EDGE('',*,*,#73,.F.);
#412=ORIENTED_EDGE('',*,*,#384,.F.);
#413=PLANE('',#414);
#414=AXIS2_PLACEMENT_3D('',#415,#416,#417);
#415=CARTESIAN_POINT('',(3.025,0.0,1.7));
#416=DIRECTION('',(0.866185586,0.0,0.499722453));
#417=DIRECTION('',(0.499722453,0.0,-0.866185586));
#418=ADVANCED_FACE('3595',(#419),#437,.T.);
#419=FACE_BOUND('3595',#420,.T.);
#420=EDGE_LOOP('',(#421,#422,#430,#436));
#421=ORIENTED_EDGE('',*,*,#406,.F.);
#422=ORIENTED_EDGE('',*,*,#423,.T.);
#423=EDGE_CURVE('3757',#399,#424,#426,.F.);
#424=VERTEX_POINT('',#425);
#425=CARTESIAN_POINT('',(2.055,2.5,1.7));
#426=LINE('',#427,#428);
#427=CARTESIAN_POINT('',(2.055,2.5,1.7));
#428=VECTOR('',#429,1.0);
#429=DIRECTION('',(1.0,0.0,0.0));
#430=ORIENTED_EDGE('',*,*,#431,.T.);
#431=EDGE_CURVE('3760',#424,#82,#432,.F.);
#432=LINE('',#433,#434);
#433=CARTESIAN_POINT('',(2.055,0.0,1.7));
#434=VECTOR('',#435,1.0);
#435=DIRECTION('',(0.0,1.0,0.0));
#436=ORIENTED_EDGE('',*,*,#81,.F.);
#437=PLANE('',#438);
#438=AXIS2_PLACEMENT_3D('',#439,#440,#441);
#439=CARTESIAN_POINT('',(2.055,0.0,1.7));
#440=DIRECTION('',(0.0,0.0,1.0));
#441=DIRECTION('',(1.0,0.0,0.0));
#442=ADVANCED_FACE('3594',(#443),#461,.T.);
#443=FACE_BOUND('3594',#444,.T.);
#444=EDGE_LOOP('',(#445,#446,#447,#455));
#445=ORIENTED_EDGE('',*,*,#89,.F.);
#446=ORIENTED_EDGE('',*,*,#431,.F.);
#447=ORIENTED_EDGE('',*,*,#448,.T.);
#448=EDGE_CURVE('3772',#424,#449,#451,.F.);
#449=VERTEX_POINT('',#450);
#450=CARTESIAN_POINT('',(1.905,2.5,1.44));
#451=LINE('',#452,#453);
#452=CARTESIAN_POINT('',(1.905,2.5,1.44));
#453=VECTOR('',#454,1.0);
#454=DIRECTION('',(0.499722453,0.0,0.866185586));
#455=ORIENTED_EDGE('',*,*,#456,.T.);
#456=EDGE_CURVE('3763',#449,#90,#457,.F.);
#457=LINE('',#458,#459);
#458=CARTESIAN_POINT('',(1.905,0.0,1.44));
#459=VECTOR('',#460,1.0);
#460=DIRECTION('',(0.0,1.0,0.0));
#461=PLANE('',#462);
#462=AXIS2_PLACEMENT_3D('',#463,#464,#465);
#463=CARTESIAN_POINT('',(1.905,0.0,1.44));
#464=DIRECTION('',(-0.866185586,0.0,0.499722453));
#465=DIRECTION('',(0.499722453,0.0,0.866185586));
#466=ADVANCED_FACE('3587',(#467),#485,.T.);
#467=FACE_BOUND('3587',#468,.T.);
#468=EDGE_LOOP('',(#469,#477,#483,#484));
#469=ORIENTED_EDGE('',*,*,#470,.T.);
#470=EDGE_CURVE('3767',#449,#471,#473,.F.);
#471=VERTEX_POINT('',#472);
#472=CARTESIAN_POINT('',(1.755,2.5,1.7));
#473=LINE('',#474,#475);
#474=CARTESIAN_POINT('',(1.755,2.5,1.7));
#475=VECTOR('',#476,1.0);
#476=DIRECTION('',(0.499722453,0.0,-0.866185586));
#477=ORIENTED_EDGE('',*,*,#478,.T.);
#478=EDGE_CURVE('3734',#471,#98,#479,.F.);
#479=LINE('',#480,#481);
#480=CARTESIAN_POINT('',(1.755,0.0,1.7));
#481=VECTOR('',#482,1.0);
#482=DIRECTION('',(0.0,1.0,0.0));
#483=ORIENTED_EDGE('',*,*,#97,.F.);
#484=ORIENTED_EDGE('',*,*,#456,.F.);
#485=PLANE('',#486);
#486=AXIS2_PLACEMENT_3D('',#487,#488,#489);
#487=CARTESIAN_POINT('',(1.755,0.0,1.7));
#488=DIRECTION('',(0.866185586,0.0,0.499722453));
#489=DIRECTION('',(0.499722453,0.0,-0.866185586));
#490=ADVANCED_FACE('3586',(#491),#509,.T.);
#491=FACE_BOUND('3586',#492,.T.);
#492=EDGE_LOOP('',(#493,#494,#502,#508));
#493=ORIENTED_EDGE('',*,*,#478,.F.);
#494=ORIENTED_EDGE('',*,*,#495,.T.);
#495=EDGE_CURVE('3730',#471,#496,#498,.F.);
#496=VERTEX_POINT('',#497);
#497=CARTESIAN_POINT('',(0.785,2.5,1.7));
#498=LINE('',#499,#500);
#499=CARTESIAN_POINT('',(0.785,2.5,1.7));
#500=VECTOR('',#501,1.0);
#501=DIRECTION('',(1.0,0.0,0.0));
#502=ORIENTED_EDGE('',*,*,#503,.T.);
#503=EDGE_CURVE('3733',#496,#106,#504,.F.);
#504=LINE('',#505,#506);
#505=CARTESIAN_POINT('',(0.785,0.0,1.7));
#506=VECTOR('',#507,1.0);
#507=DIRECTION('',(0.0,1.0,0.0));
#508=ORIENTED_EDGE('',*,*,#105,.F.);
#509=PLANE('',#510);
#510=AXIS2_PLACEMENT_3D('',#511,#512,#513);
#511=CARTESIAN_POINT('',(0.785,0.0,1.7));
#512=DIRECTION('',(0.0,0.0,1.0));
#513=DIRECTION('',(1.0,0.0,0.0));
#514=ADVANCED_FACE('3585',(#515),#533,.T.);
#515=FACE_BOUND('3585',#516,.T.);
#516=EDGE_LOOP('',(#517,#518,#519,#527));
#517=ORIENTED_EDGE('',*,*,#113,.F.);
#518=ORIENTED_EDGE('',*,*,#503,.F.);
#519=ORIENTED_EDGE('',*,*,#520,.T.);
#520=EDGE_CURVE('3745',#496,#521,#523,.F.);
#521=VERTEX_POINT('',#522);
#522=CARTESIAN_POINT('',(0.635,2.5,1.44));
#523=LINE('',#524,#525);
#524=CARTESIAN_POINT('',(0.635,2.5,1.44));
#525=VECTOR('',#526,1.0);
#526=DIRECTION('',(0.499722453,0.0,0.866185586));
#527=ORIENTED_EDGE('',*,*,#528,.T.);
#528=EDGE_CURVE('3736',#521,#114,#529,.F.);
#529=LINE('',#530,#531);
#530=CARTESIAN_POINT('',(0.635,0.0,1.44));
#531=VECTOR('',#532,1.0);
#532=DIRECTION('',(0.0,1.0,0.0));
#533=PLANE('',#534);
#534=AXIS2_PLACEMENT_3D('',#535,#536,#537);
#535=CARTESIAN_POINT('',(0.635,0.0,1.44));
#536=DIRECTION('',(-0.866185586,0.0,0.499722453));
#537=DIRECTION('',(0.499722453,0.0,0.866185586));
#538=ADVANCED_FACE('3581',(#539),#557,.T.);
#539=FACE_BOUND('3581',#540,.T.);
#540=EDGE_LOOP('',(#541,#549,#555,#556));
#541=ORIENTED_EDGE('',*,*,#542,.T.);
#542=EDGE_CURVE('3740',#521,#543,#545,.F.);
#543=VERTEX_POINT('',#544);
#544=CARTESIAN_POINT('',(0.485,2.5,1.7));
#545=LINE('',#546,#547);
#546=CARTESIAN_POINT('',(0.485,2.5,1.7));
#547=VECTOR('',#548,1.0);
#548=DIRECTION('',(0.499722453,0.0,-0.866185586));
#549=ORIENTED_EDGE('',*,*,#550,.T.);
#550=EDGE_CURVE('3726',#543,#122,#551,.F.);
#551=LINE('',#552,#553);
#552=CARTESIAN_POINT('',(0.485,0.0,1.7));
#553=VECTOR('',#554,1.0);
#554=DIRECTION('',(0.0,1.0,0.0));
#555=ORIENTED_EDGE('',*,*,#121,.F.);
#556=ORIENTED_EDGE('',*,*,#528,.F.);
#557=PLANE('',#558);
#558=AXIS2_PLACEMENT_3D('',#559,#560,#561);
#559=CARTESIAN_POINT('',(0.485,0.0,1.7));
#560=DIRECTION('',(0.866185586,0.0,0.499722453));
#561=DIRECTION('',(0.499722453,0.0,-0.866185586));
#562=ADVANCED_FACE('3580',(#563),#581,.T.);
#563=FACE_BOUND('3580',#564,.T.);
#564=EDGE_LOOP('',(#565,#566,#574,#580));
#565=ORIENTED_EDGE('',*,*,#550,.F.);
#566=ORIENTED_EDGE('',*,*,#567,.T.);
#567=EDGE_CURVE('3720',#543,#568,#570,.F.);
#568=VERTEX_POINT('',#569);
#569=CARTESIAN_POINT('',(-0.485,2.5,1.7));
#570=LINE('',#571,#572);
#571=CARTESIAN_POINT('',(-0.485,2.5,1.7));
#572=VECTOR('',#573,1.0);
#573=DIRECTION('',(1.0,0.0,0.0));
#574=ORIENTED_EDGE('',*,*,#575,.T.);
#575=EDGE_CURVE('3725',#568,#130,#576,.F.);
#576=LINE('',#577,#578);
#577=CARTESIAN_POINT('',(-0.485,0.0,1.7));
#578=VECTOR('',#579,1.0);
#579=DIRECTION('',(0.0,1.0,0.0));
#580=ORIENTED_EDGE('',*,*,#129,.F.);
#581=PLANE('',#582);
#582=AXIS2_PLACEMENT_3D('',#583,#584,#585);
#583=CARTESIAN_POINT('',(-0.485,0.0,1.7));
#584=DIRECTION('',(0.0,0.0,1.0));
#585=DIRECTION('',(1.0,0.0,0.0));
#586=ADVANCED_FACE('3579',(#587),#605,.T.);
#587=FACE_BOUND('3579',#588,.T.);
#588=EDGE_LOOP('',(#589,#590,#598,#604));
#589=ORIENTED_EDGE('',*,*,#575,.F.);
#590=ORIENTED_EDGE('',*,*,#591,.T.);
#591=EDGE_CURVE('3719',#568,#592,#594,.F.);
#592=VERTEX_POINT('',#593);
#593=CARTESIAN_POINT('',(-0.635,2.5,1.44));
#594=LINE('',#595,#596);
#595=CARTESIAN_POINT('',(-0.635,2.5,1.44));
#596=VECTOR('',#597,1.0);
#597=DIRECTION('',(0.499722453,0.0,0.866185586));
#598=ORIENTED_EDGE('',*,*,#599,.T.);
#599=EDGE_CURVE('3724',#592,#138,#600,.F.);
#600=LINE('',#601,#602);
#601=CARTESIAN_POINT('',(-0.635,0.0,1.44));
#602=VECTOR('',#603,1.0);
#603=DIRECTION('',(0.0,1.0,0.0));
#604=ORIENTED_EDGE('',*,*,#137,.F.);
#605=PLANE('',#606);
#606=AXIS2_PLACEMENT_3D('',#607,#608,#609);
#607=CARTESIAN_POINT('',(-0.635,0.0,1.44));
#608=DIRECTION('',(-0.866185586,0.0,0.499722453));
#609=DIRECTION('',(0.499722453,0.0,0.866185586));
#610=ADVANCED_FACE('3578',(#611),#654,.T.);
#611=FACE_BOUND('3578',#612,.T.);
#612=EDGE_LOOP('',(#613,#614,#615,#623,#631,#639,#647,#653));
#613=ORIENTED_EDGE('',*,*,#145,.F.);
#614=ORIENTED_EDGE('',*,*,#599,.F.);
#615=ORIENTED_EDGE('',*,*,#616,.T.);
#616=EDGE_CURVE('3718',#592,#617,#619,.F.);
#617=VERTEX_POINT('',#618);
#618=CARTESIAN_POINT('',(-0.635,2.5,-1.44));
#619=LINE('',#620,#621);
#620=CARTESIAN_POINT('',(-0.635,2.5,-1.44));
#621=VECTOR('',#622,1.0);
#622=DIRECTION('',(0.0,0.0,1.0));
#623=ORIENTED_EDGE('',*,*,#624,.T.);
#624=EDGE_CURVE('3723',#617,#625,#627,.F.);
#625=VERTEX_POINT('',#626);
#626=CARTESIAN_POINT('',(-0.635,0.0,-1.44));
#627=LINE('',#628,#629);
#628=CARTESIAN_POINT('',(-0.635,0.0,-1.44));
#629=VECTOR('',#630,1.0);
#630=DIRECTION('',(0.0,1.0,0.0));
#631=ORIENTED_EDGE('',*,*,#632,.T.);
#632=EDGE_CURVE('3751',#625,#633,#635,.T.);
#633=VERTEX_POINT('',#634);
#634=CARTESIAN_POINT('',(-0.635,0.0,-1.2));
#635=LINE('',#636,#637);
#636=CARTESIAN_POINT('',(-0.635,0.0,-1.44));
#637=VECTOR('',#638,1.0);
#638=DIRECTION('',(0.0,0.0,1.0));
#639=ORIENTED_EDGE('',*,*,#640,.T.);
#640=EDGE_CURVE('3750',#633,#641,#643,.T.);
#641=VERTEX_POINT('',#642);
#642=CARTESIAN_POINT('',(-0.635,0.1,-1.2));
#643=LINE('',#644,#645);
#644=CARTESIAN_POINT('',(-0.635,0.0,-1.2));
#645=VECTOR('',#646,1.0);
#646=DIRECTION('',(0.0,1.0,0.0));
#647=ORIENTED_EDGE('',*,*,#648,.T.);
#648=EDGE_CURVE('3749',#641,#168,#649,.F.);
#649=LINE('',#650,#651);
#650=CARTESIAN_POINT('',(-0.635,0.1,1.2));
#651=VECTOR('',#652,1.0);
#652=DIRECTION('',(0.0,0.0,-1.0));
#653=ORIENTED_EDGE('',*,*,#167,.F.);
#654=PLANE('',#655);
#655=AXIS2_PLACEMENT_3D('',#656,#657,#658);
#656=CARTESIAN_POINT('',(-0.635,0.0,-1.44));
#657=DIRECTION('',(-1.0,0.0,0.0));
#658=DIRECTION('',(0.0,0.0,1.0));
#659=ADVANCED_FACE('3591',(#660,#671,#705,#739,#773,#807,#841,#875,#909,#943,#977),#1011,.F.);
#660=FACE_BOUND('3591',#661,.T.);
#661=EDGE_LOOP('',(#662,#668,#669,#670));
#662=ORIENTED_EDGE('',*,*,#663,.T.);
#663=EDGE_CURVE('3754',#641,#199,#664,.T.);
#664=LINE('',#665,#666);
#665=CARTESIAN_POINT('',(-0.635,0.1,-1.2));
#666=VECTOR('',#667,1.0);
#667=DIRECTION('',(1.0,0.0,0.0));
#668=ORIENTED_EDGE('',*,*,#198,.F.);
#669=ORIENTED_EDGE('',*,*,#175,.F.);
#670=ORIENTED_EDGE('',*,*,#648,.F.);
#671=FACE_BOUND('3591',#672,.T.);
#672=EDGE_LOOP('',(#673,#683,#691,#699));
#673=ORIENTED_EDGE('',*,*,#674,.T.);
#674=EDGE_CURVE('3846',#675,#677,#679,.T.);
#675=VERTEX_POINT('',#676);
#676=CARTESIAN_POINT('',(-0.2,0.1,-0.435));
#677=VERTEX_POINT('',#678);
#678=CARTESIAN_POINT('',(0.2,0.1,-0.435));
#679=LINE('',#680,#681);
#680=CARTESIAN_POINT('',(-0.2,0.1,-0.435));
#681=VECTOR('',#682,1.0);
#682=DIRECTION('',(1.0,0.0,0.0));
#683=ORIENTED_EDGE('',*,*,#684,.T.);
#684=EDGE_CURVE('3847',#677,#685,#687,.T.);
#685=VERTEX_POINT('',#686);
#686=CARTESIAN_POINT('',(0.2,0.1,-0.835));
#687=LINE('',#688,#689);
#688=CARTESIAN_POINT('',(0.2,0.1,-0.435));
#689=VECTOR('',#690,1.0);
#690=DIRECTION('',(0.0,0.0,-1.0));
#691=ORIENTED_EDGE('',*,*,#692,.T.);
#692=EDGE_CURVE('3848',#685,#693,#695,.T.);
#693=VERTEX_POINT('',#694);
#694=CARTESIAN_POINT('',(-0.2,0.1,-0.835));
#695=LINE('',#696,#697);
#696=CARTESIAN_POINT('',(0.2,0.1,-0.835));
#697=VECTOR('',#698,1.0);
#698=DIRECTION('',(-1.0,0.0,0.0));
#699=ORIENTED_EDGE('',*,*,#700,.T.);
#700=EDGE_CURVE('3845',#693,#675,#701,.T.);
#701=LINE('',#702,#703);
#702=CARTESIAN_POINT('',(-0.2,0.1,-0.835));
#703=VECTOR('',#704,1.0);
#704=DIRECTION('',(0.0,0.0,1.0));
#705=FACE_BOUND('3591',#706,.T.);
#706=EDGE_LOOP('',(#707,#717,#725,#733));
#707=ORIENTED_EDGE('',*,*,#708,.T.);
#708=EDGE_CURVE('3850',#709,#711,#713,.T.);
#709=VERTEX_POINT('',#710);
#710=CARTESIAN_POINT('',(0.2,0.1,0.835));
#711=VERTEX_POINT('',#712);
#712=CARTESIAN_POINT('',(0.2,0.1,0.435));
#713=LINE('',#714,#715);
#714=CARTESIAN_POINT('',(0.2,0.1,0.835));
#715=VECTOR('',#716,1.0);
#716=DIRECTION('',(0.0,0.0,-1.0));
#717=ORIENTED_EDGE('',*,*,#718,.T.);
#718=EDGE_CURVE('3851',#711,#719,#721,.T.);
#719=VERTEX_POINT('',#720);
#720=CARTESIAN_POINT('',(-0.2,0.1,0.435));
#721=LINE('',#722,#723);
#722=CARTESIAN_POINT('',(0.2,0.1,0.435));
#723=VECTOR('',#724,1.0);
#724=DIRECTION('',(-1.0,0.0,0.0));
#725=ORIENTED_EDGE('',*,*,#726,.T.);
#726=EDGE_CURVE('3852',#719,#727,#729,.T.);
#727=VERTEX_POINT('',#728);
#728=CARTESIAN_POINT('',(-0.2,0.1,0.835));
#729=LINE('',#730,#731);
#730=CARTESIAN_POINT('',(-0.2,0.1,0.435));
#731=VECTOR('',#732,1.0);
#732=DIRECTION('',(0.0,0.0,1.0));
#733=ORIENTED_EDGE('',*,*,#734,.T.);
#734=EDGE_CURVE('3849',#727,#709,#735,.T.);
#735=LINE('',#736,#737);
#736=CARTESIAN_POINT('',(-0.2,0.1,0.835));
#737=VECTOR('',#738,1.0);
#738=DIRECTION('',(1.0,0.0,0.0));
#739=FACE_BOUND('3591',#740,.T.);
#740=EDGE_LOOP('',(#741,#751,#759,#767));
#741=ORIENTED_EDGE('',*,*,#742,.T.);
#742=EDGE_CURVE('3894',#743,#745,#747,.T.);
#743=VERTEX_POINT('',#744);
#744=CARTESIAN_POINT('',(1.07,0.1,-0.435));
#745=VERTEX_POINT('',#746);
#746=CARTESIAN_POINT('',(1.47,0.1,-0.435));
#747=LINE('',#748,#749);
#748=CARTESIAN_POINT('',(1.07,0.1,-0.435));
#749=VECTOR('',#750,1.0);
#750=DIRECTION('',(1.0,0.0,0.0));
#751=ORIENTED_EDGE('',*,*,#752,.T.);
#752=EDGE_CURVE('3895',#745,#753,#755,.T.);
#753=VERTEX_POINT('',#754);
#754=CARTESIAN_POINT('',(1.47,0.1,-0.835));
#755=LINE('',#756,#757);
#756=CARTESIAN_POINT('',(1.47,0.1,-0.435));
#757=VECTOR('',#758,1.0);
#758=DIRECTION('',(0.0,0.0,-1.0));
#759=ORIENTED_EDGE('',*,*,#760,.T.);
#760=EDGE_CURVE('3896',#753,#761,#763,.T.);
#761=VERTEX_POINT('',#762);
#762=CARTESIAN_POINT('',(1.07,0.1,-0.835));
#763=LINE('',#764,#765);
#764=CARTESIAN_POINT('',(1.47,0.1,-0.835));
#765=VECTOR('',#766,1.0);
#766=DIRECTION('',(-1.0,0.0,0.0));
#767=ORIENTED_EDGE('',*,*,#768,.T.);
#768=EDGE_CURVE('3893',#761,#743,#769,.T.);
#769=LINE('',#770,#771);
#770=CARTESIAN_POINT('',(1.07,0.1,-0.835));
#771=VECTOR('',#772,1.0);
#772=DIRECTION('',(0.0,0.0,1.0));
#773=FACE_BOUND('3591',#774,.T.);
#774=EDGE_LOOP('',(#775,#785,#793,#801));
#775=ORIENTED_EDGE('',*,*,#776,.T.);
#776=EDGE_CURVE('3898',#777,#779,#781,.T.);
#777=VERTEX_POINT('',#778);
#778=CARTESIAN_POINT('',(1.47,0.1,0.835));
#779=VERTEX_POINT('',#780);
#780=CARTESIAN_POINT('',(1.47,0.1,0.435));
#781=LINE('',#782,#783);
#782=CARTESIAN_POINT('',(1.47,0.1,0.835));
#783=VECTOR('',#784,1.0);
#784=DIRECTION('',(0.0,0.0,-1.0));
#785=ORIENTED_EDGE('',*,*,#786,.T.);
#786=EDGE_CURVE('3899',#779,#787,#789,.T.);
#787=VERTEX_POINT('',#788);
#788=CARTESIAN_POINT('',(1.07,0.1,0.435));
#789=LINE('',#790,#791);
#790=CARTESIAN_POINT('',(1.47,0.1,0.435));
#791=VECTOR('',#792,1.0);
#792=DIRECTION('',(-1.0,0.0,0.0));
#793=ORIENTED_EDGE('',*,*,#794,.T.);
#794=EDGE_CURVE('3900',#787,#795,#797,.T.);
#795=VERTEX_POINT('',#796);
#796=CARTESIAN_POINT('',(1.07,0.1,0.835));
#797=LINE('',#798,#799);
#798=CARTESIAN_POINT('',(1.07,0.1,0.435));
#799=VECTOR('',#800,1.0);
#800=DIRECTION('',(0.0,0.0,1.0));
#801=ORIENTED_EDGE('',*,*,#802,.T.);
#802=EDGE_CURVE('3897',#795,#777,#803,.T.);
#803=LINE('',#804,#805);
#804=CARTESIAN_POINT('',(1.07,0.1,0.835));
#805=VECTOR('',#806,1.0);
#806=DIRECTION('',(1.0,0.0,0.0));
#807=FACE_BOUND('3591',#808,.T.);
#808=EDGE_LOOP('',(#809,#819,#827,#835));
#809=ORIENTED_EDGE('',*,*,#810,.T.);
#810=EDGE_CURVE('3942',#811,#813,#815,.T.);
#811=VERTEX_POINT('',#812);
#812=CARTESIAN_POINT('',(2.34,0.1,-0.435));
#813=VERTEX_POINT('',#814);
#814=CARTESIAN_POINT('',(2.74,0.1,-0.435));
#815=LINE('',#816,#817);
#816=CARTESIAN_POINT('',(2.34,0.1,-0.435));
#817=VECTOR('',#818,1.0);
#818=DIRECTION('',(1.0,0.0,0.0));
#819=ORIENTED_EDGE('',*,*,#820,.T.);
#820=EDGE_CURVE('3943',#813,#821,#823,.T.);
#821=VERTEX_POINT('',#822);
#822=CARTESIAN_POINT('',(2.74,0.1,-0.835));
#823=LINE('',#824,#825);
#824=CARTESIAN_POINT('',(2.74,0.1,-0.435));
#825=VECTOR('',#826,1.0);
#826=DIRECTION('',(0.0,0.0,-1.0));
#827=ORIENTED_EDGE('',*,*,#828,.T.);
#828=EDGE_CURVE('3944',#821,#829,#831,.T.);
#829=VERTEX_POINT('',#830);
#830=CARTESIAN_POINT('',(2.34,0.1,-0.835));
#831=LINE('',#832,#833);
#832=CARTESIAN_POINT('',(2.74,0.1,-0.835));
#833=VECTOR('',#834,1.0);
#834=DIRECTION('',(-1.0,0.0,0.0));
#835=ORIENTED_EDGE('',*,*,#836,.T.);
#836=EDGE_CURVE('3941',#829,#811,#837,.T.);
#837=LINE('',#838,#839);
#838=CARTESIAN_POINT('',(2.34,0.1,-0.835));
#839=VECTOR('',#840,1.0);
#840=DIRECTION('',(0.0,0.0,1.0));
#841=FACE_BOUND('3591',#842,.T.);
#842=EDGE_LOOP('',(#843,#853,#861,#869));
#843=ORIENTED_EDGE('',*,*,#844,.T.);
#844=EDGE_CURVE('3946',#845,#847,#849,.T.);
#845=VERTEX_POINT('',#846);
#846=CARTESIAN_POINT('',(2.74,0.1,0.835));
#847=VERTEX_POINT('',#848);
#848=CARTESIAN_POINT('',(2.74,0.1,0.435));
#849=LINE('',#850,#851);
#850=CARTESIAN_POINT('',(2.74,0.1,0.835));
#851=VECTOR('',#852,1.0);
#852=DIRECTION('',(0.0,0.0,-1.0));
#853=ORIENTED_EDGE('',*,*,#854,.T.);
#854=EDGE_CURVE('3947',#847,#855,#857,.T.);
#855=VERTEX_POINT('',#856);
#856=CARTESIAN_POINT('',(2.34,0.1,0.435));
#857=LINE('',#858,#859);
#858=CARTESIAN_POINT('',(2.74,0.1,0.435));
#859=VECTOR('',#860,1.0);
#860=DIRECTION('',(-1.0,0.0,0.0));
#861=ORIENTED_EDGE('',*,*,#862,.T.);
#862=EDGE_CURVE('3948',#855,#863,#865,.T.);
#863=VERTEX_POINT('',#864);
#864=CARTESIAN_POINT('',(2.34,0.1,0.835));
#865=LINE('',#866,#867);
#866=CARTESIAN_POINT('',(2.34,0.1,0.435));
#867=VECTOR('',#868,1.0);
#868=DIRECTION('',(0.0,0.0,1.0));
#869=ORIENTED_EDGE('',*,*,#870,.T.);
#870=EDGE_CURVE('3945',#863,#845,#871,.T.);
#871=LINE('',#872,#873);
#872=CARTESIAN_POINT('',(2.34,0.1,0.835));
#873=VECTOR('',#874,1.0);
#874=DIRECTION('',(1.0,0.0,0.0));
#875=FACE_BOUND('3591',#876,.T.);
#876=EDGE_LOOP('',(#877,#887,#895,#903));
#877=ORIENTED_EDGE('',*,*,#878,.T.);
#878=EDGE_CURVE('3990',#879,#881,#883,.T.);
#879=VERTEX_POINT('',#880);
#880=CARTESIAN_POINT('',(3.61,0.1,-0.435));
#881=VERTEX_POINT('',#882);
#882=CARTESIAN_POINT('',(4.01,0.1,-0.435));
#883=LINE('',#884,#885);
#884=CARTESIAN_POINT('',(3.61,0.1,-0.435));
#885=VECTOR('',#886,1.0);
#886=DIRECTION('',(1.0,0.0,0.0));
#887=ORIENTED_EDGE('',*,*,#888,.T.);
#888=EDGE_CURVE('3991',#881,#889,#891,.T.);
#889=VERTEX_POINT('',#890);
#890=CARTESIAN_POINT('',(4.01,0.1,-0.835));
#891=LINE('',#892,#893);
#892=CARTESIAN_POINT('',(4.01,0.1,-0.435));
#893=VECTOR('',#894,1.0);
#894=DIRECTION('',(0.0,0.0,-1.0));
#895=ORIENTED_EDGE('',*,*,#896,.T.);
#896=EDGE_CURVE('3992',#889,#897,#899,.T.);
#897=VERTEX_POINT('',#898);
#898=CARTESIAN_POINT('',(3.61,0.1,-0.835));
#899=LINE('',#900,#901);
#900=CARTESIAN_POINT('',(4.01,0.1,-0.835));
#901=VECTOR('',#902,1.0);
#902=DIRECTION('',(-1.0,0.0,0.0));
#903=ORIENTED_EDGE('',*,*,#904,.T.);
#904=EDGE_CURVE('3989',#897,#879,#905,.T.);
#905=LINE('',#906,#907);
#906=CARTESIAN_POINT('',(3.61,0.1,-0.835));
#907=VECTOR('',#908,1.0);
#908=DIRECTION('',(0.0,0.0,1.0));
#909=FACE_BOUND('3591',#910,.T.);
#910=EDGE_LOOP('',(#911,#921,#929,#937));
#911=ORIENTED_EDGE('',*,*,#912,.T.);
#912=EDGE_CURVE('3994',#913,#915,#917,.T.);
#913=VERTEX_POINT('',#914);
#914=CARTESIAN_POINT('',(4.01,0.1,0.835));
#915=VERTEX_POINT('',#916);
#916=CARTESIAN_POINT('',(4.01,0.1,0.435));
#917=LINE('',#918,#919);
#918=CARTESIAN_POINT('',(4.01,0.1,0.835));
#919=VECTOR('',#920,1.0);
#920=DIRECTION('',(0.0,0.0,-1.0));
#921=ORIENTED_EDGE('',*,*,#922,.T.);
#922=EDGE_CURVE('3995',#915,#923,#925,.T.);
#923=VERTEX_POINT('',#924);
#924=CARTESIAN_POINT('',(3.61,0.1,0.435));
#925=LINE('',#926,#927);
#926=CARTESIAN_POINT('',(4.01,0.1,0.435));
#927=VECTOR('',#928,1.0);
#928=DIRECTION('',(-1.0,0.0,0.0));
#929=ORIENTED_EDGE('',*,*,#930,.T.);
#930=EDGE_CURVE('3996',#923,#931,#933,.T.);
#931=VERTEX_POINT('',#932);
#932=CARTESIAN_POINT('',(3.61,0.1,0.835));
#933=LINE('',#934,#935);
#934=CARTESIAN_POINT('',(3.61,0.1,0.435));
#935=VECTOR('',#936,1.0);
#936=DIRECTION('',(0.0,0.0,1.0));
#937=ORIENTED_EDGE('',*,*,#938,.T.);
#938=EDGE_CURVE('3993',#931,#913,#939,.T.);
#939=LINE('',#940,#941);
#940=CARTESIAN_POINT('',(3.61,0.1,0.835));
#941=VECTOR('',#942,1.0);
#942=DIRECTION('',(1.0,0.0,0.0));
#943=FACE_BOUND('3591',#944,.T.);
#944=EDGE_LOOP('',(#945,#955,#963,#971));
#945=ORIENTED_EDGE('',*,*,#946,.T.);
#946=EDGE_CURVE('4038',#947,#949,#951,.T.);
#947=VERTEX_POINT('',#948);
#948=CARTESIAN_POINT('',(4.88,0.1,-0.435));
#949=VERTEX_POINT('',#950);
#950=CARTESIAN_POINT('',(5.28,0.1,-0.435));
#951=LINE('',#952,#953);
#952=CARTESIAN_POINT('',(4.88,0.1,-0.435));
#953=VECTOR('',#954,1.0);
#954=DIRECTION('',(1.0,0.0,0.0));
#955=ORIENTED_EDGE('',*,*,#956,.T.);
#956=EDGE_CURVE('4039',#949,#957,#959,.T.);
#957=VERTEX_POINT('',#958);
#958=CARTESIAN_POINT('',(5.28,0.1,-0.835));
#959=LINE('',#960,#961);
#960=CARTESIAN_POINT('',(5.28,0.1,-0.435));
#961=VECTOR('',#962,1.0);
#962=DIRECTION('',(0.0,0.0,-1.0));
#963=ORIENTED_EDGE('',*,*,#964,.T.);
#964=EDGE_CURVE('4040',#957,#965,#967,.T.);
#965=VERTEX_POINT('',#966);
#966=CARTESIAN_POINT('',(4.88,0.1,-0.835));
#967=LINE('',#968,#969);
#968=CARTESIAN_POINT('',(5.28,0.1,-0.835));
#969=VECTOR('',#970,1.0);
#970=DIRECTION('',(-1.0,0.0,0.0));
#971=ORIENTED_EDGE('',*,*,#972,.T.);
#972=EDGE_CURVE('4037',#965,#947,#973,.T.);
#973=LINE('',#974,#975);
#974=CARTESIAN_POINT('',(4.88,0.1,-0.835));
#975=VECTOR('',#976,1.0);
#976=DIRECTION('',(0.0,0.0,1.0));
#977=FACE_BOUND('3591',#978,.T.);
#978=EDGE_LOOP('',(#979,#989,#997,#1005));
#979=ORIENTED_EDGE('',*,*,#980,.T.);
#980=EDGE_CURVE('4042',#981,#983,#985,.T.);
#981=VERTEX_POINT('',#982);
#982=CARTESIAN_POINT('',(5.28,0.1,0.835));
#983=VERTEX_POINT('',#984);
#984=CARTESIAN_POINT('',(5.28,0.1,0.435));
#985=LINE('',#986,#987);
#986=CARTESIAN_POINT('',(5.28,0.1,0.835));
#987=VECTOR('',#988,1.0);
#988=DIRECTION('',(0.0,0.0,-1.0));
#989=ORIENTED_EDGE('',*,*,#990,.T.);
#990=EDGE_CURVE('4043',#983,#991,#993,.T.);
#991=VERTEX_POINT('',#992);
#992=CARTESIAN_POINT('',(4.88,0.1,0.435));
#993=LINE('',#994,#995);
#994=CARTESIAN_POINT('',(5.28,0.1,0.435));
#995=VECTOR('',#996,1.0);
#996=DIRECTION('',(-1.0,0.0,0.0));
#997=ORIENTED_EDGE('',*,*,#998,.T.);
#998=EDGE_CURVE('4044',#991,#999,#1001,.T.);
#999=VERTEX_POINT('',#1000);
#1000=CARTESIAN_POINT('',(4.88,0.1,0.835));
#1001=LINE('',#1002,#1003);
#1002=CARTESIAN_POINT('',(4.88,0.1,0.435));
#1003=VECTOR('',#1004,1.0);
#1004=DIRECTION('',(0.0,0.0,1.0));
#1005=ORIENTED_EDGE('',*,*,#1006,.T.);
#1006=EDGE_CURVE('4041',#999,#981,#1007,.T.);
#1007=LINE('',#1008,#1009);
#1008=CARTESIAN_POINT('',(4.88,0.1,0.835));
#1009=VECTOR('',#1010,1.0);
#1010=DIRECTION('',(1.0,0.0,0.0));
#1011=PLANE('',#1012);
#1012=AXIS2_PLACEMENT_3D('',#1013,#1014,#1015);
#1013=CARTESIAN_POINT('',(-0.635,0.1,1.2));
#1014=DIRECTION('',(0.0,1.0,0.0));
#1015=DIRECTION('',(0.0,0.0,-1.0));
#1016=ADVANCED_FACE('3592',(#1017),#1028,.F.);
#1017=FACE_BOUND('3592',#1018,.T.);
#1018=EDGE_LOOP('',(#1019,#1020,#1021,#1022));
#1019=ORIENTED_EDGE('',*,*,#206,.F.);
#1020=ORIENTED_EDGE('',*,*,#663,.F.);
#1021=ORIENTED_EDGE('',*,*,#640,.F.);
#1022=ORIENTED_EDGE('',*,*,#1023,.T.);
#1023=EDGE_CURVE('3747',#633,#207,#1024,.T.);
#1024=LINE('',#1025,#1026);
#1025=CARTESIAN_POINT('',(-0.635,0.0,-1.2));
#1026=VECTOR('',#1027,1.0);
#1027=DIRECTION('',(1.0,0.0,0.0));
#1028=PLANE('',#1029);
#1029=AXIS2_PLACEMENT_3D('',#1030,#1031,#1032);
#1030=CARTESIAN_POINT('',(-0.635,0.1,-1.2));
#1031=DIRECTION('',(0.0,0.0,-1.0));
#1032=DIRECTION('',(0.0,-1.0,0.0));
#1033=ADVANCED_FACE('3662',(#1034),#1157,.F.);
#1034=FACE_BOUND('3662',#1035,.T.);
#1035=EDGE_LOOP('',(#1036,#1037,#1045,#1053,#1061,#1069,#1077,#1085,#1093,#1101,#1109,#1117,#1125,#1133,#1141,#1149,#1155,#1156));
#1036=ORIENTED_EDGE('',*,*,#632,.F.);
#1037=ORIENTED_EDGE('',*,*,#1038,.T.);
#1038=EDGE_CURVE('3713',#625,#1039,#1041,.F.);
#1039=VERTEX_POINT('',#1040);
#1040=CARTESIAN_POINT('',(-0.485,0.0,-1.7));
#1041=LINE('',#1042,#1043);
#1042=CARTESIAN_POINT('',(-0.485,0.0,-1.7));
#1043=VECTOR('',#1044,1.0);
#1044=DIRECTION('',(-0.499722453,0.0,0.866185586));
#1045=ORIENTED_EDGE('',*,*,#1046,.T.);
#1046=EDGE_CURVE('3716',#1039,#1047,#1049,.F.);
#1047=VERTEX_POINT('',#1048);
#1048=CARTESIAN_POINT('',(0.485,0.0,-1.7));
#1049=LINE('',#1050,#1051);
#1050=CARTESIAN_POINT('',(0.485,0.0,-1.7));
#1051=VECTOR('',#1052,1.0);
#1052=DIRECTION('',(-1.0,0.0,0.0));
#1053=ORIENTED_EDGE('',*,*,#1054,.T.);
#1054=EDGE_CURVE('3739',#1047,#1055,#1057,.F.);
#1055=VERTEX_POINT('',#1056);
#1056=CARTESIAN_POINT('',(0.635,0.0,-1.44));
#1057=LINE('',#1058,#1059);
#1058=CARTESIAN_POINT('',(0.635,0.0,-1.44));
#1059=VECTOR('',#1060,1.0);
#1060=DIRECTION('',(-0.499722453,0.0,-0.866185586));
#1061=ORIENTED_EDGE('',*,*,#1062,.T.);
#1062=EDGE_CURVE('3742',#1055,#1063,#1065,.F.);
#1063=VERTEX_POINT('',#1064);
#1064=CARTESIAN_POINT('',(0.785,0.0,-1.7));
#1065=LINE('',#1066,#1067);
#1066=CARTESIAN_POINT('',(0.785,0.0,-1.7));
#1067=VECTOR('',#1068,1.0);
#1068=DIRECTION('',(-0.499722453,0.0,0.866185586));
#1069=ORIENTED_EDGE('',*,*,#1070,.T.);
#1070=EDGE_CURVE('3729',#1063,#1071,#1073,.F.);
#1071=VERTEX_POINT('',#1072);
#1072=CARTESIAN_POINT('',(1.755,0.0,-1.7));
#1073=LINE('',#1074,#1075);
#1074=CARTESIAN_POINT('',(1.755,0.0,-1.7));
#1075=VECTOR('',#1076,1.0);
#1076=DIRECTION('',(-1.0,0.0,0.0));
#1077=ORIENTED_EDGE('',*,*,#1078,.T.);
#1078=EDGE_CURVE('3766',#1071,#1079,#1081,.F.);
#1079=VERTEX_POINT('',#1080);
#1080=CARTESIAN_POINT('',(1.905,0.0,-1.44));
#1081=LINE('',#1082,#1083);
#1082=CARTESIAN_POINT('',(1.905,0.0,-1.44));
#1083=VECTOR('',#1084,1.0);
#1084=DIRECTION('',(-0.499722453,0.0,-0.866185586));
#1085=ORIENTED_EDGE('',*,*,#1086,.T.);
#1086=EDGE_CURVE('3769',#1079,#1087,#1089,.F.);
#1087=VERTEX_POINT('',#1088);
#1088=CARTESIAN_POINT('',(2.055,0.0,-1.7));
#1089=LINE('',#1090,#1091);
#1090=CARTESIAN_POINT('',(2.055,0.0,-1.7));
#1091=VECTOR('',#1092,1.0);
#1092=DIRECTION('',(-0.499722453,0.0,0.866185586));
#1093=ORIENTED_EDGE('',*,*,#1094,.T.);
#1094=EDGE_CURVE('3756',#1087,#1095,#1097,.F.);
#1095=VERTEX_POINT('',#1096);
#1096=CARTESIAN_POINT('',(3.025,0.0,-1.7));
#1097=LINE('',#1098,#1099);
#1098=CARTESIAN_POINT('',(3.025,0.0,-1.7));
#1099=VECTOR('',#1100,1.0);
#1100=DIRECTION('',(-1.0,0.0,0.0));
#1101=ORIENTED_EDGE('',*,*,#1102,.T.);
#1102=EDGE_CURVE('3784',#1095,#1103,#1105,.F.);
#1103=VERTEX_POINT('',#1104);
#1104=CARTESIAN_POINT('',(3.175,0.0,-1.44));
#1105=LINE('',#1106,#1107);
#1106=CARTESIAN_POINT('',(3.175,0.0,-1.44));
#1107=VECTOR('',#1108,1.0);
#1108=DIRECTION('',(-0.499722453,0.0,-0.866185586));
#1109=ORIENTED_EDGE('',*,*,#1110,.T.);
#1110=EDGE_CURVE('3787',#1103,#1111,#1113,.F.);
#1111=VERTEX_POINT('',#1112);
#1112=CARTESIAN_POINT('',(3.325,0.0,-1.7));
#1113=LINE('',#1114,#1115);
#1114=CARTESIAN_POINT('',(3.325,0.0,-1.7));
#1115=VECTOR('',#1116,1.0);
#1116=DIRECTION('',(-0.499722453,0.0,0.866185586));
#1117=ORIENTED_EDGE('',*,*,#1118,.T.);
#1118=EDGE_CURVE('3774',#1111,#1119,#1121,.F.);
#1119=VERTEX_POINT('',#1120);
#1120=CARTESIAN_POINT('',(4.295,0.0,-1.7));
#1121=LINE('',#1122,#1123);
#1122=CARTESIAN_POINT('',(4.295,0.0,-1.7));
#1123=VECTOR('',#1124,1.0);
#1124=DIRECTION('',(-1.0,0.0,0.0));
#1125=ORIENTED_EDGE('',*,*,#1126,.T.);
#1126=EDGE_CURVE('3809',#1119,#1127,#1129,.F.);
#1127=VERTEX_POINT('',#1128);
#1128=CARTESIAN_POINT('',(4.445,0.0,-1.44));
#1129=LINE('',#1130,#1131);
#1130=CARTESIAN_POINT('',(4.445,0.0,-1.44));
#1131=VECTOR('',#1132,1.0);
#1132=DIRECTION('',(-0.499722453,0.0,-0.866185586));
#1133=ORIENTED_EDGE('',*,*,#1134,.T.);
#1134=EDGE_CURVE('3812',#1127,#1135,#1137,.F.);
#1135=VERTEX_POINT('',#1136);
#1136=CARTESIAN_POINT('',(4.595,0.0,-1.7));
#1137=LINE('',#1138,#1139);
#1138=CARTESIAN_POINT('',(4.595,0.0,-1.7));
#1139=VECTOR('',#1140,1.0);
#1140=DIRECTION('',(-0.499722453,0.0,0.866185586));
#1141=ORIENTED_EDGE('',*,*,#1142,.T.);
#1142=EDGE_CURVE('3794',#1135,#1143,#1145,.F.);
#1143=VERTEX_POINT('',#1144);
#1144=CARTESIAN_POINT('',(5.565,0.0,-1.7));
#1145=LINE('',#1146,#1147);
#1146=CARTESIAN_POINT('',(5.565,0.0,-1.7));
#1147=VECTOR('',#1148,1.0);
#1148=DIRECTION('',(-1.0,0.0,0.0));
#1149=ORIENTED_EDGE('',*,*,#1150,.T.);
#1150=EDGE_CURVE('3793',#1143,#215,#1151,.F.);
#1151=LINE('',#1152,#1153);
#1152=CARTESIAN_POINT('',(5.715,0.0,-1.44));
#1153=VECTOR('',#1154,1.0);
#1154=DIRECTION('',(-0.499722453,0.0,-0.866185586));
#1155=ORIENTED_EDGE('',*,*,#214,.F.);
#1156=ORIENTED_EDGE('',*,*,#1023,.F.);
#1157=PLANE('',#1158);
#1158=AXIS2_PLACEMENT_3D('',#1159,#1160,#1161);
#1159=CARTESIAN_POINT('',(0.0,0.0,0.0));
#1160=DIRECTION('',(0.0,1.0,0.0));
#1161=DIRECTION('',(1.0,0.0,0.0));
#1162=ADVANCED_FACE('3610',(#1163),#1181,.T.);
#1163=FACE_BOUND('3610',#1164,.T.);
#1164=EDGE_LOOP('',(#1165,#1173,#1179,#1180));
#1165=ORIENTED_EDGE('',*,*,#1166,.T.);
#1166=EDGE_CURVE('3805',#1143,#1167,#1169,.T.);
#1167=VERTEX_POINT('',#1168);
#1168=CARTESIAN_POINT('',(5.565,2.5,-1.7));
#1169=LINE('',#1170,#1171);
#1170=CARTESIAN_POINT('',(5.565,0.0,-1.7));
#1171=VECTOR('',#1172,1.0);
#1172=DIRECTION('',(0.0,1.0,0.0));
#1173=ORIENTED_EDGE('',*,*,#1174,.T.);
#1174=EDGE_CURVE('3798',#1167,#223,#1175,.F.);
#1175=LINE('',#1176,#1177);
#1176=CARTESIAN_POINT('',(5.715,2.5,-1.44));
#1177=VECTOR('',#1178,1.0);
#1178=DIRECTION('',(-0.499722453,0.0,-0.866185586));
#1179=ORIENTED_EDGE('',*,*,#222,.F.);
#1180=ORIENTED_EDGE('',*,*,#1150,.F.);
#1181=PLANE('',#1182);
#1182=AXIS2_PLACEMENT_3D('',#1183,#1184,#1185);
#1183=CARTESIAN_POINT('',(5.715,0.0,-1.44));
#1184=DIRECTION('',(0.866185586,0.0,-0.499722453));
#1185=DIRECTION('',(-0.499722453,0.0,-0.866185586));
#1186=ADVANCED_FACE('3576',(#1187,#1317,#1351,#1385,#1419,#1453,#1487,#1521,#1555,#1589,#1623),#1657,.T.);
#1187=FACE_BOUND('3576',#1188,.T.);
#1188=EDGE_LOOP('',(#1189,#1199,#1207,#1215,#1223,#1231,#1239,#1247,#1255,#1263,#1271,#1277,#1278,#1279,#1280,#1281,#1282,#1283,#1284,#1285,#1286,#1287,#1288,#1289,#1290,#1291,#1292,#1293,#1294,#1295,#1303,#1311));
#1189=ORIENTED_EDGE('',*,*,#1190,.T.);
#1190=EDGE_CURVE('3776',#1191,#1193,#1195,.T.);
#1191=VERTEX_POINT('',#1192);
#1192=CARTESIAN_POINT('',(4.295,2.5,-1.7));
#1193=VERTEX_POINT('',#1194);
#1194=CARTESIAN_POINT('',(3.325,2.5,-1.7));
#1195=LINE('',#1196,#1197);
#1196=CARTESIAN_POINT('',(4.295,2.5,-1.7));
#1197=VECTOR('',#1198,1.0);
#1198=DIRECTION('',(-1.0,0.0,0.0));
#1199=ORIENTED_EDGE('',*,*,#1200,.T.);
#1200=EDGE_CURVE('3789',#1193,#1201,#1203,.T.);
#1201=VERTEX_POINT('',#1202);
#1202=CARTESIAN_POINT('',(3.175,2.5,-1.44));
#1203=LINE('',#1204,#1205);
#1204=CARTESIAN_POINT('',(3.325,2.5,-1.7));
#1205=VECTOR('',#1206,1.0);
#1206=DIRECTION('',(-0.499722453,0.0,0.866185586));
#1207=ORIENTED_EDGE('',*,*,#1208,.T.);
#1208=EDGE_CURVE('3786',#1201,#1209,#1211,.T.);
#1209=VERTEX_POINT('',#1210);
#1210=CARTESIAN_POINT('',(3.025,2.5,-1.7));
#1211=LINE('',#1212,#1213);
#1212=CARTESIAN_POINT('',(3.175,2.5,-1.44));
#1213=VECTOR('',#1214,1.0);
#1214=DIRECTION('',(-0.499722453,0.0,-0.866185586));
#1215=ORIENTED_EDGE('',*,*,#1216,.T.);
#1216=EDGE_CURVE('3758',#1209,#1217,#1219,.T.);
#1217=VERTEX_POINT('',#1218);
#1218=CARTESIAN_POINT('',(2.055,2.5,-1.7));
#1219=LINE('',#1220,#1221);
#1220=CARTESIAN_POINT('',(3.025,2.5,-1.7));
#1221=VECTOR('',#1222,1.0);
#1222=DIRECTION('',(-1.0,0.0,0.0));
#1223=ORIENTED_EDGE('',*,*,#1224,.T.);
#1224=EDGE_CURVE('3771',#1217,#1225,#1227,.T.);
#1225=VERTEX_POINT('',#1226);
#1226=CARTESIAN_POINT('',(1.905,2.5,-1.44));
#1227=LINE('',#1228,#1229);
#1228=CARTESIAN_POINT('',(2.055,2.5,-1.7));
#1229=VECTOR('',#1230,1.0);
#1230=DIRECTION('',(-0.499722453,0.0,0.866185586));
#1231=ORIENTED_EDGE('',*,*,#1232,.T.);
#1232=EDGE_CURVE('3768',#1225,#1233,#1235,.T.);
#1233=VERTEX_POINT('',#1234);
#1234=CARTESIAN_POINT('',(1.755,2.5,-1.7));
#1235=LINE('',#1236,#1237);
#1236=CARTESIAN_POINT('',(1.905,2.5,-1.44));
#1237=VECTOR('',#1238,1.0);
#1238=DIRECTION('',(-0.499722453,0.0,-0.866185586));
#1239=ORIENTED_EDGE('',*,*,#1240,.T.);
#1240=EDGE_CURVE('3731',#1233,#1241,#1243,.T.);
#1241=VERTEX_POINT('',#1242);
#1242=CARTESIAN_POINT('',(0.785,2.5,-1.7));
#1243=LINE('',#1244,#1245);
#1244=CARTESIAN_POINT('',(1.755,2.5,-1.7));
#1245=VECTOR('',#1246,1.0);
#1246=DIRECTION('',(-1.0,0.0,0.0));
#1247=ORIENTED_EDGE('',*,*,#1248,.T.);
#1248=EDGE_CURVE('3744',#1241,#1249,#1251,.T.);
#1249=VERTEX_POINT('',#1250);
#1250=CARTESIAN_POINT('',(0.635,2.5,-1.44));
#1251=LINE('',#1252,#1253);
#1252=CARTESIAN_POINT('',(0.785,2.5,-1.7));
#1253=VECTOR('',#1254,1.0);
#1254=DIRECTION('',(-0.499722453,0.0,0.866185586));
#1255=ORIENTED_EDGE('',*,*,#1256,.T.);
#1256=EDGE_CURVE('3741',#1249,#1257,#1259,.T.);
#1257=VERTEX_POINT('',#1258);
#1258=CARTESIAN_POINT('',(0.485,2.5,-1.7));
#1259=LINE('',#1260,#1261);
#1260=CARTESIAN_POINT('',(0.635,2.5,-1.44));
#1261=VECTOR('',#1262,1.0);
#1262=DIRECTION('',(-0.499722453,0.0,-0.866185586));
#1263=ORIENTED_EDGE('',*,*,#1264,.T.);
#1264=EDGE_CURVE('3721',#1257,#1265,#1267,.T.);
#1265=VERTEX_POINT('',#1266);
#1266=CARTESIAN_POINT('',(-0.485,2.5,-1.7));
#1267=LINE('',#1268,#1269);
#1268=CARTESIAN_POINT('',(0.485,2.5,-1.7));
#1269=VECTOR('',#1270,1.0);
#1270=DIRECTION('',(-1.0,0.0,0.0));
#1271=ORIENTED_EDGE('',*,*,#1272,.T.);
#1272=EDGE_CURVE('3717',#1265,#617,#1273,.T.);
#1273=LINE('',#1274,#1275);
#1274=CARTESIAN_POINT('',(-0.485,2.5,-1.7));
#1275=VECTOR('',#1276,1.0);
#1276=DIRECTION('',(-0.499722453,0.0,0.866185586));
#1277=ORIENTED_EDGE('',*,*,#616,.F.);
#1278=ORIENTED_EDGE('',*,*,#591,.F.);
#1279=ORIENTED_EDGE('',*,*,#567,.F.);
#1280=ORIENTED_EDGE('',*,*,#542,.F.);
#1281=ORIENTED_EDGE('',*,*,#520,.F.);
#1282=ORIENTED_EDGE('',*,*,#495,.F.);
#1283=ORIENTED_EDGE('',*,*,#470,.F.);
#1284=ORIENTED_EDGE('',*,*,#448,.F.);
#1285=ORIENTED_EDGE('',*,*,#423,.F.);
#1286=ORIENTED_EDGE('',*,*,#398,.F.);
#1287=ORIENTED_EDGE('',*,*,#376,.F.);
#1288=ORIENTED_EDGE('',*,*,#351,.F.);
#1289=ORIENTED_EDGE('',*,*,#326,.F.);
#1290=ORIENTED_EDGE('',*,*,#304,.F.);
#1291=ORIENTED_EDGE('',*,*,#279,.F.);
#1292=ORIENTED_EDGE('',*,*,#255,.F.);
#1293=ORIENTED_EDGE('',*,*,#230,.F.);
#1294=ORIENTED_EDGE('',*,*,#1174,.F.);
#1295=ORIENTED_EDGE('',*,*,#1296,.T.);
#1296=EDGE_CURVE('3799',#1167,#1297,#1299,.T.);
#1297=VERTEX_POINT('',#1298);
#1298=CARTESIAN_POINT('',(4.595,2.5,-1.7));
#1299=LINE('',#1300,#1301);
#1300=CARTESIAN_POINT('',(5.565,2.5,-1.7));
#1301=VECTOR('',#1302,1.0);
#1302=DIRECTION('',(-1.0,0.0,0.0));
#1303=ORIENTED_EDGE('',*,*,#1304,.T.);
#1304=EDGE_CURVE('3814',#1297,#1305,#1307,.T.);
#1305=VERTEX_POINT('',#1306);
#1306=CARTESIAN_POINT('',(4.445,2.5,-1.44));
#1307=LINE('',#1308,#1309);
#1308=CARTESIAN_POINT('',(4.595,2.5,-1.7));
#1309=VECTOR('',#1310,1.0);
#1310=DIRECTION('',(-0.499722453,0.0,0.866185586));
#1311=ORIENTED_EDGE('',*,*,#1312,.T.);
#1312=EDGE_CURVE('3811',#1305,#1191,#1313,.T.);
#1313=LINE('',#1314,#1315);
#1314=CARTESIAN_POINT('',(4.445,2.5,-1.44));
#1315=VECTOR('',#1316,1.0);
#1316=DIRECTION('',(-0.499722453,0.0,-0.866185586));
#1317=FACE_BOUND('3576',#1318,.T.);
#1318=EDGE_LOOP('',(#1319,#1329,#1337,#1345));
#1319=ORIENTED_EDGE('',*,*,#1320,.T.);
#1320=EDGE_CURVE('3840',#1321,#1323,#1325,.F.);
#1321=VERTEX_POINT('',#1322);
#1322=CARTESIAN_POINT('',(-0.2,2.5,-0.835));
#1323=VERTEX_POINT('',#1324);
#1324=CARTESIAN_POINT('',(0.2,2.5,-0.835));
#1325=LINE('',#1326,#1327);
#1326=CARTESIAN_POINT('',(0.2,2.5,-0.835));
#1327=VECTOR('',#1328,1.0);
#1328=DIRECTION('',(-1.0,0.0,0.0));
#1329=ORIENTED_EDGE('',*,*,#1330,.T.);
#1330=EDGE_CURVE('3839',#1323,#1331,#1333,.F.);
#1331=VERTEX_POINT('',#1332);
#1332=CARTESIAN_POINT('',(0.2,2.5,-0.435));
#1333=LINE('',#1334,#1335);
#1334=CARTESIAN_POINT('',(0.2,2.5,-0.435));
#1335=VECTOR('',#1336,1.0);
#1336=DIRECTION('',(0.0,0.0,-1.0));
#1337=ORIENTED_EDGE('',*,*,#1338,.T.);
#1338=EDGE_CURVE('3838',#1331,#1339,#1341,.F.);
#1339=VERTEX_POINT('',#1340);
#1340=CARTESIAN_POINT('',(-0.2,2.5,-0.435));
#1341=LINE('',#1342,#1343);
#1342=CARTESIAN_POINT('',(-0.2,2.5,-0.435));
#1343=VECTOR('',#1344,1.0);
#1344=DIRECTION('',(1.0,0.0,0.0));
#1345=ORIENTED_EDGE('',*,*,#1346,.T.);
#1346=EDGE_CURVE('3837',#1339,#1321,#1347,.F.);
#1347=LINE('',#1348,#1349);
#1348=CARTESIAN_POINT('',(-0.2,2.5,-0.835));
#1349=VECTOR('',#1350,1.0);
#1350=DIRECTION('',(0.0,0.0,1.0));
#1351=FACE_BOUND('3576',#1352,.T.);
#1352=EDGE_LOOP('',(#1353,#1363,#1371,#1379));
#1353=ORIENTED_EDGE('',*,*,#1354,.T.);
#1354=EDGE_CURVE('3844',#1355,#1357,#1359,.F.);
#1355=VERTEX_POINT('',#1356);
#1356=CARTESIAN_POINT('',(-0.2,2.5,0.835));
#1357=VERTEX_POINT('',#1358);
#1358=CARTESIAN_POINT('',(-0.2,2.5,0.435));
#1359=LINE('',#1360,#1361);
#1360=CARTESIAN_POINT('',(-0.2,2.5,0.435));
#1361=VECTOR('',#1362,1.0);
#1362=DIRECTION('',(0.0,0.0,1.0));
#1363=ORIENTED_EDGE('',*,*,#1364,.T.);
#1364=EDGE_CURVE('3843',#1357,#1365,#1367,.F.);
#1365=VERTEX_POINT('',#1366);
#1366=CARTESIAN_POINT('',(0.2,2.5,0.435));
#1367=LINE('',#1368,#1369);
#1368=CARTESIAN_POINT('',(0.2,2.5,0.435));
#1369=VECTOR('',#1370,1.0);
#1370=DIRECTION('',(-1.0,0.0,0.0));
#1371=ORIENTED_EDGE('',*,*,#1372,.T.);
#1372=EDGE_CURVE('3842',#1365,#1373,#1375,.F.);
#1373=VERTEX_POINT('',#1374);
#1374=CARTESIAN_POINT('',(0.2,2.5,0.835));
#1375=LINE('',#1376,#1377);
#1376=CARTESIAN_POINT('',(0.2,2.5,0.835));
#1377=VECTOR('',#1378,1.0);
#1378=DIRECTION('',(0.0,0.0,-1.0));
#1379=ORIENTED_EDGE('',*,*,#1380,.T.);
#1380=EDGE_CURVE('3841',#1373,#1355,#1381,.F.);
#1381=LINE('',#1382,#1383);
#1382=CARTESIAN_POINT('',(-0.2,2.5,0.835));
#1383=VECTOR('',#1384,1.0);
#1384=DIRECTION('',(1.0,0.0,0.0));
#1385=FACE_BOUND('3576',#1386,.T.);
#1386=EDGE_LOOP('',(#1387,#1397,#1405,#1413));
#1387=ORIENTED_EDGE('',*,*,#1388,.T.);
#1388=EDGE_CURVE('3888',#1389,#1391,#1393,.F.);
#1389=VERTEX_POINT('',#1390);
#1390=CARTESIAN_POINT('',(1.07,2.5,-0.835));
#1391=VERTEX_POINT('',#1392);
#1392=CARTESIAN_POINT('',(1.47,2.5,-0.835));
#1393=LINE('',#1394,#1395);
#1394=CARTESIAN_POINT('',(1.47,2.5,-0.835));
#1395=VECTOR('',#1396,1.0);
#1396=DIRECTION('',(-1.0,0.0,0.0));
#1397=ORIENTED_EDGE('',*,*,#1398,.T.);
#1398=EDGE_CURVE('3887',#1391,#1399,#1401,.F.);
#1399=VERTEX_POINT('',#1400);
#1400=CARTESIAN_POINT('',(1.47,2.5,-0.435));
#1401=LINE('',#1402,#1403);
#1402=CARTESIAN_POINT('',(1.47,2.5,-0.435));
#1403=VECTOR('',#1404,1.0);
#1404=DIRECTION('',(0.0,0.0,-1.0));
#1405=ORIENTED_EDGE('',*,*,#1406,.T.);
#1406=EDGE_CURVE('3886',#1399,#1407,#1409,.F.);
#1407=VERTEX_POINT('',#1408);
#1408=CARTESIAN_POINT('',(1.07,2.5,-0.435));
#1409=LINE('',#1410,#1411);
#1410=CARTESIAN_POINT('',(1.07,2.5,-0.435));
#1411=VECTOR('',#1412,1.0);
#1412=DIRECTION('',(1.0,0.0,0.0));
#1413=ORIENTED_EDGE('',*,*,#1414,.T.);
#1414=EDGE_CURVE('3885',#1407,#1389,#1415,.F.);
#1415=LINE('',#1416,#1417);
#1416=CARTESIAN_POINT('',(1.07,2.5,-0.835));
#1417=VECTOR('',#1418,1.0);
#1418=DIRECTION('',(0.0,0.0,1.0));
#1419=FACE_BOUND('3576',#1420,.T.);
#1420=EDGE_LOOP('',(#1421,#1431,#1439,#1447));
#1421=ORIENTED_EDGE('',*,*,#1422,.T.);
#1422=EDGE_CURVE('3892',#1423,#1425,#1427,.F.);
#1423=VERTEX_POINT('',#1424);
#1424=CARTESIAN_POINT('',(1.07,2.5,0.835));
#1425=VERTEX_POINT('',#1426);
#1426=CARTESIAN_POINT('',(1.07,2.5,0.435));
#1427=LINE('',#1428,#1429);
#1428=CARTESIAN_POINT('',(1.07,2.5,0.435));
#1429=VECTOR('',#1430,1.0);
#1430=DIRECTION('',(0.0,0.0,1.0));
#1431=ORIENTED_EDGE('',*,*,#1432,.T.);
#1432=EDGE_CURVE('3891',#1425,#1433,#1435,.F.);
#1433=VERTEX_POINT('',#1434);
#1434=CARTESIAN_POINT('',(1.47,2.5,0.435));
#1435=LINE('',#1436,#1437);
#1436=CARTESIAN_POINT('',(1.47,2.5,0.435));
#1437=VECTOR('',#1438,1.0);
#1438=DIRECTION('',(-1.0,0.0,0.0));
#1439=ORIENTED_EDGE('',*,*,#1440,.T.);
#1440=EDGE_CURVE('3890',#1433,#1441,#1443,.F.);
#1441=VERTEX_POINT('',#1442);
#1442=CARTESIAN_POINT('',(1.47,2.5,0.835));
#1443=LINE('',#1444,#1445);
#1444=CARTESIAN_POINT('',(1.47,2.5,0.835));
#1445=VECTOR('',#1446,1.0);
#1446=DIRECTION('',(0.0,0.0,-1.0));
#1447=ORIENTED_EDGE('',*,*,#1448,.T.);
#1448=EDGE_CURVE('3889',#1441,#1423,#1449,.F.);
#1449=LINE('',#1450,#1451);
#1450=CARTESIAN_POINT('',(1.07,2.5,0.835));
#1451=VECTOR('',#1452,1.0);
#1452=DIRECTION('',(1.0,0.0,0.0));
#1453=FACE_BOUND('3576',#1454,.T.);
#1454=EDGE_LOOP('',(#1455,#1465,#1473,#1481));
#1455=ORIENTED_EDGE('',*,*,#1456,.T.);
#1456=EDGE_CURVE('3936',#1457,#1459,#1461,.F.);
#1457=VERTEX_POINT('',#1458);
#1458=CARTESIAN_POINT('',(2.34,2.5,-0.835));
#1459=VERTEX_POINT('',#1460);
#1460=CARTESIAN_POINT('',(2.74,2.5,-0.835));
#1461=LINE('',#1462,#1463);
#1462=CARTESIAN_POINT('',(2.74,2.5,-0.835));
#1463=VECTOR('',#1464,1.0);
#1464=DIRECTION('',(-1.0,0.0,0.0));
#1465=ORIENTED_EDGE('',*,*,#1466,.T.);
#1466=EDGE_CURVE('3935',#1459,#1467,#1469,.F.);
#1467=VERTEX_POINT('',#1468);
#1468=CARTESIAN_POINT('',(2.74,2.5,-0.435));
#1469=LINE('',#1470,#1471);
#1470=CARTESIAN_POINT('',(2.74,2.5,-0.435));
#1471=VECTOR('',#1472,1.0);
#1472=DIRECTION('',(0.0,0.0,-1.0));
#1473=ORIENTED_EDGE('',*,*,#1474,.T.);
#1474=EDGE_CURVE('3934',#1467,#1475,#1477,.F.);
#1475=VERTEX_POINT('',#1476);
#1476=CARTESIAN_POINT('',(2.34,2.5,-0.435));
#1477=LINE('',#1478,#1479);
#1478=CARTESIAN_POINT('',(2.34,2.5,-0.435));
#1479=VECTOR('',#1480,1.0);
#1480=DIRECTION('',(1.0,0.0,0.0));
#1481=ORIENTED_EDGE('',*,*,#1482,.T.);
#1482=EDGE_CURVE('3933',#1475,#1457,#1483,.F.);
#1483=LINE('',#1484,#1485);
#1484=CARTESIAN_POINT('',(2.34,2.5,-0.835));
#1485=VECTOR('',#1486,1.0);
#1486=DIRECTION('',(0.0,0.0,1.0));
#1487=FACE_BOUND('3576',#1488,.T.);
#1488=EDGE_LOOP('',(#1489,#1499,#1507,#1515));
#1489=ORIENTED_EDGE('',*,*,#1490,.T.);
#1490=EDGE_CURVE('3940',#1491,#1493,#1495,.F.);
#1491=VERTEX_POINT('',#1492);
#1492=CARTESIAN_POINT('',(2.34,2.5,0.835));
#1493=VERTEX_POINT('',#1494);
#1494=CARTESIAN_POINT('',(2.34,2.5,0.435));
#1495=LINE('',#1496,#1497);
#1496=CARTESIAN_POINT('',(2.34,2.5,0.435));
#1497=VECTOR('',#1498,1.0);
#1498=DIRECTION('',(0.0,0.0,1.0));
#1499=ORIENTED_EDGE('',*,*,#1500,.T.);
#1500=EDGE_CURVE('3939',#1493,#1501,#1503,.F.);
#1501=VERTEX_POINT('',#1502);
#1502=CARTESIAN_POINT('',(2.74,2.5,0.435));
#1503=LINE('',#1504,#1505);
#1504=CARTESIAN_POINT('',(2.74,2.5,0.435));
#1505=VECTOR('',#1506,1.0);
#1506=DIRECTION('',(-1.0,0.0,0.0));
#1507=ORIENTED_EDGE('',*,*,#1508,.T.);
#1508=EDGE_CURVE('3938',#1501,#1509,#1511,.F.);
#1509=VERTEX_POINT('',#1510);
#1510=CARTESIAN_POINT('',(2.74,2.5,0.835));
#1511=LINE('',#1512,#1513);
#1512=CARTESIAN_POINT('',(2.74,2.5,0.835));
#1513=VECTOR('',#1514,1.0);
#1514=DIRECTION('',(0.0,0.0,-1.0));
#1515=ORIENTED_EDGE('',*,*,#1516,.T.);
#1516=EDGE_CURVE('3937',#1509,#1491,#1517,.F.);
#1517=LINE('',#1518,#1519);
#1518=CARTESIAN_POINT('',(2.34,2.5,0.835));
#1519=VECTOR('',#1520,1.0);
#1520=DIRECTION('',(1.0,0.0,0.0));
#1521=FACE_BOUND('3576',#1522,.T.);
#1522=EDGE_LOOP('',(#1523,#1533,#1541,#1549));
#1523=ORIENTED_EDGE('',*,*,#1524,.T.);
#1524=EDGE_CURVE('3984',#1525,#1527,#1529,.F.);
#1525=VERTEX_POINT('',#1526);
#1526=CARTESIAN_POINT('',(3.61,2.5,-0.835));
#1527=VERTEX_POINT('',#1528);
#1528=CARTESIAN_POINT('',(4.01,2.5,-0.835));
#1529=LINE('',#1530,#1531);
#1530=CARTESIAN_POINT('',(4.01,2.5,-0.835));
#1531=VECTOR('',#1532,1.0);
#1532=DIRECTION('',(-1.0,0.0,0.0));
#1533=ORIENTED_EDGE('',*,*,#1534,.T.);
#1534=EDGE_CURVE('3983',#1527,#1535,#1537,.F.);
#1535=VERTEX_POINT('',#1536);
#1536=CARTESIAN_POINT('',(4.01,2.5,-0.435));
#1537=LINE('',#1538,#1539);
#1538=CARTESIAN_POINT('',(4.01,2.5,-0.435));
#1539=VECTOR('',#1540,1.0);
#1540=DIRECTION('',(0.0,0.0,-1.0));
#1541=ORIENTED_EDGE('',*,*,#1542,.T.);
#1542=EDGE_CURVE('3982',#1535,#1543,#1545,.F.);
#1543=VERTEX_POINT('',#1544);
#1544=CARTESIAN_POINT('',(3.61,2.5,-0.435));
#1545=LINE('',#1546,#1547);
#1546=CARTESIAN_POINT('',(3.61,2.5,-0.435));
#1547=VECTOR('',#1548,1.0);
#1548=DIRECTION('',(1.0,0.0,0.0));
#1549=ORIENTED_EDGE('',*,*,#1550,.T.);
#1550=EDGE_CURVE('3981',#1543,#1525,#1551,.F.);
#1551=LINE('',#1552,#1553);
#1552=CARTESIAN_POINT('',(3.61,2.5,-0.835));
#1553=VECTOR('',#1554,1.0);
#1554=DIRECTION('',(0.0,0.0,1.0));
#1555=FACE_BOUND('3576',#1556,.T.);
#1556=EDGE_LOOP('',(#1557,#1567,#1575,#1583));
#1557=ORIENTED_EDGE('',*,*,#1558,.T.);
#1558=EDGE_CURVE('3988',#1559,#1561,#1563,.F.);
#1559=VERTEX_POINT('',#1560);
#1560=CARTESIAN_POINT('',(3.61,2.5,0.835));
#1561=VERTEX_POINT('',#1562);
#1562=CARTESIAN_POINT('',(3.61,2.5,0.435));
#1563=LINE('',#1564,#1565);
#1564=CARTESIAN_POINT('',(3.61,2.5,0.435));
#1565=VECTOR('',#1566,1.0);
#1566=DIRECTION('',(0.0,0.0,1.0));
#1567=ORIENTED_EDGE('',*,*,#1568,.T.);
#1568=EDGE_CURVE('3987',#1561,#1569,#1571,.F.);
#1569=VERTEX_POINT('',#1570);
#1570=CARTESIAN_POINT('',(4.01,2.5,0.435));
#1571=LINE('',#1572,#1573);
#1572=CARTESIAN_POINT('',(4.01,2.5,0.435));
#1573=VECTOR('',#1574,1.0);
#1574=DIRECTION('',(-1.0,0.0,0.0));
#1575=ORIENTED_EDGE('',*,*,#1576,.T.);
#1576=EDGE_CURVE('3986',#1569,#1577,#1579,.F.);
#1577=VERTEX_POINT('',#1578);
#1578=CARTESIAN_POINT('',(4.01,2.5,0.835));
#1579=LINE('',#1580,#1581);
#1580=CARTESIAN_POINT('',(4.01,2.5,0.835));
#1581=VECTOR('',#1582,1.0);
#1582=DIRECTION('',(0.0,0.0,-1.0));
#1583=ORIENTED_EDGE('',*,*,#1584,.T.);
#1584=EDGE_CURVE('3985',#1577,#1559,#1585,.F.);
#1585=LINE('',#1586,#1587);
#1586=CARTESIAN_POINT('',(3.61,2.5,0.835));
#1587=VECTOR('',#1588,1.0);
#1588=DIRECTION('',(1.0,0.0,0.0));
#1589=FACE_BOUND('3576',#1590,.T.);
#1590=EDGE_LOOP('',(#1591,#1601,#1609,#1617));
#1591=ORIENTED_EDGE('',*,*,#1592,.T.);
#1592=EDGE_CURVE('4032',#1593,#1595,#1597,.F.);
#1593=VERTEX_POINT('',#1594);
#1594=CARTESIAN_POINT('',(4.88,2.5,-0.835));
#1595=VERTEX_POINT('',#1596);
#1596=CARTESIAN_POINT('',(5.28,2.5,-0.835));
#1597=LINE('',#1598,#1599);
#1598=CARTESIAN_POINT('',(5.28,2.5,-0.835));
#1599=VECTOR('',#1600,1.0);
#1600=DIRECTION('',(-1.0,0.0,0.0));
#1601=ORIENTED_EDGE('',*,*,#1602,.T.);
#1602=EDGE_CURVE('4031',#1595,#1603,#1605,.F.);
#1603=VERTEX_POINT('',#1604);
#1604=CARTESIAN_POINT('',(5.28,2.5,-0.435));
#1605=LINE('',#1606,#1607);
#1606=CARTESIAN_POINT('',(5.28,2.5,-0.435));
#1607=VECTOR('',#1608,1.0);
#1608=DIRECTION('',(0.0,0.0,-1.0));
#1609=ORIENTED_EDGE('',*,*,#1610,.T.);
#1610=EDGE_CURVE('4030',#1603,#1611,#1613,.F.);
#1611=VERTEX_POINT('',#1612);
#1612=CARTESIAN_POINT('',(4.88,2.5,-0.435));
#1613=LINE('',#1614,#1615);
#1614=CARTESIAN_POINT('',(4.88,2.5,-0.435));
#1615=VECTOR('',#1616,1.0);
#1616=DIRECTION('',(1.0,0.0,0.0));
#1617=ORIENTED_EDGE('',*,*,#1618,.T.);
#1618=EDGE_CURVE('4029',#1611,#1593,#1619,.F.);
#1619=LINE('',#1620,#1621);
#1620=CARTESIAN_POINT('',(4.88,2.5,-0.835));
#1621=VECTOR('',#1622,1.0);
#1622=DIRECTION('',(0.0,0.0,1.0));
#1623=FACE_BOUND('3576',#1624,.T.);
#1624=EDGE_LOOP('',(#1625,#1635,#1643,#1651));
#1625=ORIENTED_EDGE('',*,*,#1626,.T.);
#1626=EDGE_CURVE('4036',#1627,#1629,#1631,.F.);
#1627=VERTEX_POINT('',#1628);
#1628=CARTESIAN_POINT('',(4.88,2.5,0.835));
#1629=VERTEX_POINT('',#1630);
#1630=CARTESIAN_POINT('',(4.88,2.5,0.435));
#1631=LINE('',#1632,#1633);
#1632=CARTESIAN_POINT('',(4.88,2.5,0.435));
#1633=VECTOR('',#1634,1.0);
#1634=DIRECTION('',(0.0,0.0,1.0));
#1635=ORIENTED_EDGE('',*,*,#1636,.T.);
#1636=EDGE_CURVE('4035',#1629,#1637,#1639,.F.);
#1637=VERTEX_POINT('',#1638);
#1638=CARTESIAN_POINT('',(5.28,2.5,0.435));
#1639=LINE('',#1640,#1641);
#1640=CARTESIAN_POINT('',(5.28,2.5,0.435));
#1641=VECTOR('',#1642,1.0);
#1642=DIRECTION('',(-1.0,0.0,0.0));
#1643=ORIENTED_EDGE('',*,*,#1644,.T.);
#1644=EDGE_CURVE('4034',#1637,#1645,#1647,.F.);
#1645=VERTEX_POINT('',#1646);
#1646=CARTESIAN_POINT('',(5.28,2.5,0.835));
#1647=LINE('',#1648,#1649);
#1648=CARTESIAN_POINT('',(5.28,2.5,0.835));
#1649=VECTOR('',#1650,1.0);
#1650=DIRECTION('',(0.0,0.0,-1.0));
#1651=ORIENTED_EDGE('',*,*,#1652,.T.);
#1652=EDGE_CURVE('4033',#1645,#1627,#1653,.F.);
#1653=LINE('',#1654,#1655);
#1654=CARTESIAN_POINT('',(4.88,2.5,0.835));
#1655=VECTOR('',#1656,1.0);
#1656=DIRECTION('',(1.0,0.0,0.0));
#1657=PLANE('',#1658);
#1658=AXIS2_PLACEMENT_3D('',#1659,#1660,#1661);
#1659=CARTESIAN_POINT('',(0.0,2.5,0.0));
#1660=DIRECTION('',(0.0,1.0,0.0));
#1661=DIRECTION('',(1.0,0.0,0.0));
#1662=ADVANCED_FACE('3603',(#1663),#1679,.T.);
#1663=FACE_BOUND('3603',#1664,.T.);
#1664=EDGE_LOOP('',(#1665,#1666,#1672,#1673));
#1665=ORIENTED_EDGE('',*,*,#1126,.F.);
#1666=ORIENTED_EDGE('',*,*,#1667,.T.);
#1667=EDGE_CURVE('3780',#1119,#1191,#1668,.T.);
#1668=LINE('',#1669,#1670);
#1669=CARTESIAN_POINT('',(4.295,0.0,-1.7));
#1670=VECTOR('',#1671,1.0);
#1671=DIRECTION('',(0.0,1.0,0.0));
#1672=ORIENTED_EDGE('',*,*,#1312,.F.);
#1673=ORIENTED_EDGE('',*,*,#1674,.T.);
#1674=EDGE_CURVE('3807',#1305,#1127,#1675,.F.);
#1675=LINE('',#1676,#1677);
#1676=CARTESIAN_POINT('',(4.445,0.0,-1.44));
#1677=VECTOR('',#1678,1.0);
#1678=DIRECTION('',(0.0,1.0,0.0));
#1679=PLANE('',#1680);
#1680=AXIS2_PLACEMENT_3D('',#1681,#1682,#1683);
#1681=CARTESIAN_POINT('',(4.445,0.0,-1.44));
#1682=DIRECTION('',(0.866185586,0.0,-0.499722453));
#1683=DIRECTION('',(-0.499722453,0.0,-0.866185586));
#1684=ADVANCED_FACE('3605',(#1685),#1696,.T.);
#1685=FACE_BOUND('3605',#1686,.T.);
#1686=EDGE_LOOP('',(#1687,#1688,#1694,#1695));
#1687=ORIENTED_EDGE('',*,*,#1304,.F.);
#1688=ORIENTED_EDGE('',*,*,#1689,.T.);
#1689=EDGE_CURVE('3800',#1297,#1135,#1690,.F.);
#1690=LINE('',#1691,#1692);
#1691=CARTESIAN_POINT('',(4.595,0.0,-1.7));
#1692=VECTOR('',#1693,1.0);
#1693=DIRECTION('',(0.0,1.0,0.0));
#1694=ORIENTED_EDGE('',*,*,#1134,.F.);
#1695=ORIENTED_EDGE('',*,*,#1674,.F.);
#1696=PLANE('',#1697);
#1697=AXIS2_PLACEMENT_3D('',#1698,#1699,#1700);
#1698=CARTESIAN_POINT('',(4.595,0.0,-1.7));
#1699=DIRECTION('',(-0.866185586,0.0,-0.499722453));
#1700=DIRECTION('',(-0.499722453,0.0,0.866185586));
#1701=ADVANCED_FACE('3611',(#1702),#1708,.T.);
#1702=FACE_BOUND('3611',#1703,.T.);
#1703=EDGE_LOOP('',(#1704,#1705,#1706,#1707));
#1704=ORIENTED_EDGE('',*,*,#1689,.F.);
#1705=ORIENTED_EDGE('',*,*,#1296,.F.);
#1706=ORIENTED_EDGE('',*,*,#1166,.F.);
#1707=ORIENTED_EDGE('',*,*,#1142,.F.);
#1708=PLANE('',#1709);
#1709=AXIS2_PLACEMENT_3D('',#1710,#1711,#1712);
#1710=CARTESIAN_POINT('',(5.565,0.0,-1.7));
#1711=DIRECTION('',(0.0,0.0,-1.0));
#1712=DIRECTION('',(-1.0,0.0,0.0));
#1713=ADVANCED_FACE('3604',(#1714),#1725,.T.);
#1714=FACE_BOUND('3604',#1715,.T.);
#1715=EDGE_LOOP('',(#1716,#1722,#1723,#1724));
#1716=ORIENTED_EDGE('',*,*,#1717,.T.);
#1717=EDGE_CURVE('3777',#1111,#1193,#1718,.T.);
#1718=LINE('',#1719,#1720);
#1719=CARTESIAN_POINT('',(3.325,0.0,-1.7));
#1720=VECTOR('',#1721,1.0);
#1721=DIRECTION('',(0.0,1.0,0.0));
#1722=ORIENTED_EDGE('',*,*,#1190,.F.);
#1723=ORIENTED_EDGE('',*,*,#1667,.F.);
#1724=ORIENTED_EDGE('',*,*,#1118,.F.);
#1725=PLANE('',#1726);
#1726=AXIS2_PLACEMENT_3D('',#1727,#1728,#1729);
#1727=CARTESIAN_POINT('',(4.295,0.0,-1.7));
#1728=DIRECTION('',(0.0,0.0,-1.0));
#1729=DIRECTION('',(-1.0,0.0,0.0));
#1730=ADVANCED_FACE('3599',(#1731),#1742,.T.);
#1731=FACE_BOUND('3599',#1732,.T.);
#1732=EDGE_LOOP('',(#1733,#1734,#1735,#1736));
#1733=ORIENTED_EDGE('',*,*,#1200,.F.);
#1734=ORIENTED_EDGE('',*,*,#1717,.F.);
#1735=ORIENTED_EDGE('',*,*,#1110,.F.);
#1736=ORIENTED_EDGE('',*,*,#1737,.T.);
#1737=EDGE_CURVE('3782',#1103,#1201,#1738,.T.);
#1738=LINE('',#1739,#1740);
#1739=CARTESIAN_POINT('',(3.175,0.0,-1.44));
#1740=VECTOR('',#1741,1.0);
#1741=DIRECTION('',(0.0,1.0,0.0));
#1742=PLANE('',#1743);
#1743=AXIS2_PLACEMENT_3D('',#1744,#1745,#1746);
#1744=CARTESIAN_POINT('',(3.325,0.0,-1.7));
#1745=DIRECTION('',(-0.866185586,0.0,-0.499722453));
#1746=DIRECTION('',(-0.499722453,0.0,0.866185586));
#1747=ADVANCED_FACE('3597',(#1748),#1759,.T.);
#1748=FACE_BOUND('3597',#1749,.T.);
#1749=EDGE_LOOP('',(#1750,#1751,#1757,#1758));
#1750=ORIENTED_EDGE('',*,*,#1102,.F.);
#1751=ORIENTED_EDGE('',*,*,#1752,.T.);
#1752=EDGE_CURVE('3762',#1095,#1209,#1753,.T.);
#1753=LINE('',#1754,#1755);
#1754=CARTESIAN_POINT('',(3.025,0.0,-1.7));
#1755=VECTOR('',#1756,1.0);
#1756=DIRECTION('',(0.0,1.0,0.0));
#1757=ORIENTED_EDGE('',*,*,#1208,.F.);
#1758=ORIENTED_EDGE('',*,*,#1737,.F.);
#1759=PLANE('',#1760);
#1760=AXIS2_PLACEMENT_3D('',#1761,#1762,#1763);
#1761=CARTESIAN_POINT('',(3.175,0.0,-1.44));
#1762=DIRECTION('',(0.866185586,0.0,-0.499722453));
#1763=DIRECTION('',(-0.499722453,0.0,-0.866185586));
#1764=ADVANCED_FACE('3598',(#1765),#1776,.T.);
#1765=FACE_BOUND('3598',#1766,.T.);
#1766=EDGE_LOOP('',(#1767,#1773,#1774,#1775));
#1767=ORIENTED_EDGE('',*,*,#1768,.T.);
#1768=EDGE_CURVE('3759',#1087,#1217,#1769,.T.);
#1769=LINE('',#1770,#1771);
#1770=CARTESIAN_POINT('',(2.055,0.0,-1.7));
#1771=VECTOR('',#1772,1.0);
#1772=DIRECTION('',(0.0,1.0,0.0));
#1773=ORIENTED_EDGE('',*,*,#1216,.F.);
#1774=ORIENTED_EDGE('',*,*,#1752,.F.);
#1775=ORIENTED_EDGE('',*,*,#1094,.F.);
#1776=PLANE('',#1777);
#1777=AXIS2_PLACEMENT_3D('',#1778,#1779,#1780);
#1778=CARTESIAN_POINT('',(3.025,0.0,-1.7));
#1779=DIRECTION('',(0.0,0.0,-1.0));
#1780=DIRECTION('',(-1.0,0.0,0.0));
#1781=ADVANCED_FACE('3593',(#1782),#1793,.T.);
#1782=FACE_BOUND('3593',#1783,.T.);
#1783=EDGE_LOOP('',(#1784,#1785,#1786,#1787));
#1784=ORIENTED_EDGE('',*,*,#1224,.F.);
#1785=ORIENTED_EDGE('',*,*,#1768,.F.);
#1786=ORIENTED_EDGE('',*,*,#1086,.F.);
#1787=ORIENTED_EDGE('',*,*,#1788,.T.);
#1788=EDGE_CURVE('3764',#1079,#1225,#1789,.T.);
#1789=LINE('',#1790,#1791);
#1790=CARTESIAN_POINT('',(1.905,0.0,-1.44));
#1791=VECTOR('',#1792,1.0);
#1792=DIRECTION('',(0.0,1.0,0.0));
#1793=PLANE('',#1794);
#1794=AXIS2_PLACEMENT_3D('',#1795,#1796,#1797);
#1795=CARTESIAN_POINT('',(2.055,0.0,-1.7));
#1796=DIRECTION('',(-0.866185586,0.0,-0.499722453));
#1797=DIRECTION('',(-0.499722453,0.0,0.866185586));
#1798=ADVANCED_FACE('3588',(#1799),#1810,.T.);
#1799=FACE_BOUND('3588',#1800,.T.);
#1800=EDGE_LOOP('',(#1801,#1802,#1808,#1809));
#1801=ORIENTED_EDGE('',*,*,#1078,.F.);
#1802=ORIENTED_EDGE('',*,*,#1803,.T.);
#1803=EDGE_CURVE('3735',#1071,#1233,#1804,.T.);
#1804=LINE('',#1805,#1806);
#1805=CARTESIAN_POINT('',(1.755,0.0,-1.7));
#1806=VECTOR('',#1807,1.0);
#1807=DIRECTION('',(0.0,1.0,0.0));
#1808=ORIENTED_EDGE('',*,*,#1232,.F.);
#1809=ORIENTED_EDGE('',*,*,#1788,.F.);
#1810=PLANE('',#1811);
#1811=AXIS2_PLACEMENT_3D('',#1812,#1813,#1814);
#1812=CARTESIAN_POINT('',(1.905,0.0,-1.44));
#1813=DIRECTION('',(0.866185586,0.0,-0.499722453));
#1814=DIRECTION('',(-0.499722453,0.0,-0.866185586));
#1815=ADVANCED_FACE('3589',(#1816),#1827,.T.);
#1816=FACE_BOUND('3589',#1817,.T.);
#1817=EDGE_LOOP('',(#1818,#1824,#1825,#1826));
#1818=ORIENTED_EDGE('',*,*,#1819,.T.);
#1819=EDGE_CURVE('3732',#1063,#1241,#1820,.T.);
#1820=LINE('',#1821,#1822);
#1821=CARTESIAN_POINT('',(0.785,0.0,-1.7));
#1822=VECTOR('',#1823,1.0);
#1823=DIRECTION('',(0.0,1.0,0.0));
#1824=ORIENTED_EDGE('',*,*,#1240,.F.);
#1825=ORIENTED_EDGE('',*,*,#1803,.F.);
#1826=ORIENTED_EDGE('',*,*,#1070,.F.);
#1827=PLANE('',#1828);
#1828=AXIS2_PLACEMENT_3D('',#1829,#1830,#1831);
#1829=CARTESIAN_POINT('',(1.755,0.0,-1.7));
#1830=DIRECTION('',(0.0,0.0,-1.0));
#1831=DIRECTION('',(-1.0,0.0,0.0));
#1832=ADVANCED_FACE('3584',(#1833),#1844,.T.);
#1833=FACE_BOUND('3584',#1834,.T.);
#1834=EDGE_LOOP('',(#1835,#1836,#1837,#1838));
#1835=ORIENTED_EDGE('',*,*,#1248,.F.);
#1836=ORIENTED_EDGE('',*,*,#1819,.F.);
#1837=ORIENTED_EDGE('',*,*,#1062,.F.);
#1838=ORIENTED_EDGE('',*,*,#1839,.T.);
#1839=EDGE_CURVE('3737',#1055,#1249,#1840,.T.);
#1840=LINE('',#1841,#1842);
#1841=CARTESIAN_POINT('',(0.635,0.0,-1.44));
#1842=VECTOR('',#1843,1.0);
#1843=DIRECTION('',(0.0,1.0,0.0));
#1844=PLANE('',#1845);
#1845=AXIS2_PLACEMENT_3D('',#1846,#1847,#1848);
#1846=CARTESIAN_POINT('',(0.785,0.0,-1.7));
#1847=DIRECTION('',(-0.866185586,0.0,-0.499722453));
#1848=DIRECTION('',(-0.499722453,0.0,0.866185586));
#1849=ADVANCED_FACE('3582',(#1850),#1861,.T.);
#1850=FACE_BOUND('3582',#1851,.T.);
#1851=EDGE_LOOP('',(#1852,#1853,#1859,#1860));
#1852=ORIENTED_EDGE('',*,*,#1054,.F.);
#1853=ORIENTED_EDGE('',*,*,#1854,.T.);
#1854=EDGE_CURVE('3727',#1047,#1257,#1855,.T.);
#1855=LINE('',#1856,#1857);
#1856=CARTESIAN_POINT('',(0.485,0.0,-1.7));
#1857=VECTOR('',#1858,1.0);
#1858=DIRECTION('',(0.0,1.0,0.0));
#1859=ORIENTED_EDGE('',*,*,#1256,.F.);
#1860=ORIENTED_EDGE('',*,*,#1839,.F.);
#1861=PLANE('',#1862);
#1862=AXIS2_PLACEMENT_3D('',#1863,#1864,#1865);
#1863=CARTESIAN_POINT('',(0.635,0.0,-1.44));
#1864=DIRECTION('',(0.866185586,0.0,-0.499722453));
#1865=DIRECTION('',(-0.499722453,0.0,-0.866185586));
#1866=ADVANCED_FACE('3583',(#1867),#1878,.T.);
#1867=FACE_BOUND('3583',#1868,.T.);
#1868=EDGE_LOOP('',(#1869,#1875,#1876,#1877));
#1869=ORIENTED_EDGE('',*,*,#1870,.T.);
#1870=EDGE_CURVE('3722',#1039,#1265,#1871,.T.);
#1871=LINE('',#1872,#1873);
#1872=CARTESIAN_POINT('',(-0.485,0.0,-1.7));
#1873=VECTOR('',#1874,1.0);
#1874=DIRECTION('',(0.0,1.0,0.0));
#1875=ORIENTED_EDGE('',*,*,#1264,.F.);
#1876=ORIENTED_EDGE('',*,*,#1854,.F.);
#1877=ORIENTED_EDGE('',*,*,#1046,.F.);
#1878=PLANE('',#1879);
#1879=AXIS2_PLACEMENT_3D('',#1880,#1881,#1882);
#1880=CARTESIAN_POINT('',(0.485,0.0,-1.7));
#1881=DIRECTION('',(0.0,0.0,-1.0));
#1882=DIRECTION('',(-1.0,0.0,0.0));
#1883=ADVANCED_FACE('3577',(#1884),#1890,.T.);
#1884=FACE_BOUND('3577',#1885,.T.);
#1885=EDGE_LOOP('',(#1886,#1887,#1888,#1889));
#1886=ORIENTED_EDGE('',*,*,#624,.F.);
#1887=ORIENTED_EDGE('',*,*,#1272,.F.);
#1888=ORIENTED_EDGE('',*,*,#1870,.F.);
#1889=ORIENTED_EDGE('',*,*,#1038,.F.);
#1890=PLANE('',#1891);
#1891=AXIS2_PLACEMENT_3D('',#1892,#1893,#1894);
#1892=CARTESIAN_POINT('',(-0.485,0.0,-1.7));
#1893=DIRECTION('',(-0.866185586,0.0,-0.499722453));
#1894=DIRECTION('',(-0.499722453,0.0,0.866185586));
#1895=ADVANCED_FACE('3665',(#1896),#1921,.T.);
#1896=FACE_BOUND('3665',#1897,.T.);
#1897=EDGE_LOOP('',(#1898,#1906,#1914,#1920));
#1898=ORIENTED_EDGE('',*,*,#1899,.T.);
#1899=EDGE_CURVE('3856',#1339,#1900,#1902,.T.);
#1900=VERTEX_POINT('',#1901);
#1901=CARTESIAN_POINT('',(-0.2,5.5,-0.435));
#1902=LINE('',#1903,#1904);
#1903=CARTESIAN_POINT('',(-0.2,2.5,-0.435));
#1904=VECTOR('',#1905,1.0);
#1905=DIRECTION('',(0.0,1.0,0.0));
#1906=ORIENTED_EDGE('',*,*,#1907,.T.);
#1907=EDGE_CURVE('3829',#1900,#1908,#1910,.F.);
#1908=VERTEX_POINT('',#1909);
#1909=CARTESIAN_POINT('',(-0.2,5.5,-0.835));
#1910=LINE('',#1911,#1912);
#1911=CARTESIAN_POINT('',(-0.2,5.5,-0.835));
#1912=VECTOR('',#1913,1.0);
#1913=DIRECTION('',(0.0,0.0,1.0));
#1914=ORIENTED_EDGE('',*,*,#1915,.T.);
#1915=EDGE_CURVE('3854',#1908,#1321,#1916,.F.);
#1916=LINE('',#1917,#1918);
#1917=CARTESIAN_POINT('',(-0.2,2.5,-0.835));
#1918=VECTOR('',#1919,1.0);
#1919=DIRECTION('',(0.0,1.0,0.0));
#1920=ORIENTED_EDGE('',*,*,#1346,.F.);
#1921=PLANE('',#1922);
#1922=AXIS2_PLACEMENT_3D('',#1923,#1924,#1925);
#1923=CARTESIAN_POINT('',(-0.2,-2.35,-0.835));
#1924=DIRECTION('',(-1.0,0.0,0.0));
#1925=DIRECTION('',(0.0,0.0,1.0));
#1926=ADVANCED_FACE('3668',(#1927),#1945,.T.);
#1927=FACE_BOUND('3668',#1928,.T.);
#1928=EDGE_LOOP('',(#1929,#1930,#1938,#1944));
#1929=ORIENTED_EDGE('',*,*,#1915,.F.);
#1930=ORIENTED_EDGE('',*,*,#1931,.T.);
#1931=EDGE_CURVE('3832',#1908,#1932,#1934,.F.);
#1932=VERTEX_POINT('',#1933);
#1933=CARTESIAN_POINT('',(0.2,5.5,-0.835));
#1934=LINE('',#1935,#1936);
#1935=CARTESIAN_POINT('',(0.2,5.5,-0.835));
#1936=VECTOR('',#1937,1.0);
#1937=DIRECTION('',(-1.0,0.0,0.0));
#1938=ORIENTED_EDGE('',*,*,#1939,.T.);
#1939=EDGE_CURVE('3860',#1932,#1323,#1940,.F.);
#1940=LINE('',#1941,#1942);
#1941=CARTESIAN_POINT('',(0.2,2.5,-0.835));
#1942=VECTOR('',#1943,1.0);
#1943=DIRECTION('',(0.0,1.0,0.0));
#1944=ORIENTED_EDGE('',*,*,#1320,.F.);
#1945=PLANE('',#1946);
#1946=AXIS2_PLACEMENT_3D('',#1947,#1948,#1949);
#1947=CARTESIAN_POINT('',(0.2,-2.35,-0.835));
#1948=DIRECTION('',(0.0,0.0,-1.0));
#1949=DIRECTION('',(-1.0,0.0,0.0));
#1950=ADVANCED_FACE('3667',(#1951),#1969,.T.);
#1951=FACE_BOUND('3667',#1952,.T.);
#1952=EDGE_LOOP('',(#1953,#1954,#1962,#1968));
#1953=ORIENTED_EDGE('',*,*,#1939,.F.);
#1954=ORIENTED_EDGE('',*,*,#1955,.T.);
#1955=EDGE_CURVE('3831',#1932,#1956,#1958,.F.);
#1956=VERTEX_POINT('',#1957);
#1957=CARTESIAN_POINT('',(0.2,5.5,-0.435));
#1958=LINE('',#1959,#1960);
#1959=CARTESIAN_POINT('',(0.2,5.5,-0.435));
#1960=VECTOR('',#1961,1.0);
#1961=DIRECTION('',(0.0,0.0,-1.0));
#1962=ORIENTED_EDGE('',*,*,#1963,.T.);
#1963=EDGE_CURVE('3858',#1956,#1331,#1964,.F.);
#1964=LINE('',#1965,#1966);
#1965=CARTESIAN_POINT('',(0.2,2.5,-0.435));
#1966=VECTOR('',#1967,1.0);
#1967=DIRECTION('',(0.0,1.0,0.0));
#1968=ORIENTED_EDGE('',*,*,#1330,.F.);
#1969=PLANE('',#1970);
#1970=AXIS2_PLACEMENT_3D('',#1971,#1972,#1973);
#1971=CARTESIAN_POINT('',(0.2,-2.35,-0.435));
#1972=DIRECTION('',(1.0,0.0,0.0));
#1973=DIRECTION('',(0.0,0.0,-1.0));
#1974=ADVANCED_FACE('3666',(#1975),#1986,.T.);
#1975=FACE_BOUND('3666',#1976,.T.);
#1976=EDGE_LOOP('',(#1977,#1978,#1984,#1985));
#1977=ORIENTED_EDGE('',*,*,#1963,.F.);
#1978=ORIENTED_EDGE('',*,*,#1979,.T.);
#1979=EDGE_CURVE('3830',#1956,#1900,#1980,.F.);
#1980=LINE('',#1981,#1982);
#1981=CARTESIAN_POINT('',(-0.2,5.5,-0.435));
#1982=VECTOR('',#1983,1.0);
#1983=DIRECTION('',(1.0,0.0,0.0));
#1984=ORIENTED_EDGE('',*,*,#1899,.F.);
#1985=ORIENTED_EDGE('',*,*,#1338,.F.);
#1986=PLANE('',#1987);
#1987=AXIS2_PLACEMENT_3D('',#1988,#1989,#1990);
#1988=CARTESIAN_POINT('',(-0.2,-2.35,-0.435));
#1989=DIRECTION('',(0.0,0.0,1.0));
#1990=DIRECTION('',(1.0,0.0,0.0));
#1991=ADVANCED_FACE('3664',(#1992),#1998,.T.);
#1992=FACE_BOUND('3664',#1993,.T.);
#1993=EDGE_LOOP('',(#1994,#1995,#1996,#1997));
#1994=ORIENTED_EDGE('',*,*,#1979,.F.);
#1995=ORIENTED_EDGE('',*,*,#1955,.F.);
#1996=ORIENTED_EDGE('',*,*,#1931,.F.);
#1997=ORIENTED_EDGE('',*,*,#1907,.F.);
#1998=PLANE('',#1999);
#1999=AXIS2_PLACEMENT_3D('',#2000,#2001,#2002);
#2000=CARTESIAN_POINT('',(0.0,5.5,0.0));
#2001=DIRECTION('',(0.0,1.0,0.0));
#2002=DIRECTION('',(1.0,0.0,0.0));
#2003=ADVANCED_FACE('3669',(#2004),#2029,.T.);
#2004=FACE_BOUND('3669',#2005,.T.);
#2005=EDGE_LOOP('',(#2006,#2014,#2022,#2028));
#2006=ORIENTED_EDGE('',*,*,#2007,.T.);
#2007=EDGE_CURVE('3864',#1373,#2008,#2010,.T.);
#2008=VERTEX_POINT('',#2009);
#2009=CARTESIAN_POINT('',(0.2,5.5,0.835));
#2010=LINE('',#2011,#2012);
#2011=CARTESIAN_POINT('',(0.2,2.5,0.835));
#2012=VECTOR('',#2013,1.0);
#2013=DIRECTION('',(0.0,1.0,0.0));
#2014=ORIENTED_EDGE('',*,*,#2015,.T.);
#2015=EDGE_CURVE('3833',#2008,#2016,#2018,.F.);
#2016=VERTEX_POINT('',#2017);
#2017=CARTESIAN_POINT('',(-0.2,5.5,0.835));
#2018=LINE('',#2019,#2020);
#2019=CARTESIAN_POINT('',(-0.2,5.5,0.835));
#2020=VECTOR('',#2021,1.0);
#2021=DIRECTION('',(1.0,0.0,0.0));
#2022=ORIENTED_EDGE('',*,*,#2023,.T.);
#2023=EDGE_CURVE('3862',#2016,#1355,#2024,.F.);
#2024=LINE('',#2025,#2026);
#2025=CARTESIAN_POINT('',(-0.2,2.5,0.835));
#2026=VECTOR('',#2027,1.0);
#2027=DIRECTION('',(0.0,1.0,0.0));
#2028=ORIENTED_EDGE('',*,*,#1380,.F.);
#2029=PLANE('',#2030);
#2030=AXIS2_PLACEMENT_3D('',#2031,#2032,#2033);
#2031=CARTESIAN_POINT('',(-0.2,-2.35,0.835));
#2032=DIRECTION('',(0.0,0.0,1.0));
#2033=DIRECTION('',(1.0,0.0,0.0));
#2034=ADVANCED_FACE('3672',(#2035),#2053,.T.);
#2035=FACE_BOUND('3672',#2036,.T.);
#2036=EDGE_LOOP('',(#2037,#2038,#2046,#2052));
#2037=ORIENTED_EDGE('',*,*,#2023,.F.);
#2038=ORIENTED_EDGE('',*,*,#2039,.T.);
#2039=EDGE_CURVE('3836',#2016,#2040,#2042,.F.);
#2040=VERTEX_POINT('',#2041);
#2041=CARTESIAN_POINT('',(-0.2,5.5,0.435));
#2042=LINE('',#2043,#2044);
#2043=CARTESIAN_POINT('',(-0.2,5.5,0.435));
#2044=VECTOR('',#2045,1.0);
#2045=DIRECTION('',(0.0,0.0,1.0));
#2046=ORIENTED_EDGE('',*,*,#2047,.T.);
#2047=EDGE_CURVE('3868',#2040,#1357,#2048,.F.);
#2048=LINE('',#2049,#2050);
#2049=CARTESIAN_POINT('',(-0.2,2.5,0.435));
#2050=VECTOR('',#2051,1.0);
#2051=DIRECTION('',(0.0,1.0,0.0));
#2052=ORIENTED_EDGE('',*,*,#1354,.F.);
#2053=PLANE('',#2054);
#2054=AXIS2_PLACEMENT_3D('',#2055,#2056,#2057);
#2055=CARTESIAN_POINT('',(-0.2,-2.35,0.435));
#2056=DIRECTION('',(-1.0,0.0,0.0));
#2057=DIRECTION('',(0.0,0.0,1.0));
#2058=ADVANCED_FACE('3671',(#2059),#2077,.T.);
#2059=FACE_BOUND('3671',#2060,.T.);
#2060=EDGE_LOOP('',(#2061,#2062,#2070,#2076));
#2061=ORIENTED_EDGE('',*,*,#2047,.F.);
#2062=ORIENTED_EDGE('',*,*,#2063,.T.);
#2063=EDGE_CURVE('3835',#2040,#2064,#2066,.F.);
#2064=VERTEX_POINT('',#2065);
#2065=CARTESIAN_POINT('',(0.2,5.5,0.435));
#2066=LINE('',#2067,#2068);
#2067=CARTESIAN_POINT('',(0.2,5.5,0.435));
#2068=VECTOR('',#2069,1.0);
#2069=DIRECTION('',(-1.0,0.0,0.0));
#2070=ORIENTED_EDGE('',*,*,#2071,.T.);
#2071=EDGE_CURVE('3866',#2064,#1365,#2072,.F.);
#2072=LINE('',#2073,#2074);
#2073=CARTESIAN_POINT('',(0.2,2.5,0.435));
#2074=VECTOR('',#2075,1.0);
#2075=DIRECTION('',(0.0,1.0,0.0));
#2076=ORIENTED_EDGE('',*,*,#1364,.F.);
#2077=PLANE('',#2078);
#2078=AXIS2_PLACEMENT_3D('',#2079,#2080,#2081);
#2079=CARTESIAN_POINT('',(0.2,-2.35,0.435));
#2080=DIRECTION('',(0.0,0.0,-1.0));
#2081=DIRECTION('',(-1.0,0.0,0.0));
#2082=ADVANCED_FACE('3670',(#2083),#2094,.T.);
#2083=FACE_BOUND('3670',#2084,.T.);
#2084=EDGE_LOOP('',(#2085,#2086,#2092,#2093));
#2085=ORIENTED_EDGE('',*,*,#2071,.F.);
#2086=ORIENTED_EDGE('',*,*,#2087,.T.);
#2087=EDGE_CURVE('3834',#2064,#2008,#2088,.F.);
#2088=LINE('',#2089,#2090);
#2089=CARTESIAN_POINT('',(0.2,5.5,0.835));
#2090=VECTOR('',#2091,1.0);
#2091=DIRECTION('',(0.0,0.0,-1.0));
#2092=ORIENTED_EDGE('',*,*,#2007,.F.);
#2093=ORIENTED_EDGE('',*,*,#1372,.F.);
#2094=PLANE('',#2095);
#2095=AXIS2_PLACEMENT_3D('',#2096,#2097,#2098);
#2096=CARTESIAN_POINT('',(0.2,-2.35,0.835));
#2097=DIRECTION('',(1.0,0.0,0.0));
#2098=DIRECTION('',(0.0,0.0,-1.0));
#2099=ADVANCED_FACE('3613',(#2100),#2106,.T.);
#2100=FACE_BOUND('3613',#2101,.T.);
#2101=EDGE_LOOP('',(#2102,#2103,#2104,#2105));
#2102=ORIENTED_EDGE('',*,*,#2087,.F.);
#2103=ORIENTED_EDGE('',*,*,#2063,.F.);
#2104=ORIENTED_EDGE('',*,*,#2039,.F.);
#2105=ORIENTED_EDGE('',*,*,#2015,.F.);
#2106=PLANE('',#2107);
#2107=AXIS2_PLACEMENT_3D('',#2108,#2109,#2110);
#2108=CARTESIAN_POINT('',(0.0,5.5,0.0));
#2109=DIRECTION('',(0.0,1.0,0.0));
#2110=DIRECTION('',(1.0,0.0,0.0));
#2111=ADVANCED_FACE('3675',(#2112),#2137,.T.);
#2112=FACE_BOUND('3675',#2113,.T.);
#2113=EDGE_LOOP('',(#2114,#2122,#2130,#2136));
#2114=ORIENTED_EDGE('',*,*,#2115,.T.);
#2115=EDGE_CURVE('3904',#1407,#2116,#2118,.T.);
#2116=VERTEX_POINT('',#2117);
#2117=CARTESIAN_POINT('',(1.07,5.5,-0.435));
#2118=LINE('',#2119,#2120);
#2119=CARTESIAN_POINT('',(1.07,2.5,-0.435));
#2120=VECTOR('',#2121,1.0);
#2121=DIRECTION('',(0.0,1.0,0.0));
#2122=ORIENTED_EDGE('',*,*,#2123,.T.);
#2123=EDGE_CURVE('3877',#2116,#2124,#2126,.F.);
#2124=VERTEX_POINT('',#2125);
#2125=CARTESIAN_POINT('',(1.07,5.5,-0.835));
#2126=LINE('',#2127,#2128);
#2127=CARTESIAN_POINT('',(1.07,5.5,-0.835));
#2128=VECTOR('',#2129,1.0);
#2129=DIRECTION('',(0.0,0.0,1.0));
#2130=ORIENTED_EDGE('',*,*,#2131,.T.);
#2131=EDGE_CURVE('3902',#2124,#1389,#2132,.F.);
#2132=LINE('',#2133,#2134);
#2133=CARTESIAN_POINT('',(1.07,2.5,-0.835));
#2134=VECTOR('',#2135,1.0);
#2135=DIRECTION('',(0.0,1.0,0.0));
#2136=ORIENTED_EDGE('',*,*,#1414,.F.);
#2137=PLANE('',#2138);
#2138=AXIS2_PLACEMENT_3D('',#2139,#2140,#2141);
#2139=CARTESIAN_POINT('',(1.07,-2.35,-0.835));
#2140=DIRECTION('',(-1.0,0.0,0.0));
#2141=DIRECTION('',(0.0,0.0,1.0));
#2142=ADVANCED_FACE('3678',(#2143),#2161,.T.);
#2143=FACE_BOUND('3678',#2144,.T.);
#2144=EDGE_LOOP('',(#2145,#2146,#2154,#2160));
#2145=ORIENTED_EDGE('',*,*,#2131,.F.);
#2146=ORIENTED_EDGE('',*,*,#2147,.T.);
#2147=EDGE_CURVE('3880',#2124,#2148,#2150,.F.);
#2148=VERTEX_POINT('',#2149);
#2149=CARTESIAN_POINT('',(1.47,5.5,-0.835));
#2150=LINE('',#2151,#2152);
#2151=CARTESIAN_POINT('',(1.47,5.5,-0.835));
#2152=VECTOR('',#2153,1.0);
#2153=DIRECTION('',(-1.0,0.0,0.0));
#2154=ORIENTED_EDGE('',*,*,#2155,.T.);
#2155=EDGE_CURVE('3908',#2148,#1391,#2156,.F.);
#2156=LINE('',#2157,#2158);
#2157=CARTESIAN_POINT('',(1.47,2.5,-0.835));
#2158=VECTOR('',#2159,1.0);
#2159=DIRECTION('',(0.0,1.0,0.0));
#2160=ORIENTED_EDGE('',*,*,#1388,.F.);
#2161=PLANE('',#2162);
#2162=AXIS2_PLACEMENT_3D('',#2163,#2164,#2165);
#2163=CARTESIAN_POINT('',(1.47,-2.35,-0.835));
#2164=DIRECTION('',(0.0,0.0,-1.0));
#2165=DIRECTION('',(-1.0,0.0,0.0));
#2166=ADVANCED_FACE('3677',(#2167),#2185,.T.);
#2167=FACE_BOUND('3677',#2168,.T.);
#2168=EDGE_LOOP('',(#2169,#2170,#2178,#2184));
#2169=ORIENTED_EDGE('',*,*,#2155,.F.);
#2170=ORIENTED_EDGE('',*,*,#2171,.T.);
#2171=EDGE_CURVE('3879',#2148,#2172,#2174,.F.);
#2172=VERTEX_POINT('',#2173);
#2173=CARTESIAN_POINT('',(1.47,5.5,-0.435));
#2174=LINE('',#2175,#2176);
#2175=CARTESIAN_POINT('',(1.47,5.5,-0.435));
#2176=VECTOR('',#2177,1.0);
#2177=DIRECTION('',(0.0,0.0,-1.0));
#2178=ORIENTED_EDGE('',*,*,#2179,.T.);
#2179=EDGE_CURVE('3906',#2172,#1399,#2180,.F.);
#2180=LINE('',#2181,#2182);
#2181=CARTESIAN_POINT('',(1.47,2.5,-0.435));
#2182=VECTOR('',#2183,1.0);
#2183=DIRECTION('',(0.0,1.0,0.0));
#2184=ORIENTED_EDGE('',*,*,#1398,.F.);
#2185=PLANE('',#2186);
#2186=AXIS2_PLACEMENT_3D('',#2187,#2188,#2189);
#2187=CARTESIAN_POINT('',(1.47,-2.35,-0.435));
#2188=DIRECTION('',(1.0,0.0,0.0));
#2189=DIRECTION('',(0.0,0.0,-1.0));
#2190=ADVANCED_FACE('3676',(#2191),#2202,.T.);
#2191=FACE_BOUND('3676',#2192,.T.);
#2192=EDGE_LOOP('',(#2193,#2194,#2200,#2201));
#2193=ORIENTED_EDGE('',*,*,#2179,.F.);
#2194=ORIENTED_EDGE('',*,*,#2195,.T.);
#2195=EDGE_CURVE('3878',#2172,#2116,#2196,.F.);
#2196=LINE('',#2197,#2198);
#2197=CARTESIAN_POINT('',(1.07,5.5,-0.435));
#2198=VECTOR('',#2199,1.0);
#2199=DIRECTION('',(1.0,0.0,0.0));
#2200=ORIENTED_EDGE('',*,*,#2115,.F.);
#2201=ORIENTED_EDGE('',*,*,#1406,.F.);
#2202=PLANE('',#2203);
#2203=AXIS2_PLACEMENT_3D('',#2204,#2205,#2206);
#2204=CARTESIAN_POINT('',(1.07,-2.35,-0.435));
#2205=DIRECTION('',(0.0,0.0,1.0));
#2206=DIRECTION('',(1.0,0.0,0.0));
#2207=ADVANCED_FACE('3674',(#2208),#2214,.T.);
#2208=FACE_BOUND('3674',#2209,.T.);
#2209=EDGE_LOOP('',(#2210,#2211,#2212,#2213));
#2210=ORIENTED_EDGE('',*,*,#2195,.F.);
#2211=ORIENTED_EDGE('',*,*,#2171,.F.);
#2212=ORIENTED_EDGE('',*,*,#2147,.F.);
#2213=ORIENTED_EDGE('',*,*,#2123,.F.);
#2214=PLANE('',#2215);
#2215=AXIS2_PLACEMENT_3D('',#2216,#2217,#2218);
#2216=CARTESIAN_POINT('',(1.27,5.5,0.0));
#2217=DIRECTION('',(0.0,1.0,0.0));
#2218=DIRECTION('',(1.0,0.0,0.0));
#2219=ADVANCED_FACE('3679',(#2220),#2245,.T.);
#2220=FACE_BOUND('3679',#2221,.T.);
#2221=EDGE_LOOP('',(#2222,#2230,#2238,#2244));
#2222=ORIENTED_EDGE('',*,*,#2223,.T.);
#2223=EDGE_CURVE('3912',#1441,#2224,#2226,.T.);
#2224=VERTEX_POINT('',#2225);
#2225=CARTESIAN_POINT('',(1.47,5.5,0.835));
#2226=LINE('',#2227,#2228);
#2227=CARTESIAN_POINT('',(1.47,2.5,0.835));
#2228=VECTOR('',#2229,1.0);
#2229=DIRECTION('',(0.0,1.0,0.0));
#2230=ORIENTED_EDGE('',*,*,#2231,.T.);
#2231=EDGE_CURVE('3881',#2224,#2232,#2234,.F.);
#2232=VERTEX_POINT('',#2233);
#2233=CARTESIAN_POINT('',(1.07,5.5,0.835));
#2234=LINE('',#2235,#2236);
#2235=CARTESIAN_POINT('',(1.07,5.5,0.835));
#2236=VECTOR('',#2237,1.0);
#2237=DIRECTION('',(1.0,0.0,0.0));
#2238=ORIENTED_EDGE('',*,*,#2239,.T.);
#2239=EDGE_CURVE('3910',#2232,#1423,#2240,.F.);
#2240=LINE('',#2241,#2242);
#2241=CARTESIAN_POINT('',(1.07,2.5,0.835));
#2242=VECTOR('',#2243,1.0);
#2243=DIRECTION('',(0.0,1.0,0.0));
#2244=ORIENTED_EDGE('',*,*,#1448,.F.);
#2245=PLANE('',#2246);
#2246=AXIS2_PLACEMENT_3D('',#2247,#2248,#2249);
#2247=CARTESIAN_POINT('',(1.07,-2.35,0.835));
#2248=DIRECTION('',(0.0,0.0,1.0));
#2249=DIRECTION('',(1.0,0.0,0.0));
#2250=ADVANCED_FACE('3682',(#2251),#2269,.T.);
#2251=FACE_BOUND('3682',#2252,.T.);
#2252=EDGE_LOOP('',(#2253,#2254,#2262,#2268));
#2253=ORIENTED_EDGE('',*,*,#2239,.F.);
#2254=ORIENTED_EDGE('',*,*,#2255,.T.);
#2255=EDGE_CURVE('3884',#2232,#2256,#2258,.F.);
#2256=VERTEX_POINT('',#2257);
#2257=CARTESIAN_POINT('',(1.07,5.5,0.435));
#2258=LINE('',#2259,#2260);
#2259=CARTESIAN_POINT('',(1.07,5.5,0.435));
#2260=VECTOR('',#2261,1.0);
#2261=DIRECTION('',(0.0,0.0,1.0));
#2262=ORIENTED_EDGE('',*,*,#2263,.T.);
#2263=EDGE_CURVE('3916',#2256,#1425,#2264,.F.);
#2264=LINE('',#2265,#2266);
#2265=CARTESIAN_POINT('',(1.07,2.5,0.435));
#2266=VECTOR('',#2267,1.0);
#2267=DIRECTION('',(0.0,1.0,0.0));
#2268=ORIENTED_EDGE('',*,*,#1422,.F.);
#2269=PLANE('',#2270);
#2270=AXIS2_PLACEMENT_3D('',#2271,#2272,#2273);
#2271=CARTESIAN_POINT('',(1.07,-2.35,0.435));
#2272=DIRECTION('',(-1.0,0.0,0.0));
#2273=DIRECTION('',(0.0,0.0,1.0));
#2274=ADVANCED_FACE('3681',(#2275),#2293,.T.);
#2275=FACE_BOUND('3681',#2276,.T.);
#2276=EDGE_LOOP('',(#2277,#2278,#2286,#2292));
#2277=ORIENTED_EDGE('',*,*,#2263,.F.);
#2278=ORIENTED_EDGE('',*,*,#2279,.T.);
#2279=EDGE_CURVE('3883',#2256,#2280,#2282,.F.);
#2280=VERTEX_POINT('',#2281);
#2281=CARTESIAN_POINT('',(1.47,5.5,0.435));
#2282=LINE('',#2283,#2284);
#2283=CARTESIAN_POINT('',(1.47,5.5,0.435));
#2284=VECTOR('',#2285,1.0);
#2285=DIRECTION('',(-1.0,0.0,0.0));
#2286=ORIENTED_EDGE('',*,*,#2287,.T.);
#2287=EDGE_CURVE('3914',#2280,#1433,#2288,.F.);
#2288=LINE('',#2289,#2290);
#2289=CARTESIAN_POINT('',(1.47,2.5,0.435));
#2290=VECTOR('',#2291,1.0);
#2291=DIRECTION('',(0.0,1.0,0.0));
#2292=ORIENTED_EDGE('',*,*,#1432,.F.);
#2293=PLANE('',#2294);
#2294=AXIS2_PLACEMENT_3D('',#2295,#2296,#2297);
#2295=CARTESIAN_POINT('',(1.47,-2.35,0.435));
#2296=DIRECTION('',(0.0,0.0,-1.0));
#2297=DIRECTION('',(-1.0,0.0,0.0));
#2298=ADVANCED_FACE('3680',(#2299),#2310,.T.);
#2299=FACE_BOUND('3680',#2300,.T.);
#2300=EDGE_LOOP('',(#2301,#2302,#2308,#2309));
#2301=ORIENTED_EDGE('',*,*,#2287,.F.);
#2302=ORIENTED_EDGE('',*,*,#2303,.T.);
#2303=EDGE_CURVE('3882',#2280,#2224,#2304,.F.);
#2304=LINE('',#2305,#2306);
#2305=CARTESIAN_POINT('',(1.47,5.5,0.835));
#2306=VECTOR('',#2307,1.0);
#2307=DIRECTION('',(0.0,0.0,-1.0));
#2308=ORIENTED_EDGE('',*,*,#2223,.F.);
#2309=ORIENTED_EDGE('',*,*,#1440,.F.);
#2310=PLANE('',#2311);
#2311=AXIS2_PLACEMENT_3D('',#2312,#2313,#2314);
#2312=CARTESIAN_POINT('',(1.47,-2.35,0.835));
#2313=DIRECTION('',(1.0,0.0,0.0));
#2314=DIRECTION('',(0.0,0.0,-1.0));
#2315=ADVANCED_FACE('3623',(#2316),#2322,.T.);
#2316=FACE_BOUND('3623',#2317,.T.);
#2317=EDGE_LOOP('',(#2318,#2319,#2320,#2321));
#2318=ORIENTED_EDGE('',*,*,#2303,.F.);
#2319=ORIENTED_EDGE('',*,*,#2279,.F.);
#2320=ORIENTED_EDGE('',*,*,#2255,.F.);
#2321=ORIENTED_EDGE('',*,*,#2231,.F.);
#2322=PLANE('',#2323);
#2323=AXIS2_PLACEMENT_3D('',#2324,#2325,#2326);
#2324=CARTESIAN_POINT('',(1.27,5.5,0.0));
#2325=DIRECTION('',(0.0,1.0,0.0));
#2326=DIRECTION('',(1.0,0.0,0.0));
#2327=ADVANCED_FACE('3685',(#2328),#2353,.T.);
#2328=FACE_BOUND('3685',#2329,.T.);
#2329=EDGE_LOOP('',(#2330,#2338,#2346,#2352));
#2330=ORIENTED_EDGE('',*,*,#2331,.T.);
#2331=EDGE_CURVE('3952',#1475,#2332,#2334,.T.);
#2332=VERTEX_POINT('',#2333);
#2333=CARTESIAN_POINT('',(2.34,5.5,-0.435));
#2334=LINE('',#2335,#2336);
#2335=CARTESIAN_POINT('',(2.34,2.5,-0.435));
#2336=VECTOR('',#2337,1.0);
#2337=DIRECTION('',(0.0,1.0,0.0));
#2338=ORIENTED_EDGE('',*,*,#2339,.T.);
#2339=EDGE_CURVE('3925',#2332,#2340,#2342,.F.);
#2340=VERTEX_POINT('',#2341);
#2341=CARTESIAN_POINT('',(2.34,5.5,-0.835));
#2342=LINE('',#2343,#2344);
#2343=CARTESIAN_POINT('',(2.34,5.5,-0.835));
#2344=VECTOR('',#2345,1.0);
#2345=DIRECTION('',(0.0,0.0,1.0));
#2346=ORIENTED_EDGE('',*,*,#2347,.T.);
#2347=EDGE_CURVE('3950',#2340,#1457,#2348,.F.);
#2348=LINE('',#2349,#2350);
#2349=CARTESIAN_POINT('',(2.34,2.5,-0.835));
#2350=VECTOR('',#2351,1.0);
#2351=DIRECTION('',(0.0,1.0,0.0));
#2352=ORIENTED_EDGE('',*,*,#1482,.F.);
#2353=PLANE('',#2354);
#2354=AXIS2_PLACEMENT_3D('',#2355,#2356,#2357);
#2355=CARTESIAN_POINT('',(2.34,-2.35,-0.835));
#2356=DIRECTION('',(-1.0,0.0,0.0));
#2357=DIRECTION('',(0.0,0.0,1.0));
#2358=ADVANCED_FACE('3688',(#2359),#2377,.T.);
#2359=FACE_BOUND('3688',#2360,.T.);
#2360=EDGE_LOOP('',(#2361,#2362,#2370,#2376));
#2361=ORIENTED_EDGE('',*,*,#2347,.F.);
#2362=ORIENTED_EDGE('',*,*,#2363,.T.);
#2363=EDGE_CURVE('3928',#2340,#2364,#2366,.F.);
#2364=VERTEX_POINT('',#2365);
#2365=CARTESIAN_POINT('',(2.74,5.5,-0.835));
#2366=LINE('',#2367,#2368);
#2367=CARTESIAN_POINT('',(2.74,5.5,-0.835));
#2368=VECTOR('',#2369,1.0);
#2369=DIRECTION('',(-1.0,0.0,0.0));
#2370=ORIENTED_EDGE('',*,*,#2371,.T.);
#2371=EDGE_CURVE('3956',#2364,#1459,#2372,.F.);
#2372=LINE('',#2373,#2374);
#2373=CARTESIAN_POINT('',(2.74,2.5,-0.835));
#2374=VECTOR('',#2375,1.0);
#2375=DIRECTION('',(0.0,1.0,0.0));
#2376=ORIENTED_EDGE('',*,*,#1456,.F.);
#2377=PLANE('',#2378);
#2378=AXIS2_PLACEMENT_3D('',#2379,#2380,#2381);
#2379=CARTESIAN_POINT('',(2.74,-2.35,-0.835));
#2380=DIRECTION('',(0.0,0.0,-1.0));
#2381=DIRECTION('',(-1.0,0.0,0.0));
#2382=ADVANCED_FACE('3687',(#2383),#2401,.T.);
#2383=FACE_BOUND('3687',#2384,.T.);
#2384=EDGE_LOOP('',(#2385,#2386,#2394,#2400));
#2385=ORIENTED_EDGE('',*,*,#2371,.F.);
#2386=ORIENTED_EDGE('',*,*,#2387,.T.);
#2387=EDGE_CURVE('3927',#2364,#2388,#2390,.F.);
#2388=VERTEX_POINT('',#2389);
#2389=CARTESIAN_POINT('',(2.74,5.5,-0.435));
#2390=LINE('',#2391,#2392);
#2391=CARTESIAN_POINT('',(2.74,5.5,-0.435));
#2392=VECTOR('',#2393,1.0);
#2393=DIRECTION('',(0.0,0.0,-1.0));
#2394=ORIENTED_EDGE('',*,*,#2395,.T.);
#2395=EDGE_CURVE('3954',#2388,#1467,#2396,.F.);
#2396=LINE('',#2397,#2398);
#2397=CARTESIAN_POINT('',(2.74,2.5,-0.435));
#2398=VECTOR('',#2399,1.0);
#2399=DIRECTION('',(0.0,1.0,0.0));
#2400=ORIENTED_EDGE('',*,*,#1466,.F.);
#2401=PLANE('',#2402);
#2402=AXIS2_PLACEMENT_3D('',#2403,#2404,#2405);
#2403=CARTESIAN_POINT('',(2.74,-2.35,-0.435));
#2404=DIRECTION('',(1.0,0.0,0.0));
#2405=DIRECTION('',(0.0,0.0,-1.0));
#2406=ADVANCED_FACE('3686',(#2407),#2418,.T.);
#2407=FACE_BOUND('3686',#2408,.T.);
#2408=EDGE_LOOP('',(#2409,#2410,#2416,#2417));
#2409=ORIENTED_EDGE('',*,*,#2395,.F.);
#2410=ORIENTED_EDGE('',*,*,#2411,.T.);
#2411=EDGE_CURVE('3926',#2388,#2332,#2412,.F.);
#2412=LINE('',#2413,#2414);
#2413=CARTESIAN_POINT('',(2.34,5.5,-0.435));
#2414=VECTOR('',#2415,1.0);
#2415=DIRECTION('',(1.0,0.0,0.0));
#2416=ORIENTED_EDGE('',*,*,#2331,.F.);
#2417=ORIENTED_EDGE('',*,*,#1474,.F.);
#2418=PLANE('',#2419);
#2419=AXIS2_PLACEMENT_3D('',#2420,#2421,#2422);
#2420=CARTESIAN_POINT('',(2.34,-2.35,-0.435));
#2421=DIRECTION('',(0.0,0.0,1.0));
#2422=DIRECTION('',(1.0,0.0,0.0));
#2423=ADVANCED_FACE('3684',(#2424),#2430,.T.);
#2424=FACE_BOUND('3684',#2425,.T.);
#2425=EDGE_LOOP('',(#2426,#2427,#2428,#2429));
#2426=ORIENTED_EDGE('',*,*,#2411,.F.);
#2427=ORIENTED_EDGE('',*,*,#2387,.F.);
#2428=ORIENTED_EDGE('',*,*,#2363,.F.);
#2429=ORIENTED_EDGE('',*,*,#2339,.F.);
#2430=PLANE('',#2431);
#2431=AXIS2_PLACEMENT_3D('',#2432,#2433,#2434);
#2432=CARTESIAN_POINT('',(2.54,5.5,0.0));
#2433=DIRECTION('',(0.0,1.0,0.0));
#2434=DIRECTION('',(1.0,0.0,0.0));
#2435=ADVANCED_FACE('3689',(#2436),#2461,.T.);
#2436=FACE_BOUND('3689',#2437,.T.);
#2437=EDGE_LOOP('',(#2438,#2446,#2454,#2460));
#2438=ORIENTED_EDGE('',*,*,#2439,.T.);
#2439=EDGE_CURVE('3960',#1509,#2440,#2442,.T.);
#2440=VERTEX_POINT('',#2441);
#2441=CARTESIAN_POINT('',(2.74,5.5,0.835));
#2442=LINE('',#2443,#2444);
#2443=CARTESIAN_POINT('',(2.74,2.5,0.835));
#2444=VECTOR('',#2445,1.0);
#2445=DIRECTION('',(0.0,1.0,0.0));
#2446=ORIENTED_EDGE('',*,*,#2447,.T.);
#2447=EDGE_CURVE('3929',#2440,#2448,#2450,.F.);
#2448=VERTEX_POINT('',#2449);
#2449=CARTESIAN_POINT('',(2.34,5.5,0.835));
#2450=LINE('',#2451,#2452);
#2451=CARTESIAN_POINT('',(2.34,5.5,0.835));
#2452=VECTOR('',#2453,1.0);
#2453=DIRECTION('',(1.0,0.0,0.0));
#2454=ORIENTED_EDGE('',*,*,#2455,.T.);
#2455=EDGE_CURVE('3958',#2448,#1491,#2456,.F.);
#2456=LINE('',#2457,#2458);
#2457=CARTESIAN_POINT('',(2.34,2.5,0.835));
#2458=VECTOR('',#2459,1.0);
#2459=DIRECTION('',(0.0,1.0,0.0));
#2460=ORIENTED_EDGE('',*,*,#1516,.F.);
#2461=PLANE('',#2462);
#2462=AXIS2_PLACEMENT_3D('',#2463,#2464,#2465);
#2463=CARTESIAN_POINT('',(2.34,-2.35,0.835));
#2464=DIRECTION('',(0.0,0.0,1.0));
#2465=DIRECTION('',(1.0,0.0,0.0));
#2466=ADVANCED_FACE('3692',(#2467),#2485,.T.);
#2467=FACE_BOUND('3692',#2468,.T.);
#2468=EDGE_LOOP('',(#2469,#2470,#2478,#2484));
#2469=ORIENTED_EDGE('',*,*,#2455,.F.);
#2470=ORIENTED_EDGE('',*,*,#2471,.T.);
#2471=EDGE_CURVE('3932',#2448,#2472,#2474,.F.);
#2472=VERTEX_POINT('',#2473);
#2473=CARTESIAN_POINT('',(2.34,5.5,0.435));
#2474=LINE('',#2475,#2476);
#2475=CARTESIAN_POINT('',(2.34,5.5,0.435));
#2476=VECTOR('',#2477,1.0);
#2477=DIRECTION('',(0.0,0.0,1.0));
#2478=ORIENTED_EDGE('',*,*,#2479,.T.);
#2479=EDGE_CURVE('3964',#2472,#1493,#2480,.F.);
#2480=LINE('',#2481,#2482);
#2481=CARTESIAN_POINT('',(2.34,2.5,0.435));
#2482=VECTOR('',#2483,1.0);
#2483=DIRECTION('',(0.0,1.0,0.0));
#2484=ORIENTED_EDGE('',*,*,#1490,.F.);
#2485=PLANE('',#2486);
#2486=AXIS2_PLACEMENT_3D('',#2487,#2488,#2489);
#2487=CARTESIAN_POINT('',(2.34,-2.35,0.435));
#2488=DIRECTION('',(-1.0,0.0,0.0));
#2489=DIRECTION('',(0.0,0.0,1.0));
#2490=ADVANCED_FACE('3691',(#2491),#2509,.T.);
#2491=FACE_BOUND('3691',#2492,.T.);
#2492=EDGE_LOOP('',(#2493,#2494,#2502,#2508));
#2493=ORIENTED_EDGE('',*,*,#2479,.F.);
#2494=ORIENTED_EDGE('',*,*,#2495,.T.);
#2495=EDGE_CURVE('3931',#2472,#2496,#2498,.F.);
#2496=VERTEX_POINT('',#2497);
#2497=CARTESIAN_POINT('',(2.74,5.5,0.435));
#2498=LINE('',#2499,#2500);
#2499=CARTESIAN_POINT('',(2.74,5.5,0.435));
#2500=VECTOR('',#2501,1.0);
#2501=DIRECTION('',(-1.0,0.0,0.0));
#2502=ORIENTED_EDGE('',*,*,#2503,.T.);
#2503=EDGE_CURVE('3962',#2496,#1501,#2504,.F.);
#2504=LINE('',#2505,#2506);
#2505=CARTESIAN_POINT('',(2.74,2.5,0.435));
#2506=VECTOR('',#2507,1.0);
#2507=DIRECTION('',(0.0,1.0,0.0));
#2508=ORIENTED_EDGE('',*,*,#1500,.F.);
#2509=PLANE('',#2510);
#2510=AXIS2_PLACEMENT_3D('',#2511,#2512,#2513);
#2511=CARTESIAN_POINT('',(2.74,-2.35,0.435));
#2512=DIRECTION('',(0.0,0.0,-1.0));
#2513=DIRECTION('',(-1.0,0.0,0.0));
#2514=ADVANCED_FACE('3690',(#2515),#2526,.T.);
#2515=FACE_BOUND('3690',#2516,.T.);
#2516=EDGE_LOOP('',(#2517,#2518,#2524,#2525));
#2517=ORIENTED_EDGE('',*,*,#2503,.F.);
#2518=ORIENTED_EDGE('',*,*,#2519,.T.);
#2519=EDGE_CURVE('3930',#2496,#2440,#2520,.F.);
#2520=LINE('',#2521,#2522);
#2521=CARTESIAN_POINT('',(2.74,5.5,0.835));
#2522=VECTOR('',#2523,1.0);
#2523=DIRECTION('',(0.0,0.0,-1.0));
#2524=ORIENTED_EDGE('',*,*,#2439,.F.);
#2525=ORIENTED_EDGE('',*,*,#1508,.F.);
#2526=PLANE('',#2527);
#2527=AXIS2_PLACEMENT_3D('',#2528,#2529,#2530);
#2528=CARTESIAN_POINT('',(2.74,-2.35,0.835));
#2529=DIRECTION('',(1.0,0.0,0.0));
#2530=DIRECTION('',(0.0,0.0,-1.0));
#2531=ADVANCED_FACE('3633',(#2532),#2538,.T.);
#2532=FACE_BOUND('3633',#2533,.T.);
#2533=EDGE_LOOP('',(#2534,#2535,#2536,#2537));
#2534=ORIENTED_EDGE('',*,*,#2519,.F.);
#2535=ORIENTED_EDGE('',*,*,#2495,.F.);
#2536=ORIENTED_EDGE('',*,*,#2471,.F.);
#2537=ORIENTED_EDGE('',*,*,#2447,.F.);
#2538=PLANE('',#2539);
#2539=AXIS2_PLACEMENT_3D('',#2540,#2541,#2542);
#2540=CARTESIAN_POINT('',(2.54,5.5,0.0));
#2541=DIRECTION('',(0.0,1.0,0.0));
#2542=DIRECTION('',(1.0,0.0,0.0));
#2543=ADVANCED_FACE('3695',(#2544),#2569,.T.);
#2544=FACE_BOUND('3695',#2545,.T.);
#2545=EDGE_LOOP('',(#2546,#2554,#2562,#2568));
#2546=ORIENTED_EDGE('',*,*,#2547,.T.);
#2547=EDGE_CURVE('4000',#1543,#2548,#2550,.T.);
#2548=VERTEX_POINT('',#2549);
#2549=CARTESIAN_POINT('',(3.61,5.5,-0.435));
#2550=LINE('',#2551,#2552);
#2551=CARTESIAN_POINT('',(3.61,2.5,-0.435));
#2552=VECTOR('',#2553,1.0);
#2553=DIRECTION('',(0.0,1.0,0.0));
#2554=ORIENTED_EDGE('',*,*,#2555,.T.);
#2555=EDGE_CURVE('3973',#2548,#2556,#2558,.F.);
#2556=VERTEX_POINT('',#2557);
#2557=CARTESIAN_POINT('',(3.61,5.5,-0.835));
#2558=LINE('',#2559,#2560);
#2559=CARTESIAN_POINT('',(3.61,5.5,-0.835));
#2560=VECTOR('',#2561,1.0);
#2561=DIRECTION('',(0.0,0.0,1.0));
#2562=ORIENTED_EDGE('',*,*,#2563,.T.);
#2563=EDGE_CURVE('3998',#2556,#1525,#2564,.F.);
#2564=LINE('',#2565,#2566);
#2565=CARTESIAN_POINT('',(3.61,2.5,-0.835));
#2566=VECTOR('',#2567,1.0);
#2567=DIRECTION('',(0.0,1.0,0.0));
#2568=ORIENTED_EDGE('',*,*,#1550,.F.);
#2569=PLANE('',#2570);
#2570=AXIS2_PLACEMENT_3D('',#2571,#2572,#2573);
#2571=CARTESIAN_POINT('',(3.61,-2.35,-0.835));
#2572=DIRECTION('',(-1.0,0.0,0.0));
#2573=DIRECTION('',(0.0,0.0,1.0));
#2574=ADVANCED_FACE('3698',(#2575),#2593,.T.);
#2575=FACE_BOUND('3698',#2576,.T.);
#2576=EDGE_LOOP('',(#2577,#2578,#2586,#2592));
#2577=ORIENTED_EDGE('',*,*,#2563,.F.);
#2578=ORIENTED_EDGE('',*,*,#2579,.T.);
#2579=EDGE_CURVE('3976',#2556,#2580,#2582,.F.);
#2580=VERTEX_POINT('',#2581);
#2581=CARTESIAN_POINT('',(4.01,5.5,-0.835));
#2582=LINE('',#2583,#2584);
#2583=CARTESIAN_POINT('',(4.01,5.5,-0.835));
#2584=VECTOR('',#2585,1.0);
#2585=DIRECTION('',(-1.0,0.0,0.0));
#2586=ORIENTED_EDGE('',*,*,#2587,.T.);
#2587=EDGE_CURVE('4004',#2580,#1527,#2588,.F.);
#2588=LINE('',#2589,#2590);
#2589=CARTESIAN_POINT('',(4.01,2.5,-0.835));
#2590=VECTOR('',#2591,1.0);
#2591=DIRECTION('',(0.0,1.0,0.0));
#2592=ORIENTED_EDGE('',*,*,#1524,.F.);
#2593=PLANE('',#2594);
#2594=AXIS2_PLACEMENT_3D('',#2595,#2596,#2597);
#2595=CARTESIAN_POINT('',(4.01,-2.35,-0.835));
#2596=DIRECTION('',(0.0,0.0,-1.0));
#2597=DIRECTION('',(-1.0,0.0,0.0));
#2598=ADVANCED_FACE('3697',(#2599),#2617,.T.);
#2599=FACE_BOUND('3697',#2600,.T.);
#2600=EDGE_LOOP('',(#2601,#2602,#2610,#2616));
#2601=ORIENTED_EDGE('',*,*,#2587,.F.);
#2602=ORIENTED_EDGE('',*,*,#2603,.T.);
#2603=EDGE_CURVE('3975',#2580,#2604,#2606,.F.);
#2604=VERTEX_POINT('',#2605);
#2605=CARTESIAN_POINT('',(4.01,5.5,-0.435));
#2606=LINE('',#2607,#2608);
#2607=CARTESIAN_POINT('',(4.01,5.5,-0.435));
#2608=VECTOR('',#2609,1.0);
#2609=DIRECTION('',(0.0,0.0,-1.0));
#2610=ORIENTED_EDGE('',*,*,#2611,.T.);
#2611=EDGE_CURVE('4002',#2604,#1535,#2612,.F.);
#2612=LINE('',#2613,#2614);
#2613=CARTESIAN_POINT('',(4.01,2.5,-0.435));
#2614=VECTOR('',#2615,1.0);
#2615=DIRECTION('',(0.0,1.0,0.0));
#2616=ORIENTED_EDGE('',*,*,#1534,.F.);
#2617=PLANE('',#2618);
#2618=AXIS2_PLACEMENT_3D('',#2619,#2620,#2621);
#2619=CARTESIAN_POINT('',(4.01,-2.35,-0.435));
#2620=DIRECTION('',(1.0,0.0,0.0));
#2621=DIRECTION('',(0.0,0.0,-1.0));
#2622=ADVANCED_FACE('3696',(#2623),#2634,.T.);
#2623=FACE_BOUND('3696',#2624,.T.);
#2624=EDGE_LOOP('',(#2625,#2626,#2632,#2633));
#2625=ORIENTED_EDGE('',*,*,#2611,.F.);
#2626=ORIENTED_EDGE('',*,*,#2627,.T.);
#2627=EDGE_CURVE('3974',#2604,#2548,#2628,.F.);
#2628=LINE('',#2629,#2630);
#2629=CARTESIAN_POINT('',(3.61,5.5,-0.435));
#2630=VECTOR('',#2631,1.0);
#2631=DIRECTION('',(1.0,0.0,0.0));
#2632=ORIENTED_EDGE('',*,*,#2547,.F.);
#2633=ORIENTED_EDGE('',*,*,#1542,.F.);
#2634=PLANE('',#2635);
#2635=AXIS2_PLACEMENT_3D('',#2636,#2637,#2638);
#2636=CARTESIAN_POINT('',(3.61,-2.35,-0.435));
#2637=DIRECTION('',(0.0,0.0,1.0));
#2638=DIRECTION('',(1.0,0.0,0.0));
#2639=ADVANCED_FACE('3694',(#2640),#2646,.T.);
#2640=FACE_BOUND('3694',#2641,.T.);
#2641=EDGE_LOOP('',(#2642,#2643,#2644,#2645));
#2642=ORIENTED_EDGE('',*,*,#2627,.F.);
#2643=ORIENTED_EDGE('',*,*,#2603,.F.);
#2644=ORIENTED_EDGE('',*,*,#2579,.F.);
#2645=ORIENTED_EDGE('',*,*,#2555,.F.);
#2646=PLANE('',#2647);
#2647=AXIS2_PLACEMENT_3D('',#2648,#2649,#2650);
#2648=CARTESIAN_POINT('',(3.81,5.5,0.0));
#2649=DIRECTION('',(0.0,1.0,0.0));
#2650=DIRECTION('',(1.0,0.0,0.0));
#2651=ADVANCED_FACE('3699',(#2652),#2677,.T.);
#2652=FACE_BOUND('3699',#2653,.T.);
#2653=EDGE_LOOP('',(#2654,#2662,#2670,#2676));
#2654=ORIENTED_EDGE('',*,*,#2655,.T.);
#2655=EDGE_CURVE('4008',#1577,#2656,#2658,.T.);
#2656=VERTEX_POINT('',#2657);
#2657=CARTESIAN_POINT('',(4.01,5.5,0.835));
#2658=LINE('',#2659,#2660);
#2659=CARTESIAN_POINT('',(4.01,2.5,0.835));
#2660=VECTOR('',#2661,1.0);
#2661=DIRECTION('',(0.0,1.0,0.0));
#2662=ORIENTED_EDGE('',*,*,#2663,.T.);
#2663=EDGE_CURVE('3977',#2656,#2664,#2666,.F.);
#2664=VERTEX_POINT('',#2665);
#2665=CARTESIAN_POINT('',(3.61,5.5,0.835));
#2666=LINE('',#2667,#2668);
#2667=CARTESIAN_POINT('',(3.61,5.5,0.835));
#2668=VECTOR('',#2669,1.0);
#2669=DIRECTION('',(1.0,0.0,0.0));
#2670=ORIENTED_EDGE('',*,*,#2671,.T.);
#2671=EDGE_CURVE('4006',#2664,#1559,#2672,.F.);
#2672=LINE('',#2673,#2674);
#2673=CARTESIAN_POINT('',(3.61,2.5,0.835));
#2674=VECTOR('',#2675,1.0);
#2675=DIRECTION('',(0.0,1.0,0.0));
#2676=ORIENTED_EDGE('',*,*,#1584,.F.);
#2677=PLANE('',#2678);
#2678=AXIS2_PLACEMENT_3D('',#2679,#2680,#2681);
#2679=CARTESIAN_POINT('',(3.61,-2.35,0.835));
#2680=DIRECTION('',(0.0,0.0,1.0));
#2681=DIRECTION('',(1.0,0.0,0.0));
#2682=ADVANCED_FACE('3702',(#2683),#2701,.T.);
#2683=FACE_BOUND('3702',#2684,.T.);
#2684=EDGE_LOOP('',(#2685,#2686,#2694,#2700));
#2685=ORIENTED_EDGE('',*,*,#2671,.F.);
#2686=ORIENTED_EDGE('',*,*,#2687,.T.);
#2687=EDGE_CURVE('3980',#2664,#2688,#2690,.F.);
#2688=VERTEX_POINT('',#2689);
#2689=CARTESIAN_POINT('',(3.61,5.5,0.435));
#2690=LINE('',#2691,#2692);
#2691=CARTESIAN_POINT('',(3.61,5.5,0.435));
#2692=VECTOR('',#2693,1.0);
#2693=DIRECTION('',(0.0,0.0,1.0));
#2694=ORIENTED_EDGE('',*,*,#2695,.T.);
#2695=EDGE_CURVE('4012',#2688,#1561,#2696,.F.);
#2696=LINE('',#2697,#2698);
#2697=CARTESIAN_POINT('',(3.61,2.5,0.435));
#2698=VECTOR('',#2699,1.0);
#2699=DIRECTION('',(0.0,1.0,0.0));
#2700=ORIENTED_EDGE('',*,*,#1558,.F.);
#2701=PLANE('',#2702);
#2702=AXIS2_PLACEMENT_3D('',#2703,#2704,#2705);
#2703=CARTESIAN_POINT('',(3.61,-2.35,0.435));
#2704=DIRECTION('',(-1.0,0.0,0.0));
#2705=DIRECTION('',(0.0,0.0,1.0));
#2706=ADVANCED_FACE('3701',(#2707),#2725,.T.);
#2707=FACE_BOUND('3701',#2708,.T.);
#2708=EDGE_LOOP('',(#2709,#2710,#2718,#2724));
#2709=ORIENTED_EDGE('',*,*,#2695,.F.);
#2710=ORIENTED_EDGE('',*,*,#2711,.T.);
#2711=EDGE_CURVE('3979',#2688,#2712,#2714,.F.);
#2712=VERTEX_POINT('',#2713);
#2713=CARTESIAN_POINT('',(4.01,5.5,0.435));
#2714=LINE('',#2715,#2716);
#2715=CARTESIAN_POINT('',(4.01,5.5,0.435));
#2716=VECTOR('',#2717,1.0);
#2717=DIRECTION('',(-1.0,0.0,0.0));
#2718=ORIENTED_EDGE('',*,*,#2719,.T.);
#2719=EDGE_CURVE('4010',#2712,#1569,#2720,.F.);
#2720=LINE('',#2721,#2722);
#2721=CARTESIAN_POINT('',(4.01,2.5,0.435));
#2722=VECTOR('',#2723,1.0);
#2723=DIRECTION('',(0.0,1.0,0.0));
#2724=ORIENTED_EDGE('',*,*,#1568,.F.);
#2725=PLANE('',#2726);
#2726=AXIS2_PLACEMENT_3D('',#2727,#2728,#2729);
#2727=CARTESIAN_POINT('',(4.01,-2.35,0.435));
#2728=DIRECTION('',(0.0,0.0,-1.0));
#2729=DIRECTION('',(-1.0,0.0,0.0));
#2730=ADVANCED_FACE('3700',(#2731),#2742,.T.);
#2731=FACE_BOUND('3700',#2732,.T.);
#2732=EDGE_LOOP('',(#2733,#2734,#2740,#2741));
#2733=ORIENTED_EDGE('',*,*,#2719,.F.);
#2734=ORIENTED_EDGE('',*,*,#2735,.T.);
#2735=EDGE_CURVE('3978',#2712,#2656,#2736,.F.);
#2736=LINE('',#2737,#2738);
#2737=CARTESIAN_POINT('',(4.01,5.5,0.835));
#2738=VECTOR('',#2739,1.0);
#2739=DIRECTION('',(0.0,0.0,-1.0));
#2740=ORIENTED_EDGE('',*,*,#2655,.F.);
#2741=ORIENTED_EDGE('',*,*,#1576,.F.);
#2742=PLANE('',#2743);
#2743=AXIS2_PLACEMENT_3D('',#2744,#2745,#2746);
#2744=CARTESIAN_POINT('',(4.01,-2.35,0.835));
#2745=DIRECTION('',(1.0,0.0,0.0));
#2746=DIRECTION('',(0.0,0.0,-1.0));
#2747=ADVANCED_FACE('3643',(#2748),#2754,.T.);
#2748=FACE_BOUND('3643',#2749,.T.);
#2749=EDGE_LOOP('',(#2750,#2751,#2752,#2753));
#2750=ORIENTED_EDGE('',*,*,#2735,.F.);
#2751=ORIENTED_EDGE('',*,*,#2711,.F.);
#2752=ORIENTED_EDGE('',*,*,#2687,.F.);
#2753=ORIENTED_EDGE('',*,*,#2663,.F.);
#2754=PLANE('',#2755);
#2755=AXIS2_PLACEMENT_3D('',#2756,#2757,#2758);
#2756=CARTESIAN_POINT('',(3.81,5.5,0.0));
#2757=DIRECTION('',(0.0,1.0,0.0));
#2758=DIRECTION('',(1.0,0.0,0.0));
#2759=ADVANCED_FACE('3705',(#2760),#2785,.T.);
#2760=FACE_BOUND('3705',#2761,.T.);
#2761=EDGE_LOOP('',(#2762,#2770,#2778,#2784));
#2762=ORIENTED_EDGE('',*,*,#2763,.T.);
#2763=EDGE_CURVE('4048',#1611,#2764,#2766,.T.);
#2764=VERTEX_POINT('',#2765);
#2765=CARTESIAN_POINT('',(4.88,5.5,-0.435));
#2766=LINE('',#2767,#2768);
#2767=CARTESIAN_POINT('',(4.88,2.5,-0.435));
#2768=VECTOR('',#2769,1.0);
#2769=DIRECTION('',(0.0,1.0,0.0));
#2770=ORIENTED_EDGE('',*,*,#2771,.T.);
#2771=EDGE_CURVE('4021',#2764,#2772,#2774,.F.);
#2772=VERTEX_POINT('',#2773);
#2773=CARTESIAN_POINT('',(4.88,5.5,-0.835));
#2774=LINE('',#2775,#2776);
#2775=CARTESIAN_POINT('',(4.88,5.5,-0.835));
#2776=VECTOR('',#2777,1.0);
#2777=DIRECTION('',(0.0,0.0,1.0));
#2778=ORIENTED_EDGE('',*,*,#2779,.T.);
#2779=EDGE_CURVE('4046',#2772,#1593,#2780,.F.);
#2780=LINE('',#2781,#2782);
#2781=CARTESIAN_POINT('',(4.88,2.5,-0.835));
#2782=VECTOR('',#2783,1.0);
#2783=DIRECTION('',(0.0,1.0,0.0));
#2784=ORIENTED_EDGE('',*,*,#1618,.F.);
#2785=PLANE('',#2786);
#2786=AXIS2_PLACEMENT_3D('',#2787,#2788,#2789);
#2787=CARTESIAN_POINT('',(4.88,-2.35,-0.835));
#2788=DIRECTION('',(-1.0,0.0,0.0));
#2789=DIRECTION('',(0.0,0.0,1.0));
#2790=ADVANCED_FACE('3708',(#2791),#2809,.T.);
#2791=FACE_BOUND('3708',#2792,.T.);
#2792=EDGE_LOOP('',(#2793,#2794,#2802,#2808));
#2793=ORIENTED_EDGE('',*,*,#2779,.F.);
#2794=ORIENTED_EDGE('',*,*,#2795,.T.);
#2795=EDGE_CURVE('4024',#2772,#2796,#2798,.F.);
#2796=VERTEX_POINT('',#2797);
#2797=CARTESIAN_POINT('',(5.28,5.5,-0.835));
#2798=LINE('',#2799,#2800);
#2799=CARTESIAN_POINT('',(5.28,5.5,-0.835));
#2800=VECTOR('',#2801,1.0);
#2801=DIRECTION('',(-1.0,0.0,0.0));
#2802=ORIENTED_EDGE('',*,*,#2803,.T.);
#2803=EDGE_CURVE('4052',#2796,#1595,#2804,.F.);
#2804=LINE('',#2805,#2806);
#2805=CARTESIAN_POINT('',(5.28,2.5,-0.835));
#2806=VECTOR('',#2807,1.0);
#2807=DIRECTION('',(0.0,1.0,0.0));
#2808=ORIENTED_EDGE('',*,*,#1592,.F.);
#2809=PLANE('',#2810);
#2810=AXIS2_PLACEMENT_3D('',#2811,#2812,#2813);
#2811=CARTESIAN_POINT('',(5.28,-2.35,-0.835));
#2812=DIRECTION('',(0.0,0.0,-1.0));
#2813=DIRECTION('',(-1.0,0.0,0.0));
#2814=ADVANCED_FACE('3707',(#2815),#2833,.T.);
#2815=FACE_BOUND('3707',#2816,.T.);
#2816=EDGE_LOOP('',(#2817,#2818,#2826,#2832));
#2817=ORIENTED_EDGE('',*,*,#2803,.F.);
#2818=ORIENTED_EDGE('',*,*,#2819,.T.);
#2819=EDGE_CURVE('4023',#2796,#2820,#2822,.F.);
#2820=VERTEX_POINT('',#2821);
#2821=CARTESIAN_POINT('',(5.28,5.5,-0.435));
#2822=LINE('',#2823,#2824);
#2823=CARTESIAN_POINT('',(5.28,5.5,-0.435));
#2824=VECTOR('',#2825,1.0);
#2825=DIRECTION('',(0.0,0.0,-1.0));
#2826=ORIENTED_EDGE('',*,*,#2827,.T.);
#2827=EDGE_CURVE('4050',#2820,#1603,#2828,.F.);
#2828=LINE('',#2829,#2830);
#2829=CARTESIAN_POINT('',(5.28,2.5,-0.435));
#2830=VECTOR('',#2831,1.0);
#2831=DIRECTION('',(0.0,1.0,0.0));
#2832=ORIENTED_EDGE('',*,*,#1602,.F.);
#2833=PLANE('',#2834);
#2834=AXIS2_PLACEMENT_3D('',#2835,#2836,#2837);
#2835=CARTESIAN_POINT('',(5.28,-2.35,-0.435));
#2836=DIRECTION('',(1.0,0.0,0.0));
#2837=DIRECTION('',(0.0,0.0,-1.0));
#2838=ADVANCED_FACE('3706',(#2839),#2850,.T.);
#2839=FACE_BOUND('3706',#2840,.T.);
#2840=EDGE_LOOP('',(#2841,#2842,#2848,#2849));
#2841=ORIENTED_EDGE('',*,*,#2827,.F.);
#2842=ORIENTED_EDGE('',*,*,#2843,.T.);
#2843=EDGE_CURVE('4022',#2820,#2764,#2844,.F.);
#2844=LINE('',#2845,#2846);
#2845=CARTESIAN_POINT('',(4.88,5.5,-0.435));
#2846=VECTOR('',#2847,1.0);
#2847=DIRECTION('',(1.0,0.0,0.0));
#2848=ORIENTED_EDGE('',*,*,#2763,.F.);
#2849=ORIENTED_EDGE('',*,*,#1610,.F.);
#2850=PLANE('',#2851);
#2851=AXIS2_PLACEMENT_3D('',#2852,#2853,#2854);
#2852=CARTESIAN_POINT('',(4.88,-2.35,-0.435));
#2853=DIRECTION('',(0.0,0.0,1.0));
#2854=DIRECTION('',(1.0,0.0,0.0));
#2855=ADVANCED_FACE('3704',(#2856),#2862,.T.);
#2856=FACE_BOUND('3704',#2857,.T.);
#2857=EDGE_LOOP('',(#2858,#2859,#2860,#2861));
#2858=ORIENTED_EDGE('',*,*,#2843,.F.);
#2859=ORIENTED_EDGE('',*,*,#2819,.F.);
#2860=ORIENTED_EDGE('',*,*,#2795,.F.);
#2861=ORIENTED_EDGE('',*,*,#2771,.F.);
#2862=PLANE('',#2863);
#2863=AXIS2_PLACEMENT_3D('',#2864,#2865,#2866);
#2864=CARTESIAN_POINT('',(5.08,5.5,0.0));
#2865=DIRECTION('',(0.0,1.0,0.0));
#2866=DIRECTION('',(1.0,0.0,0.0));
#2867=ADVANCED_FACE('3709',(#2868),#2893,.T.);
#2868=FACE_BOUND('3709',#2869,.T.);
#2869=EDGE_LOOP('',(#2870,#2878,#2886,#2892));
#2870=ORIENTED_EDGE('',*,*,#2871,.T.);
#2871=EDGE_CURVE('4056',#1645,#2872,#2874,.T.);
#2872=VERTEX_POINT('',#2873);
#2873=CARTESIAN_POINT('',(5.28,5.5,0.835));
#2874=LINE('',#2875,#2876);
#2875=CARTESIAN_POINT('',(5.28,2.5,0.835));
#2876=VECTOR('',#2877,1.0);
#2877=DIRECTION('',(0.0,1.0,0.0));
#2878=ORIENTED_EDGE('',*,*,#2879,.T.);
#2879=EDGE_CURVE('4025',#2872,#2880,#2882,.F.);
#2880=VERTEX_POINT('',#2881);
#2881=CARTESIAN_POINT('',(4.88,5.5,0.835));
#2882=LINE('',#2883,#2884);
#2883=CARTESIAN_POINT('',(4.88,5.5,0.835));
#2884=VECTOR('',#2885,1.0);
#2885=DIRECTION('',(1.0,0.0,0.0));
#2886=ORIENTED_EDGE('',*,*,#2887,.T.);
#2887=EDGE_CURVE('4054',#2880,#1627,#2888,.F.);
#2888=LINE('',#2889,#2890);
#2889=CARTESIAN_POINT('',(4.88,2.5,0.835));
#2890=VECTOR('',#2891,1.0);
#2891=DIRECTION('',(0.0,1.0,0.0));
#2892=ORIENTED_EDGE('',*,*,#1652,.F.);
#2893=PLANE('',#2894);
#2894=AXIS2_PLACEMENT_3D('',#2895,#2896,#2897);
#2895=CARTESIAN_POINT('',(4.88,-2.35,0.835));
#2896=DIRECTION('',(0.0,0.0,1.0));
#2897=DIRECTION('',(1.0,0.0,0.0));
#2898=ADVANCED_FACE('3712',(#2899),#2917,.T.);
#2899=FACE_BOUND('3712',#2900,.T.);
#2900=EDGE_LOOP('',(#2901,#2902,#2910,#2916));
#2901=ORIENTED_EDGE('',*,*,#2887,.F.);
#2902=ORIENTED_EDGE('',*,*,#2903,.T.);
#2903=EDGE_CURVE('4028',#2880,#2904,#2906,.F.);
#2904=VERTEX_POINT('',#2905);
#2905=CARTESIAN_POINT('',(4.88,5.5,0.435));
#2906=LINE('',#2907,#2908);
#2907=CARTESIAN_POINT('',(4.88,5.5,0.435));
#2908=VECTOR('',#2909,1.0);
#2909=DIRECTION('',(0.0,0.0,1.0));
#2910=ORIENTED_EDGE('',*,*,#2911,.T.);
#2911=EDGE_CURVE('4060',#2904,#1629,#2912,.F.);
#2912=LINE('',#2913,#2914);
#2913=CARTESIAN_POINT('',(4.88,2.5,0.435));
#2914=VECTOR('',#2915,1.0);
#2915=DIRECTION('',(0.0,1.0,0.0));
#2916=ORIENTED_EDGE('',*,*,#1626,.F.);
#2917=PLANE('',#2918);
#2918=AXIS2_PLACEMENT_3D('',#2919,#2920,#2921);
#2919=CARTESIAN_POINT('',(4.88,-2.35,0.435));
#2920=DIRECTION('',(-1.0,0.0,0.0));
#2921=DIRECTION('',(0.0,0.0,1.0));
#2922=ADVANCED_FACE('3711',(#2923),#2941,.T.);
#2923=FACE_BOUND('3711',#2924,.T.);
#2924=EDGE_LOOP('',(#2925,#2926,#2934,#2940));
#2925=ORIENTED_EDGE('',*,*,#2911,.F.);
#2926=ORIENTED_EDGE('',*,*,#2927,.T.);
#2927=EDGE_CURVE('4027',#2904,#2928,#2930,.F.);
#2928=VERTEX_POINT('',#2929);
#2929=CARTESIAN_POINT('',(5.28,5.5,0.435));
#2930=LINE('',#2931,#2932);
#2931=CARTESIAN_POINT('',(5.28,5.5,0.435));
#2932=VECTOR('',#2933,1.0);
#2933=DIRECTION('',(-1.0,0.0,0.0));
#2934=ORIENTED_EDGE('',*,*,#2935,.T.);
#2935=EDGE_CURVE('4058',#2928,#1637,#2936,.F.);
#2936=LINE('',#2937,#2938);
#2937=CARTESIAN_POINT('',(5.28,2.5,0.435));
#2938=VECTOR('',#2939,1.0);
#2939=DIRECTION('',(0.0,1.0,0.0));
#2940=ORIENTED_EDGE('',*,*,#1636,.F.);
#2941=PLANE('',#2942);
#2942=AXIS2_PLACEMENT_3D('',#2943,#2944,#2945);
#2943=CARTESIAN_POINT('',(5.28,-2.35,0.435));
#2944=DIRECTION('',(0.0,0.0,-1.0));
#2945=DIRECTION('',(-1.0,0.0,0.0));
#2946=ADVANCED_FACE('3710',(#2947),#2958,.T.);
#2947=FACE_BOUND('3710',#2948,.T.);
#2948=EDGE_LOOP('',(#2949,#2950,#2956,#2957));
#2949=ORIENTED_EDGE('',*,*,#2935,.F.);
#2950=ORIENTED_EDGE('',*,*,#2951,.T.);
#2951=EDGE_CURVE('4026',#2928,#2872,#2952,.F.);
#2952=LINE('',#2953,#2954);
#2953=CARTESIAN_POINT('',(5.28,5.5,0.835));
#2954=VECTOR('',#2955,1.0);
#2955=DIRECTION('',(0.0,0.0,-1.0));
#2956=ORIENTED_EDGE('',*,*,#2871,.F.);
#2957=ORIENTED_EDGE('',*,*,#1644,.F.);
#2958=PLANE('',#2959);
#2959=AXIS2_PLACEMENT_3D('',#2960,#2961,#2962);
#2960=CARTESIAN_POINT('',(5.28,-2.35,0.835));
#2961=DIRECTION('',(1.0,0.0,0.0));
#2962=DIRECTION('',(0.0,0.0,-1.0));
#2963=ADVANCED_FACE('3653',(#2964),#2970,.T.);
#2964=FACE_BOUND('3653',#2965,.T.);
#2965=EDGE_LOOP('',(#2966,#2967,#2968,#2969));
#2966=ORIENTED_EDGE('',*,*,#2951,.F.);
#2967=ORIENTED_EDGE('',*,*,#2927,.F.);
#2968=ORIENTED_EDGE('',*,*,#2903,.F.);
#2969=ORIENTED_EDGE('',*,*,#2879,.F.);
#2970=PLANE('',#2971);
#2971=AXIS2_PLACEMENT_3D('',#2972,#2973,#2974);
#2972=CARTESIAN_POINT('',(5.08,5.5,0.0));
#2973=DIRECTION('',(0.0,1.0,0.0));
#2974=DIRECTION('',(1.0,0.0,0.0));
#2975=ADVANCED_FACE('3614',(#2976),#3001,.T.);
#2976=FACE_BOUND('3614',#2977,.T.);
#2977=EDGE_LOOP('',(#2978,#2986,#2994,#3000));
#2978=ORIENTED_EDGE('',*,*,#2979,.T.);
#2979=EDGE_CURVE('3853',#693,#2980,#2982,.F.);
#2980=VERTEX_POINT('',#2981);
#2981=CARTESIAN_POINT('',(-0.2,-2.35,-0.835));
#2982=LINE('',#2983,#2984);
#2983=CARTESIAN_POINT('',(-0.2,-2.35,-0.835));
#2984=VECTOR('',#2985,1.0);
#2985=DIRECTION('',(0.0,1.0,0.0));
#2986=ORIENTED_EDGE('',*,*,#2987,.T.);
#2987=EDGE_CURVE('3821',#2980,#2988,#2990,.T.);
#2988=VERTEX_POINT('',#2989);
#2989=CARTESIAN_POINT('',(-0.2,-2.35,-0.435));
#2990=LINE('',#2991,#2992);
#2991=CARTESIAN_POINT('',(-0.2,-2.35,-0.835));
#2992=VECTOR('',#2993,1.0);
#2993=DIRECTION('',(0.0,0.0,1.0));
#2994=ORIENTED_EDGE('',*,*,#2995,.T.);
#2995=EDGE_CURVE('3855',#2988,#675,#2996,.T.);
#2996=LINE('',#2997,#2998);
#2997=CARTESIAN_POINT('',(-0.2,-2.35,-0.435));
#2998=VECTOR('',#2999,1.0);
#2999=DIRECTION('',(0.0,1.0,0.0));
#3000=ORIENTED_EDGE('',*,*,#700,.F.);
#3001=PLANE('',#3002);
#3002=AXIS2_PLACEMENT_3D('',#3003,#3004,#3005);
#3003=CARTESIAN_POINT('',(-0.2,-2.35,-0.835));
#3004=DIRECTION('',(-1.0,0.0,0.0));
#3005=DIRECTION('',(0.0,0.0,1.0));
#3006=ADVANCED_FACE('3615',(#3007),#3025,.T.);
#3007=FACE_BOUND('3615',#3008,.T.);
#3008=EDGE_LOOP('',(#3009,#3010,#3018,#3024));
#3009=ORIENTED_EDGE('',*,*,#2995,.F.);
#3010=ORIENTED_EDGE('',*,*,#3011,.T.);
#3011=EDGE_CURVE('3822',#2988,#3012,#3014,.T.);
#3012=VERTEX_POINT('',#3013);
#3013=CARTESIAN_POINT('',(0.2,-2.35,-0.435));
#3014=LINE('',#3015,#3016);
#3015=CARTESIAN_POINT('',(-0.2,-2.35,-0.435));
#3016=VECTOR('',#3017,1.0);
#3017=DIRECTION('',(1.0,0.0,0.0));
#3018=ORIENTED_EDGE('',*,*,#3019,.T.);
#3019=EDGE_CURVE('3857',#3012,#677,#3020,.T.);
#3020=LINE('',#3021,#3022);
#3021=CARTESIAN_POINT('',(0.2,-2.35,-0.435));
#3022=VECTOR('',#3023,1.0);
#3023=DIRECTION('',(0.0,1.0,0.0));
#3024=ORIENTED_EDGE('',*,*,#674,.F.);
#3025=PLANE('',#3026);
#3026=AXIS2_PLACEMENT_3D('',#3027,#3028,#3029);
#3027=CARTESIAN_POINT('',(-0.2,-2.35,-0.435));
#3028=DIRECTION('',(0.0,0.0,1.0));
#3029=DIRECTION('',(1.0,0.0,0.0));
#3030=ADVANCED_FACE('3616',(#3031),#3049,.T.);
#3031=FACE_BOUND('3616',#3032,.T.);
#3032=EDGE_LOOP('',(#3033,#3034,#3042,#3048));
#3033=ORIENTED_EDGE('',*,*,#3019,.F.);
#3034=ORIENTED_EDGE('',*,*,#3035,.T.);
#3035=EDGE_CURVE('3823',#3012,#3036,#3038,.T.);
#3036=VERTEX_POINT('',#3037);
#3037=CARTESIAN_POINT('',(0.2,-2.35,-0.835));
#3038=LINE('',#3039,#3040);
#3039=CARTESIAN_POINT('',(0.2,-2.35,-0.435));
#3040=VECTOR('',#3041,1.0);
#3041=DIRECTION('',(0.0,0.0,-1.0));
#3042=ORIENTED_EDGE('',*,*,#3043,.T.);
#3043=EDGE_CURVE('3859',#3036,#685,#3044,.T.);
#3044=LINE('',#3045,#3046);
#3045=CARTESIAN_POINT('',(0.2,-2.35,-0.835));
#3046=VECTOR('',#3047,1.0);
#3047=DIRECTION('',(0.0,1.0,0.0));
#3048=ORIENTED_EDGE('',*,*,#684,.F.);
#3049=PLANE('',#3050);
#3050=AXIS2_PLACEMENT_3D('',#3051,#3052,#3053);
#3051=CARTESIAN_POINT('',(0.2,-2.35,-0.435));
#3052=DIRECTION('',(1.0,0.0,0.0));
#3053=DIRECTION('',(0.0,0.0,-1.0));
#3054=ADVANCED_FACE('3617',(#3055),#3066,.T.);
#3055=FACE_BOUND('3617',#3056,.T.);
#3056=EDGE_LOOP('',(#3057,#3058,#3064,#3065));
#3057=ORIENTED_EDGE('',*,*,#3043,.F.);
#3058=ORIENTED_EDGE('',*,*,#3059,.T.);
#3059=EDGE_CURVE('3824',#3036,#2980,#3060,.T.);
#3060=LINE('',#3061,#3062);
#3061=CARTESIAN_POINT('',(0.2,-2.35,-0.835));
#3062=VECTOR('',#3063,1.0);
#3063=DIRECTION('',(-1.0,0.0,0.0));
#3064=ORIENTED_EDGE('',*,*,#2979,.F.);
#3065=ORIENTED_EDGE('',*,*,#692,.F.);
#3066=PLANE('',#3067);
#3067=AXIS2_PLACEMENT_3D('',#3068,#3069,#3070);
#3068=CARTESIAN_POINT('',(0.2,-2.35,-0.835));
#3069=DIRECTION('',(0.0,0.0,-1.0));
#3070=DIRECTION('',(-1.0,0.0,0.0));
#3071=ADVANCED_FACE('3663',(#3072),#3078,.F.);
#3072=FACE_BOUND('3663',#3073,.T.);
#3073=EDGE_LOOP('',(#3074,#3075,#3076,#3077));
#3074=ORIENTED_EDGE('',*,*,#3059,.F.);
#3075=ORIENTED_EDGE('',*,*,#3035,.F.);
#3076=ORIENTED_EDGE('',*,*,#3011,.F.);
#3077=ORIENTED_EDGE('',*,*,#2987,.F.);
#3078=PLANE('',#3079);
#3079=AXIS2_PLACEMENT_3D('',#3080,#3081,#3082);
#3080=CARTESIAN_POINT('',(0.0,-2.35,0.0));
#3081=DIRECTION('',(0.0,1.0,0.0));
#3082=DIRECTION('',(1.0,0.0,0.0));
#3083=ADVANCED_FACE('3618',(#3084),#3109,.T.);
#3084=FACE_BOUND('3618',#3085,.T.);
#3085=EDGE_LOOP('',(#3086,#3094,#3102,#3108));
#3086=ORIENTED_EDGE('',*,*,#3087,.T.);
#3087=EDGE_CURVE('3861',#727,#3088,#3090,.F.);
#3088=VERTEX_POINT('',#3089);
#3089=CARTESIAN_POINT('',(-0.2,-2.35,0.835));
#3090=LINE('',#3091,#3092);
#3091=CARTESIAN_POINT('',(-0.2,-2.35,0.835));
#3092=VECTOR('',#3093,1.0);
#3093=DIRECTION('',(0.0,1.0,0.0));
#3094=ORIENTED_EDGE('',*,*,#3095,.T.);
#3095=EDGE_CURVE('3825',#3088,#3096,#3098,.T.);
#3096=VERTEX_POINT('',#3097);
#3097=CARTESIAN_POINT('',(0.2,-2.35,0.835));
#3098=LINE('',#3099,#3100);
#3099=CARTESIAN_POINT('',(-0.2,-2.35,0.835));
#3100=VECTOR('',#3101,1.0);
#3101=DIRECTION('',(1.0,0.0,0.0));
#3102=ORIENTED_EDGE('',*,*,#3103,.T.);
#3103=EDGE_CURVE('3863',#3096,#709,#3104,.T.);
#3104=LINE('',#3105,#3106);
#3105=CARTESIAN_POINT('',(0.2,-2.35,0.835));
#3106=VECTOR('',#3107,1.0);
#3107=DIRECTION('',(0.0,1.0,0.0));
#3108=ORIENTED_EDGE('',*,*,#734,.F.);
#3109=PLANE('',#3110);
#3110=AXIS2_PLACEMENT_3D('',#3111,#3112,#3113);
#3111=CARTESIAN_POINT('',(-0.2,-2.35,0.835));
#3112=DIRECTION('',(0.0,0.0,1.0));
#3113=DIRECTION('',(1.0,0.0,0.0));
#3114=ADVANCED_FACE('3619',(#3115),#3133,.T.);
#3115=FACE_BOUND('3619',#3116,.T.);
#3116=EDGE_LOOP('',(#3117,#3118,#3126,#3132));
#3117=ORIENTED_EDGE('',*,*,#3103,.F.);
#3118=ORIENTED_EDGE('',*,*,#3119,.T.);
#3119=EDGE_CURVE('3826',#3096,#3120,#3122,.T.);
#3120=VERTEX_POINT('',#3121);
#3121=CARTESIAN_POINT('',(0.2,-2.35,0.435));
#3122=LINE('',#3123,#3124);
#3123=CARTESIAN_POINT('',(0.2,-2.35,0.835));
#3124=VECTOR('',#3125,1.0);
#3125=DIRECTION('',(0.0,0.0,-1.0));
#3126=ORIENTED_EDGE('',*,*,#3127,.T.);
#3127=EDGE_CURVE('3865',#3120,#711,#3128,.T.);
#3128=LINE('',#3129,#3130);
#3129=CARTESIAN_POINT('',(0.2,-2.35,0.435));
#3130=VECTOR('',#3131,1.0);
#3131=DIRECTION('',(0.0,1.0,0.0));
#3132=ORIENTED_EDGE('',*,*,#708,.F.);
#3133=PLANE('',#3134);
#3134=AXIS2_PLACEMENT_3D('',#3135,#3136,#3137);
#3135=CARTESIAN_POINT('',(0.2,-2.35,0.835));
#3136=DIRECTION('',(1.0,0.0,0.0));
#3137=DIRECTION('',(0.0,0.0,-1.0));
#3138=ADVANCED_FACE('3620',(#3139),#3157,.T.);
#3139=FACE_BOUND('3620',#3140,.T.);
#3140=EDGE_LOOP('',(#3141,#3142,#3150,#3156));
#3141=ORIENTED_EDGE('',*,*,#3127,.F.);
#3142=ORIENTED_EDGE('',*,*,#3143,.T.);
#3143=EDGE_CURVE('3827',#3120,#3144,#3146,.T.);
#3144=VERTEX_POINT('',#3145);
#3145=CARTESIAN_POINT('',(-0.2,-2.35,0.435));
#3146=LINE('',#3147,#3148);
#3147=CARTESIAN_POINT('',(0.2,-2.35,0.435));
#3148=VECTOR('',#3149,1.0);
#3149=DIRECTION('',(-1.0,0.0,0.0));
#3150=ORIENTED_EDGE('',*,*,#3151,.T.);
#3151=EDGE_CURVE('3867',#3144,#719,#3152,.T.);
#3152=LINE('',#3153,#3154);
#3153=CARTESIAN_POINT('',(-0.2,-2.35,0.435));
#3154=VECTOR('',#3155,1.0);
#3155=DIRECTION('',(0.0,1.0,0.0));
#3156=ORIENTED_EDGE('',*,*,#718,.F.);
#3157=PLANE('',#3158);
#3158=AXIS2_PLACEMENT_3D('',#3159,#3160,#3161);
#3159=CARTESIAN_POINT('',(0.2,-2.35,0.435));
#3160=DIRECTION('',(0.0,0.0,-1.0));
#3161=DIRECTION('',(-1.0,0.0,0.0));
#3162=ADVANCED_FACE('3621',(#3163),#3174,.T.);
#3163=FACE_BOUND('3621',#3164,.T.);
#3164=EDGE_LOOP('',(#3165,#3166,#3172,#3173));
#3165=ORIENTED_EDGE('',*,*,#3151,.F.);
#3166=ORIENTED_EDGE('',*,*,#3167,.T.);
#3167=EDGE_CURVE('3828',#3144,#3088,#3168,.T.);
#3168=LINE('',#3169,#3170);
#3169=CARTESIAN_POINT('',(-0.2,-2.35,0.435));
#3170=VECTOR('',#3171,1.0);
#3171=DIRECTION('',(0.0,0.0,1.0));
#3172=ORIENTED_EDGE('',*,*,#3087,.F.);
#3173=ORIENTED_EDGE('',*,*,#726,.F.);
#3174=PLANE('',#3175);
#3175=AXIS2_PLACEMENT_3D('',#3176,#3177,#3178);
#3176=CARTESIAN_POINT('',(-0.2,-2.35,0.435));
#3177=DIRECTION('',(-1.0,0.0,0.0));
#3178=DIRECTION('',(0.0,0.0,1.0));
#3179=ADVANCED_FACE('3612',(#3180),#3186,.F.);
#3180=FACE_BOUND('3612',#3181,.T.);
#3181=EDGE_LOOP('',(#3182,#3183,#3184,#3185));
#3182=ORIENTED_EDGE('',*,*,#3167,.F.);
#3183=ORIENTED_EDGE('',*,*,#3143,.F.);
#3184=ORIENTED_EDGE('',*,*,#3119,.F.);
#3185=ORIENTED_EDGE('',*,*,#3095,.F.);
#3186=PLANE('',#3187);
#3187=AXIS2_PLACEMENT_3D('',#3188,#3189,#3190);
#3188=CARTESIAN_POINT('',(0.0,-2.35,0.0));
#3189=DIRECTION('',(0.0,1.0,0.0));
#3190=DIRECTION('',(1.0,0.0,0.0));
#3191=ADVANCED_FACE('3624',(#3192),#3217,.T.);
#3192=FACE_BOUND('3624',#3193,.T.);
#3193=EDGE_LOOP('',(#3194,#3202,#3210,#3216));
#3194=ORIENTED_EDGE('',*,*,#3195,.T.);
#3195=EDGE_CURVE('3901',#761,#3196,#3198,.F.);
#3196=VERTEX_POINT('',#3197);
#3197=CARTESIAN_POINT('',(1.07,-2.35,-0.835));
#3198=LINE('',#3199,#3200);
#3199=CARTESIAN_POINT('',(1.07,-2.35,-0.835));
#3200=VECTOR('',#3201,1.0);
#3201=DIRECTION('',(0.0,1.0,0.0));
#3202=ORIENTED_EDGE('',*,*,#3203,.T.);
#3203=EDGE_CURVE('3869',#3196,#3204,#3206,.T.);
#3204=VERTEX_POINT('',#3205);
#3205=CARTESIAN_POINT('',(1.07,-2.35,-0.435));
#3206=LINE('',#3207,#3208);
#3207=CARTESIAN_POINT('',(1.07,-2.35,-0.835));
#3208=VECTOR('',#3209,1.0);
#3209=DIRECTION('',(0.0,0.0,1.0));
#3210=ORIENTED_EDGE('',*,*,#3211,.T.);
#3211=EDGE_CURVE('3903',#3204,#743,#3212,.T.);
#3212=LINE('',#3213,#3214);
#3213=CARTESIAN_POINT('',(1.07,-2.35,-0.435));
#3214=VECTOR('',#3215,1.0);
#3215=DIRECTION('',(0.0,1.0,0.0));
#3216=ORIENTED_EDGE('',*,*,#768,.F.);
#3217=PLANE('',#3218);
#3218=AXIS2_PLACEMENT_3D('',#3219,#3220,#3221);
#3219=CARTESIAN_POINT('',(1.07,-2.35,-0.835));
#3220=DIRECTION('',(-1.0,0.0,0.0));
#3221=DIRECTION('',(0.0,0.0,1.0));
#3222=ADVANCED_FACE('3625',(#3223),#3241,.T.);
#3223=FACE_BOUND('3625',#3224,.T.);
#3224=EDGE_LOOP('',(#3225,#3226,#3234,#3240));
#3225=ORIENTED_EDGE('',*,*,#3211,.F.);
#3226=ORIENTED_EDGE('',*,*,#3227,.T.);
#3227=EDGE_CURVE('3870',#3204,#3228,#3230,.T.);
#3228=VERTEX_POINT('',#3229);
#3229=CARTESIAN_POINT('',(1.47,-2.35,-0.435));
#3230=LINE('',#3231,#3232);
#3231=CARTESIAN_POINT('',(1.07,-2.35,-0.435));
#3232=VECTOR('',#3233,1.0);
#3233=DIRECTION('',(1.0,0.0,0.0));
#3234=ORIENTED_EDGE('',*,*,#3235,.T.);
#3235=EDGE_CURVE('3905',#3228,#745,#3236,.T.);
#3236=LINE('',#3237,#3238);
#3237=CARTESIAN_POINT('',(1.47,-2.35,-0.435));
#3238=VECTOR('',#3239,1.0);
#3239=DIRECTION('',(0.0,1.0,0.0));
#3240=ORIENTED_EDGE('',*,*,#742,.F.);
#3241=PLANE('',#3242);
#3242=AXIS2_PLACEMENT_3D('',#3243,#3244,#3245);
#3243=CARTESIAN_POINT('',(1.07,-2.35,-0.435));
#3244=DIRECTION('',(0.0,0.0,1.0));
#3245=DIRECTION('',(1.0,0.0,0.0));
#3246=ADVANCED_FACE('3626',(#3247),#3265,.T.);
#3247=FACE_BOUND('3626',#3248,.T.);
#3248=EDGE_LOOP('',(#3249,#3250,#3258,#3264));
#3249=ORIENTED_EDGE('',*,*,#3235,.F.);
#3250=ORIENTED_EDGE('',*,*,#3251,.T.);
#3251=EDGE_CURVE('3871',#3228,#3252,#3254,.T.);
#3252=VERTEX_POINT('',#3253);
#3253=CARTESIAN_POINT('',(1.47,-2.35,-0.835));
#3254=LINE('',#3255,#3256);
#3255=CARTESIAN_POINT('',(1.47,-2.35,-0.435));
#3256=VECTOR('',#3257,1.0);
#3257=DIRECTION('',(0.0,0.0,-1.0));
#3258=ORIENTED_EDGE('',*,*,#3259,.T.);
#3259=EDGE_CURVE('3907',#3252,#753,#3260,.T.);
#3260=LINE('',#3261,#3262);
#3261=CARTESIAN_POINT('',(1.47,-2.35,-0.835));
#3262=VECTOR('',#3263,1.0);
#3263=DIRECTION('',(0.0,1.0,0.0));
#3264=ORIENTED_EDGE('',*,*,#752,.F.);
#3265=PLANE('',#3266);
#3266=AXIS2_PLACEMENT_3D('',#3267,#3268,#3269);
#3267=CARTESIAN_POINT('',(1.47,-2.35,-0.435));
#3268=DIRECTION('',(1.0,0.0,0.0));
#3269=DIRECTION('',(0.0,0.0,-1.0));
#3270=ADVANCED_FACE('3627',(#3271),#3282,.T.);
#3271=FACE_BOUND('3627',#3272,.T.);
#3272=EDGE_LOOP('',(#3273,#3274,#3280,#3281));
#3273=ORIENTED_EDGE('',*,*,#3259,.F.);
#3274=ORIENTED_EDGE('',*,*,#3275,.T.);
#3275=EDGE_CURVE('3872',#3252,#3196,#3276,.T.);
#3276=LINE('',#3277,#3278);
#3277=CARTESIAN_POINT('',(1.47,-2.35,-0.835));
#3278=VECTOR('',#3279,1.0);
#3279=DIRECTION('',(-1.0,0.0,0.0));
#3280=ORIENTED_EDGE('',*,*,#3195,.F.);
#3281=ORIENTED_EDGE('',*,*,#760,.F.);
#3282=PLANE('',#3283);
#3283=AXIS2_PLACEMENT_3D('',#3284,#3285,#3286);
#3284=CARTESIAN_POINT('',(1.47,-2.35,-0.835));
#3285=DIRECTION('',(0.0,0.0,-1.0));
#3286=DIRECTION('',(-1.0,0.0,0.0));
#3287=ADVANCED_FACE('3673',(#3288),#3294,.F.);
#3288=FACE_BOUND('3673',#3289,.T.);
#3289=EDGE_LOOP('',(#3290,#3291,#3292,#3293));
#3290=ORIENTED_EDGE('',*,*,#3275,.F.);
#3291=ORIENTED_EDGE('',*,*,#3251,.F.);
#3292=ORIENTED_EDGE('',*,*,#3227,.F.);
#3293=ORIENTED_EDGE('',*,*,#3203,.F.);
#3294=PLANE('',#3295);
#3295=AXIS2_PLACEMENT_3D('',#3296,#3297,#3298);
#3296=CARTESIAN_POINT('',(1.27,-2.35,0.0));
#3297=DIRECTION('',(0.0,1.0,0.0));
#3298=DIRECTION('',(1.0,0.0,0.0));
#3299=ADVANCED_FACE('3628',(#3300),#3325,.T.);
#3300=FACE_BOUND('3628',#3301,.T.);
#3301=EDGE_LOOP('',(#3302,#3310,#3318,#3324));
#3302=ORIENTED_EDGE('',*,*,#3303,.T.);
#3303=EDGE_CURVE('3909',#795,#3304,#3306,.F.);
#3304=VERTEX_POINT('',#3305);
#3305=CARTESIAN_POINT('',(1.07,-2.35,0.835));
#3306=LINE('',#3307,#3308);
#3307=CARTESIAN_POINT('',(1.07,-2.35,0.835));
#3308=VECTOR('',#3309,1.0);
#3309=DIRECTION('',(0.0,1.0,0.0));
#3310=ORIENTED_EDGE('',*,*,#3311,.T.);
#3311=EDGE_CURVE('3873',#3304,#3312,#3314,.T.);
#3312=VERTEX_POINT('',#3313);
#3313=CARTESIAN_POINT('',(1.47,-2.35,0.835));
#3314=LINE('',#3315,#3316);
#3315=CARTESIAN_POINT('',(1.07,-2.35,0.835));
#3316=VECTOR('',#3317,1.0);
#3317=DIRECTION('',(1.0,0.0,0.0));
#3318=ORIENTED_EDGE('',*,*,#3319,.T.);
#3319=EDGE_CURVE('3911',#3312,#777,#3320,.T.);
#3320=LINE('',#3321,#3322);
#3321=CARTESIAN_POINT('',(1.47,-2.35,0.835));
#3322=VECTOR('',#3323,1.0);
#3323=DIRECTION('',(0.0,1.0,0.0));
#3324=ORIENTED_EDGE('',*,*,#802,.F.);
#3325=PLANE('',#3326);
#3326=AXIS2_PLACEMENT_3D('',#3327,#3328,#3329);
#3327=CARTESIAN_POINT('',(1.07,-2.35,0.835));
#3328=DIRECTION('',(0.0,0.0,1.0));
#3329=DIRECTION('',(1.0,0.0,0.0));
#3330=ADVANCED_FACE('3629',(#3331),#3349,.T.);
#3331=FACE_BOUND('3629',#3332,.T.);
#3332=EDGE_LOOP('',(#3333,#3334,#3342,#3348));
#3333=ORIENTED_EDGE('',*,*,#3319,.F.);
#3334=ORIENTED_EDGE('',*,*,#3335,.T.);
#3335=EDGE_CURVE('3874',#3312,#3336,#3338,.T.);
#3336=VERTEX_POINT('',#3337);
#3337=CARTESIAN_POINT('',(1.47,-2.35,0.435));
#3338=LINE('',#3339,#3340);
#3339=CARTESIAN_POINT('',(1.47,-2.35,0.835));
#3340=VECTOR('',#3341,1.0);
#3341=DIRECTION('',(0.0,0.0,-1.0));
#3342=ORIENTED_EDGE('',*,*,#3343,.T.);
#3343=EDGE_CURVE('3913',#3336,#779,#3344,.T.);
#3344=LINE('',#3345,#3346);
#3345=CARTESIAN_POINT('',(1.47,-2.35,0.435));
#3346=VECTOR('',#3347,1.0);
#3347=DIRECTION('',(0.0,1.0,0.0));
#3348=ORIENTED_EDGE('',*,*,#776,.F.);
#3349=PLANE('',#3350);
#3350=AXIS2_PLACEMENT_3D('',#3351,#3352,#3353);
#3351=CARTESIAN_POINT('',(1.47,-2.35,0.835));
#3352=DIRECTION('',(1.0,0.0,0.0));
#3353=DIRECTION('',(0.0,0.0,-1.0));
#3354=ADVANCED_FACE('3630',(#3355),#3373,.T.);
#3355=FACE_BOUND('3630',#3356,.T.);
#3356=EDGE_LOOP('',(#3357,#3358,#3366,#3372));
#3357=ORIENTED_EDGE('',*,*,#3343,.F.);
#3358=ORIENTED_EDGE('',*,*,#3359,.T.);
#3359=EDGE_CURVE('3875',#3336,#3360,#3362,.T.);
#3360=VERTEX_POINT('',#3361);
#3361=CARTESIAN_POINT('',(1.07,-2.35,0.435));
#3362=LINE('',#3363,#3364);
#3363=CARTESIAN_POINT('',(1.47,-2.35,0.435));
#3364=VECTOR('',#3365,1.0);
#3365=DIRECTION('',(-1.0,0.0,0.0));
#3366=ORIENTED_EDGE('',*,*,#3367,.T.);
#3367=EDGE_CURVE('3915',#3360,#787,#3368,.T.);
#3368=LINE('',#3369,#3370);
#3369=CARTESIAN_POINT('',(1.07,-2.35,0.435));
#3370=VECTOR('',#3371,1.0);
#3371=DIRECTION('',(0.0,1.0,0.0));
#3372=ORIENTED_EDGE('',*,*,#786,.F.);
#3373=PLANE('',#3374);
#3374=AXIS2_PLACEMENT_3D('',#3375,#3376,#3377);
#3375=CARTESIAN_POINT('',(1.47,-2.35,0.435));
#3376=DIRECTION('',(0.0,0.0,-1.0));
#3377=DIRECTION('',(-1.0,0.0,0.0));
#3378=ADVANCED_FACE('3631',(#3379),#3390,.T.);
#3379=FACE_BOUND('3631',#3380,.T.);
#3380=EDGE_LOOP('',(#3381,#3382,#3388,#3389));
#3381=ORIENTED_EDGE('',*,*,#3367,.F.);
#3382=ORIENTED_EDGE('',*,*,#3383,.T.);
#3383=EDGE_CURVE('3876',#3360,#3304,#3384,.T.);
#3384=LINE('',#3385,#3386);
#3385=CARTESIAN_POINT('',(1.07,-2.35,0.435));
#3386=VECTOR('',#3387,1.0);
#3387=DIRECTION('',(0.0,0.0,1.0));
#3388=ORIENTED_EDGE('',*,*,#3303,.F.);
#3389=ORIENTED_EDGE('',*,*,#794,.F.);
#3390=PLANE('',#3391);
#3391=AXIS2_PLACEMENT_3D('',#3392,#3393,#3394);
#3392=CARTESIAN_POINT('',(1.07,-2.35,0.435));
#3393=DIRECTION('',(-1.0,0.0,0.0));
#3394=DIRECTION('',(0.0,0.0,1.0));
#3395=ADVANCED_FACE('3622',(#3396),#3402,.F.);
#3396=FACE_BOUND('3622',#3397,.T.);
#3397=EDGE_LOOP('',(#3398,#3399,#3400,#3401));
#3398=ORIENTED_EDGE('',*,*,#3383,.F.);
#3399=ORIENTED_EDGE('',*,*,#3359,.F.);
#3400=ORIENTED_EDGE('',*,*,#3335,.F.);
#3401=ORIENTED_EDGE('',*,*,#3311,.F.);
#3402=PLANE('',#3403);
#3403=AXIS2_PLACEMENT_3D('',#3404,#3405,#3406);
#3404=CARTESIAN_POINT('',(1.27,-2.35,0.0));
#3405=DIRECTION('',(0.0,1.0,0.0));
#3406=DIRECTION('',(1.0,0.0,0.0));
#3407=ADVANCED_FACE('3634',(#3408),#3433,.T.);
#3408=FACE_BOUND('3634',#3409,.T.);
#3409=EDGE_LOOP('',(#3410,#3418,#3426,#3432));
#3410=ORIENTED_EDGE('',*,*,#3411,.T.);
#3411=EDGE_CURVE('3949',#829,#3412,#3414,.F.);
#3412=VERTEX_POINT('',#3413);
#3413=CARTESIAN_POINT('',(2.34,-2.35,-0.835));
#3414=LINE('',#3415,#3416);
#3415=CARTESIAN_POINT('',(2.34,-2.35,-0.835));
#3416=VECTOR('',#3417,1.0);
#3417=DIRECTION('',(0.0,1.0,0.0));
#3418=ORIENTED_EDGE('',*,*,#3419,.T.);
#3419=EDGE_CURVE('3917',#3412,#3420,#3422,.T.);
#3420=VERTEX_POINT('',#3421);
#3421=CARTESIAN_POINT('',(2.34,-2.35,-0.435));
#3422=LINE('',#3423,#3424);
#3423=CARTESIAN_POINT('',(2.34,-2.35,-0.835));
#3424=VECTOR('',#3425,1.0);
#3425=DIRECTION('',(0.0,0.0,1.0));
#3426=ORIENTED_EDGE('',*,*,#3427,.T.);
#3427=EDGE_CURVE('3951',#3420,#811,#3428,.T.);
#3428=LINE('',#3429,#3430);
#3429=CARTESIAN_POINT('',(2.34,-2.35,-0.435));
#3430=VECTOR('',#3431,1.0);
#3431=DIRECTION('',(0.0,1.0,0.0));
#3432=ORIENTED_EDGE('',*,*,#836,.F.);
#3433=PLANE('',#3434);
#3434=AXIS2_PLACEMENT_3D('',#3435,#3436,#3437);
#3435=CARTESIAN_POINT('',(2.34,-2.35,-0.835));
#3436=DIRECTION('',(-1.0,0.0,0.0));
#3437=DIRECTION('',(0.0,0.0,1.0));
#3438=ADVANCED_FACE('3635',(#3439),#3457,.T.);
#3439=FACE_BOUND('3635',#3440,.T.);
#3440=EDGE_LOOP('',(#3441,#3442,#3450,#3456));
#3441=ORIENTED_EDGE('',*,*,#3427,.F.);
#3442=ORIENTED_EDGE('',*,*,#3443,.T.);
#3443=EDGE_CURVE('3918',#3420,#3444,#3446,.T.);
#3444=VERTEX_POINT('',#3445);
#3445=CARTESIAN_POINT('',(2.74,-2.35,-0.435));
#3446=LINE('',#3447,#3448);
#3447=CARTESIAN_POINT('',(2.34,-2.35,-0.435));
#3448=VECTOR('',#3449,1.0);
#3449=DIRECTION('',(1.0,0.0,0.0));
#3450=ORIENTED_EDGE('',*,*,#3451,.T.);
#3451=EDGE_CURVE('3953',#3444,#813,#3452,.T.);
#3452=LINE('',#3453,#3454);
#3453=CARTESIAN_POINT('',(2.74,-2.35,-0.435));
#3454=VECTOR('',#3455,1.0);
#3455=DIRECTION('',(0.0,1.0,0.0));
#3456=ORIENTED_EDGE('',*,*,#810,.F.);
#3457=PLANE('',#3458);
#3458=AXIS2_PLACEMENT_3D('',#3459,#3460,#3461);
#3459=CARTESIAN_POINT('',(2.34,-2.35,-0.435));
#3460=DIRECTION('',(0.0,0.0,1.0));
#3461=DIRECTION('',(1.0,0.0,0.0));
#3462=ADVANCED_FACE('3636',(#3463),#3481,.T.);
#3463=FACE_BOUND('3636',#3464,.T.);
#3464=EDGE_LOOP('',(#3465,#3466,#3474,#3480));
#3465=ORIENTED_EDGE('',*,*,#3451,.F.);
#3466=ORIENTED_EDGE('',*,*,#3467,.T.);
#3467=EDGE_CURVE('3919',#3444,#3468,#3470,.T.);
#3468=VERTEX_POINT('',#3469);
#3469=CARTESIAN_POINT('',(2.74,-2.35,-0.835));
#3470=LINE('',#3471,#3472);
#3471=CARTESIAN_POINT('',(2.74,-2.35,-0.435));
#3472=VECTOR('',#3473,1.0);
#3473=DIRECTION('',(0.0,0.0,-1.0));
#3474=ORIENTED_EDGE('',*,*,#3475,.T.);
#3475=EDGE_CURVE('3955',#3468,#821,#3476,.T.);
#3476=LINE('',#3477,#3478);
#3477=CARTESIAN_POINT('',(2.74,-2.35,-0.835));
#3478=VECTOR('',#3479,1.0);
#3479=DIRECTION('',(0.0,1.0,0.0));
#3480=ORIENTED_EDGE('',*,*,#820,.F.);
#3481=PLANE('',#3482);
#3482=AXIS2_PLACEMENT_3D('',#3483,#3484,#3485);
#3483=CARTESIAN_POINT('',(2.74,-2.35,-0.435));
#3484=DIRECTION('',(1.0,0.0,0.0));
#3485=DIRECTION('',(0.0,0.0,-1.0));
#3486=ADVANCED_FACE('3637',(#3487),#3498,.T.);
#3487=FACE_BOUND('3637',#3488,.T.);
#3488=EDGE_LOOP('',(#3489,#3490,#3496,#3497));
#3489=ORIENTED_EDGE('',*,*,#3475,.F.);
#3490=ORIENTED_EDGE('',*,*,#3491,.T.);
#3491=EDGE_CURVE('3920',#3468,#3412,#3492,.T.);
#3492=LINE('',#3493,#3494);
#3493=CARTESIAN_POINT('',(2.74,-2.35,-0.835));
#3494=VECTOR('',#3495,1.0);
#3495=DIRECTION('',(-1.0,0.0,0.0));
#3496=ORIENTED_EDGE('',*,*,#3411,.F.);
#3497=ORIENTED_EDGE('',*,*,#828,.F.);
#3498=PLANE('',#3499);
#3499=AXIS2_PLACEMENT_3D('',#3500,#3501,#3502);
#3500=CARTESIAN_POINT('',(2.74,-2.35,-0.835));
#3501=DIRECTION('',(0.0,0.0,-1.0));
#3502=DIRECTION('',(-1.0,0.0,0.0));
#3503=ADVANCED_FACE('3683',(#3504),#3510,.F.);
#3504=FACE_BOUND('3683',#3505,.T.);
#3505=EDGE_LOOP('',(#3506,#3507,#3508,#3509));
#3506=ORIENTED_EDGE('',*,*,#3491,.F.);
#3507=ORIENTED_EDGE('',*,*,#3467,.F.);
#3508=ORIENTED_EDGE('',*,*,#3443,.F.);
#3509=ORIENTED_EDGE('',*,*,#3419,.F.);
#3510=PLANE('',#3511);
#3511=AXIS2_PLACEMENT_3D('',#3512,#3513,#3514);
#3512=CARTESIAN_POINT('',(2.54,-2.35,0.0));
#3513=DIRECTION('',(0.0,1.0,0.0));
#3514=DIRECTION('',(1.0,0.0,0.0));
#3515=ADVANCED_FACE('3638',(#3516),#3541,.T.);
#3516=FACE_BOUND('3638',#3517,.T.);
#3517=EDGE_LOOP('',(#3518,#3526,#3534,#3540));
#3518=ORIENTED_EDGE('',*,*,#3519,.T.);
#3519=EDGE_CURVE('3957',#863,#3520,#3522,.F.);
#3520=VERTEX_POINT('',#3521);
#3521=CARTESIAN_POINT('',(2.34,-2.35,0.835));
#3522=LINE('',#3523,#3524);
#3523=CARTESIAN_POINT('',(2.34,-2.35,0.835));
#3524=VECTOR('',#3525,1.0);
#3525=DIRECTION('',(0.0,1.0,0.0));
#3526=ORIENTED_EDGE('',*,*,#3527,.T.);
#3527=EDGE_CURVE('3921',#3520,#3528,#3530,.T.);
#3528=VERTEX_POINT('',#3529);
#3529=CARTESIAN_POINT('',(2.74,-2.35,0.835));
#3530=LINE('',#3531,#3532);
#3531=CARTESIAN_POINT('',(2.34,-2.35,0.835));
#3532=VECTOR('',#3533,1.0);
#3533=DIRECTION('',(1.0,0.0,0.0));
#3534=ORIENTED_EDGE('',*,*,#3535,.T.);
#3535=EDGE_CURVE('3959',#3528,#845,#3536,.T.);
#3536=LINE('',#3537,#3538);
#3537=CARTESIAN_POINT('',(2.74,-2.35,0.835));
#3538=VECTOR('',#3539,1.0);
#3539=DIRECTION('',(0.0,1.0,0.0));
#3540=ORIENTED_EDGE('',*,*,#870,.F.);
#3541=PLANE('',#3542);
#3542=AXIS2_PLACEMENT_3D('',#3543,#3544,#3545);
#3543=CARTESIAN_POINT('',(2.34,-2.35,0.835));
#3544=DIRECTION('',(0.0,0.0,1.0));
#3545=DIRECTION('',(1.0,0.0,0.0));
#3546=ADVANCED_FACE('3639',(#3547),#3565,.T.);
#3547=FACE_BOUND('3639',#3548,.T.);
#3548=EDGE_LOOP('',(#3549,#3550,#3558,#3564));
#3549=ORIENTED_EDGE('',*,*,#3535,.F.);
#3550=ORIENTED_EDGE('',*,*,#3551,.T.);
#3551=EDGE_CURVE('3922',#3528,#3552,#3554,.T.);
#3552=VERTEX_POINT('',#3553);
#3553=CARTESIAN_POINT('',(2.74,-2.35,0.435));
#3554=LINE('',#3555,#3556);
#3555=CARTESIAN_POINT('',(2.74,-2.35,0.835));
#3556=VECTOR('',#3557,1.0);
#3557=DIRECTION('',(0.0,0.0,-1.0));
#3558=ORIENTED_EDGE('',*,*,#3559,.T.);
#3559=EDGE_CURVE('3961',#3552,#847,#3560,.T.);
#3560=LINE('',#3561,#3562);
#3561=CARTESIAN_POINT('',(2.74,-2.35,0.435));
#3562=VECTOR('',#3563,1.0);
#3563=DIRECTION('',(0.0,1.0,0.0));
#3564=ORIENTED_EDGE('',*,*,#844,.F.);
#3565=PLANE('',#3566);
#3566=AXIS2_PLACEMENT_3D('',#3567,#3568,#3569);
#3567=CARTESIAN_POINT('',(2.74,-2.35,0.835));
#3568=DIRECTION('',(1.0,0.0,0.0));
#3569=DIRECTION('',(0.0,0.0,-1.0));
#3570=ADVANCED_FACE('3640',(#3571),#3589,.T.);
#3571=FACE_BOUND('3640',#3572,.T.);
#3572=EDGE_LOOP('',(#3573,#3574,#3582,#3588));
#3573=ORIENTED_EDGE('',*,*,#3559,.F.);
#3574=ORIENTED_EDGE('',*,*,#3575,.T.);
#3575=EDGE_CURVE('3923',#3552,#3576,#3578,.T.);
#3576=VERTEX_POINT('',#3577);
#3577=CARTESIAN_POINT('',(2.34,-2.35,0.435));
#3578=LINE('',#3579,#3580);
#3579=CARTESIAN_POINT('',(2.74,-2.35,0.435));
#3580=VECTOR('',#3581,1.0);
#3581=DIRECTION('',(-1.0,0.0,0.0));
#3582=ORIENTED_EDGE('',*,*,#3583,.T.);
#3583=EDGE_CURVE('3963',#3576,#855,#3584,.T.);
#3584=LINE('',#3585,#3586);
#3585=CARTESIAN_POINT('',(2.34,-2.35,0.435));
#3586=VECTOR('',#3587,1.0);
#3587=DIRECTION('',(0.0,1.0,0.0));
#3588=ORIENTED_EDGE('',*,*,#854,.F.);
#3589=PLANE('',#3590);
#3590=AXIS2_PLACEMENT_3D('',#3591,#3592,#3593);
#3591=CARTESIAN_POINT('',(2.74,-2.35,0.435));
#3592=DIRECTION('',(0.0,0.0,-1.0));
#3593=DIRECTION('',(-1.0,0.0,0.0));
#3594=ADVANCED_FACE('3641',(#3595),#3606,.T.);
#3595=FACE_BOUND('3641',#3596,.T.);
#3596=EDGE_LOOP('',(#3597,#3598,#3604,#3605));
#3597=ORIENTED_EDGE('',*,*,#3583,.F.);
#3598=ORIENTED_EDGE('',*,*,#3599,.T.);
#3599=EDGE_CURVE('3924',#3576,#3520,#3600,.T.);
#3600=LINE('',#3601,#3602);
#3601=CARTESIAN_POINT('',(2.34,-2.35,0.435));
#3602=VECTOR('',#3603,1.0);
#3603=DIRECTION('',(0.0,0.0,1.0));
#3604=ORIENTED_EDGE('',*,*,#3519,.F.);
#3605=ORIENTED_EDGE('',*,*,#862,.F.);
#3606=PLANE('',#3607);
#3607=AXIS2_PLACEMENT_3D('',#3608,#3609,#3610);
#3608=CARTESIAN_POINT('',(2.34,-2.35,0.435));
#3609=DIRECTION('',(-1.0,0.0,0.0));
#3610=DIRECTION('',(0.0,0.0,1.0));
#3611=ADVANCED_FACE('3632',(#3612),#3618,.F.);
#3612=FACE_BOUND('3632',#3613,.T.);
#3613=EDGE_LOOP('',(#3614,#3615,#3616,#3617));
#3614=ORIENTED_EDGE('',*,*,#3599,.F.);
#3615=ORIENTED_EDGE('',*,*,#3575,.F.);
#3616=ORIENTED_EDGE('',*,*,#3551,.F.);
#3617=ORIENTED_EDGE('',*,*,#3527,.F.);
#3618=PLANE('',#3619);
#3619=AXIS2_PLACEMENT_3D('',#3620,#3621,#3622);
#3620=CARTESIAN_POINT('',(2.54,-2.35,0.0));
#3621=DIRECTION('',(0.0,1.0,0.0));
#3622=DIRECTION('',(1.0,0.0,0.0));
#3623=ADVANCED_FACE('3644',(#3624),#3649,.T.);
#3624=FACE_BOUND('3644',#3625,.T.);
#3625=EDGE_LOOP('',(#3626,#3634,#3642,#3648));
#3626=ORIENTED_EDGE('',*,*,#3627,.T.);
#3627=EDGE_CURVE('3997',#897,#3628,#3630,.F.);
#3628=VERTEX_POINT('',#3629);
#3629=CARTESIAN_POINT('',(3.61,-2.35,-0.835));
#3630=LINE('',#3631,#3632);
#3631=CARTESIAN_POINT('',(3.61,-2.35,-0.835));
#3632=VECTOR('',#3633,1.0);
#3633=DIRECTION('',(0.0,1.0,0.0));
#3634=ORIENTED_EDGE('',*,*,#3635,.T.);
#3635=EDGE_CURVE('3965',#3628,#3636,#3638,.T.);
#3636=VERTEX_POINT('',#3637);
#3637=CARTESIAN_POINT('',(3.61,-2.35,-0.435));
#3638=LINE('',#3639,#3640);
#3639=CARTESIAN_POINT('',(3.61,-2.35,-0.835));
#3640=VECTOR('',#3641,1.0);
#3641=DIRECTION('',(0.0,0.0,1.0));
#3642=ORIENTED_EDGE('',*,*,#3643,.T.);
#3643=EDGE_CURVE('3999',#3636,#879,#3644,.T.);
#3644=LINE('',#3645,#3646);
#3645=CARTESIAN_POINT('',(3.61,-2.35,-0.435));
#3646=VECTOR('',#3647,1.0);
#3647=DIRECTION('',(0.0,1.0,0.0));
#3648=ORIENTED_EDGE('',*,*,#904,.F.);
#3649=PLANE('',#3650);
#3650=AXIS2_PLACEMENT_3D('',#3651,#3652,#3653);
#3651=CARTESIAN_POINT('',(3.61,-2.35,-0.835));
#3652=DIRECTION('',(-1.0,0.0,0.0));
#3653=DIRECTION('',(0.0,0.0,1.0));
#3654=ADVANCED_FACE('3645',(#3655),#3673,.T.);
#3655=FACE_BOUND('3645',#3656,.T.);
#3656=EDGE_LOOP('',(#3657,#3658,#3666,#3672));
#3657=ORIENTED_EDGE('',*,*,#3643,.F.);
#3658=ORIENTED_EDGE('',*,*,#3659,.T.);
#3659=EDGE_CURVE('3966',#3636,#3660,#3662,.T.);
#3660=VERTEX_POINT('',#3661);
#3661=CARTESIAN_POINT('',(4.01,-2.35,-0.435));
#3662=LINE('',#3663,#3664);
#3663=CARTESIAN_POINT('',(3.61,-2.35,-0.435));
#3664=VECTOR('',#3665,1.0);
#3665=DIRECTION('',(1.0,0.0,0.0));
#3666=ORIENTED_EDGE('',*,*,#3667,.T.);
#3667=EDGE_CURVE('4001',#3660,#881,#3668,.T.);
#3668=LINE('',#3669,#3670);
#3669=CARTESIAN_POINT('',(4.01,-2.35,-0.435));
#3670=VECTOR('',#3671,1.0);
#3671=DIRECTION('',(0.0,1.0,0.0));
#3672=ORIENTED_EDGE('',*,*,#878,.F.);
#3673=PLANE('',#3674);
#3674=AXIS2_PLACEMENT_3D('',#3675,#3676,#3677);
#3675=CARTESIAN_POINT('',(3.61,-2.35,-0.435));
#3676=DIRECTION('',(0.0,0.0,1.0));
#3677=DIRECTION('',(1.0,0.0,0.0));
#3678=ADVANCED_FACE('3646',(#3679),#3697,.T.);
#3679=FACE_BOUND('3646',#3680,.T.);
#3680=EDGE_LOOP('',(#3681,#3682,#3690,#3696));
#3681=ORIENTED_EDGE('',*,*,#3667,.F.);
#3682=ORIENTED_EDGE('',*,*,#3683,.T.);
#3683=EDGE_CURVE('3967',#3660,#3684,#3686,.T.);
#3684=VERTEX_POINT('',#3685);
#3685=CARTESIAN_POINT('',(4.01,-2.35,-0.835));
#3686=LINE('',#3687,#3688);
#3687=CARTESIAN_POINT('',(4.01,-2.35,-0.435));
#3688=VECTOR('',#3689,1.0);
#3689=DIRECTION('',(0.0,0.0,-1.0));
#3690=ORIENTED_EDGE('',*,*,#3691,.T.);
#3691=EDGE_CURVE('4003',#3684,#889,#3692,.T.);
#3692=LINE('',#3693,#3694);
#3693=CARTESIAN_POINT('',(4.01,-2.35,-0.835));
#3694=VECTOR('',#3695,1.0);
#3695=DIRECTION('',(0.0,1.0,0.0));
#3696=ORIENTED_EDGE('',*,*,#888,.F.);
#3697=PLANE('',#3698);
#3698=AXIS2_PLACEMENT_3D('',#3699,#3700,#3701);
#3699=CARTESIAN_POINT('',(4.01,-2.35,-0.435));
#3700=DIRECTION('',(1.0,0.0,0.0));
#3701=DIRECTION('',(0.0,0.0,-1.0));
#3702=ADVANCED_FACE('3647',(#3703),#3714,.T.);
#3703=FACE_BOUND('3647',#3704,.T.);
#3704=EDGE_LOOP('',(#3705,#3706,#3712,#3713));
#3705=ORIENTED_EDGE('',*,*,#3691,.F.);
#3706=ORIENTED_EDGE('',*,*,#3707,.T.);
#3707=EDGE_CURVE('3968',#3684,#3628,#3708,.T.);
#3708=LINE('',#3709,#3710);
#3709=CARTESIAN_POINT('',(4.01,-2.35,-0.835));
#3710=VECTOR('',#3711,1.0);
#3711=DIRECTION('',(-1.0,0.0,0.0));
#3712=ORIENTED_EDGE('',*,*,#3627,.F.);
#3713=ORIENTED_EDGE('',*,*,#896,.F.);
#3714=PLANE('',#3715);
#3715=AXIS2_PLACEMENT_3D('',#3716,#3717,#3718);
#3716=CARTESIAN_POINT('',(4.01,-2.35,-0.835));
#3717=DIRECTION('',(0.0,0.0,-1.0));
#3718=DIRECTION('',(-1.0,0.0,0.0));
#3719=ADVANCED_FACE('3693',(#3720),#3726,.F.);
#3720=FACE_BOUND('3693',#3721,.T.);
#3721=EDGE_LOOP('',(#3722,#3723,#3724,#3725));
#3722=ORIENTED_EDGE('',*,*,#3707,.F.);
#3723=ORIENTED_EDGE('',*,*,#3683,.F.);
#3724=ORIENTED_EDGE('',*,*,#3659,.F.);
#3725=ORIENTED_EDGE('',*,*,#3635,.F.);
#3726=PLANE('',#3727);
#3727=AXIS2_PLACEMENT_3D('',#3728,#3729,#3730);
#3728=CARTESIAN_POINT('',(3.81,-2.35,0.0));
#3729=DIRECTION('',(0.0,1.0,0.0));
#3730=DIRECTION('',(1.0,0.0,0.0));
#3731=ADVANCED_FACE('3648',(#3732),#3757,.T.);
#3732=FACE_BOUND('3648',#3733,.T.);
#3733=EDGE_LOOP('',(#3734,#3742,#3750,#3756));
#3734=ORIENTED_EDGE('',*,*,#3735,.T.);
#3735=EDGE_CURVE('4005',#931,#3736,#3738,.F.);
#3736=VERTEX_POINT('',#3737);
#3737=CARTESIAN_POINT('',(3.61,-2.35,0.835));
#3738=LINE('',#3739,#3740);
#3739=CARTESIAN_POINT('',(3.61,-2.35,0.835));
#3740=VECTOR('',#3741,1.0);
#3741=DIRECTION('',(0.0,1.0,0.0));
#3742=ORIENTED_EDGE('',*,*,#3743,.T.);
#3743=EDGE_CURVE('3969',#3736,#3744,#3746,.T.);
#3744=VERTEX_POINT('',#3745);
#3745=CARTESIAN_POINT('',(4.01,-2.35,0.835));
#3746=LINE('',#3747,#3748);
#3747=CARTESIAN_POINT('',(3.61,-2.35,0.835));
#3748=VECTOR('',#3749,1.0);
#3749=DIRECTION('',(1.0,0.0,0.0));
#3750=ORIENTED_EDGE('',*,*,#3751,.T.);
#3751=EDGE_CURVE('4007',#3744,#913,#3752,.T.);
#3752=LINE('',#3753,#3754);
#3753=CARTESIAN_POINT('',(4.01,-2.35,0.835));
#3754=VECTOR('',#3755,1.0);
#3755=DIRECTION('',(0.0,1.0,0.0));
#3756=ORIENTED_EDGE('',*,*,#938,.F.);
#3757=PLANE('',#3758);
#3758=AXIS2_PLACEMENT_3D('',#3759,#3760,#3761);
#3759=CARTESIAN_POINT('',(3.61,-2.35,0.835));
#3760=DIRECTION('',(0.0,0.0,1.0));
#3761=DIRECTION('',(1.0,0.0,0.0));
#3762=ADVANCED_FACE('3649',(#3763),#3781,.T.);
#3763=FACE_BOUND('3649',#3764,.T.);
#3764=EDGE_LOOP('',(#3765,#3766,#3774,#3780));
#3765=ORIENTED_EDGE('',*,*,#3751,.F.);
#3766=ORIENTED_EDGE('',*,*,#3767,.T.);
#3767=EDGE_CURVE('3970',#3744,#3768,#3770,.T.);
#3768=VERTEX_POINT('',#3769);
#3769=CARTESIAN_POINT('',(4.01,-2.35,0.435));
#3770=LINE('',#3771,#3772);
#3771=CARTESIAN_POINT('',(4.01,-2.35,0.835));
#3772=VECTOR('',#3773,1.0);
#3773=DIRECTION('',(0.0,0.0,-1.0));
#3774=ORIENTED_EDGE('',*,*,#3775,.T.);
#3775=EDGE_CURVE('4009',#3768,#915,#3776,.T.);
#3776=LINE('',#3777,#3778);
#3777=CARTESIAN_POINT('',(4.01,-2.35,0.435));
#3778=VECTOR('',#3779,1.0);
#3779=DIRECTION('',(0.0,1.0,0.0));
#3780=ORIENTED_EDGE('',*,*,#912,.F.);
#3781=PLANE('',#3782);
#3782=AXIS2_PLACEMENT_3D('',#3783,#3784,#3785);
#3783=CARTESIAN_POINT('',(4.01,-2.35,0.835));
#3784=DIRECTION('',(1.0,0.0,0.0));
#3785=DIRECTION('',(0.0,0.0,-1.0));
#3786=ADVANCED_FACE('3650',(#3787),#3805,.T.);
#3787=FACE_BOUND('3650',#3788,.T.);
#3788=EDGE_LOOP('',(#3789,#3790,#3798,#3804));
#3789=ORIENTED_EDGE('',*,*,#3775,.F.);
#3790=ORIENTED_EDGE('',*,*,#3791,.T.);
#3791=EDGE_CURVE('3971',#3768,#3792,#3794,.T.);
#3792=VERTEX_POINT('',#3793);
#3793=CARTESIAN_POINT('',(3.61,-2.35,0.435));
#3794=LINE('',#3795,#3796);
#3795=CARTESIAN_POINT('',(4.01,-2.35,0.435));
#3796=VECTOR('',#3797,1.0);
#3797=DIRECTION('',(-1.0,0.0,0.0));
#3798=ORIENTED_EDGE('',*,*,#3799,.T.);
#3799=EDGE_CURVE('4011',#3792,#923,#3800,.T.);
#3800=LINE('',#3801,#3802);
#3801=CARTESIAN_POINT('',(3.61,-2.35,0.435));
#3802=VECTOR('',#3803,1.0);
#3803=DIRECTION('',(0.0,1.0,0.0));
#3804=ORIENTED_EDGE('',*,*,#922,.F.);
#3805=PLANE('',#3806);
#3806=AXIS2_PLACEMENT_3D('',#3807,#3808,#3809);
#3807=CARTESIAN_POINT('',(4.01,-2.35,0.435));
#3808=DIRECTION('',(0.0,0.0,-1.0));
#3809=DIRECTION('',(-1.0,0.0,0.0));
#3810=ADVANCED_FACE('3651',(#3811),#3822,.T.);
#3811=FACE_BOUND('3651',#3812,.T.);
#3812=EDGE_LOOP('',(#3813,#3814,#3820,#3821));
#3813=ORIENTED_EDGE('',*,*,#3799,.F.);
#3814=ORIENTED_EDGE('',*,*,#3815,.T.);
#3815=EDGE_CURVE('3972',#3792,#3736,#3816,.T.);
#3816=LINE('',#3817,#3818);
#3817=CARTESIAN_POINT('',(3.61,-2.35,0.435));
#3818=VECTOR('',#3819,1.0);
#3819=DIRECTION('',(0.0,0.0,1.0));
#3820=ORIENTED_EDGE('',*,*,#3735,.F.);
#3821=ORIENTED_EDGE('',*,*,#930,.F.);
#3822=PLANE('',#3823);
#3823=AXIS2_PLACEMENT_3D('',#3824,#3825,#3826);
#3824=CARTESIAN_POINT('',(3.61,-2.35,0.435));
#3825=DIRECTION('',(-1.0,0.0,0.0));
#3826=DIRECTION('',(0.0,0.0,1.0));
#3827=ADVANCED_FACE('3642',(#3828),#3834,.F.);
#3828=FACE_BOUND('3642',#3829,.T.);
#3829=EDGE_LOOP('',(#3830,#3831,#3832,#3833));
#3830=ORIENTED_EDGE('',*,*,#3815,.F.);
#3831=ORIENTED_EDGE('',*,*,#3791,.F.);
#3832=ORIENTED_EDGE('',*,*,#3767,.F.);
#3833=ORIENTED_EDGE('',*,*,#3743,.F.);
#3834=PLANE('',#3835);
#3835=AXIS2_PLACEMENT_3D('',#3836,#3837,#3838);
#3836=CARTESIAN_POINT('',(3.81,-2.35,0.0));
#3837=DIRECTION('',(0.0,1.0,0.0));
#3838=DIRECTION('',(1.0,0.0,0.0));
#3839=ADVANCED_FACE('3654',(#3840),#3865,.T.);
#3840=FACE_BOUND('3654',#3841,.T.);
#3841=EDGE_LOOP('',(#3842,#3850,#3858,#3864));
#3842=ORIENTED_EDGE('',*,*,#3843,.T.);
#3843=EDGE_CURVE('4045',#965,#3844,#3846,.F.);
#3844=VERTEX_POINT('',#3845);
#3845=CARTESIAN_POINT('',(4.88,-2.35,-0.835));
#3846=LINE('',#3847,#3848);
#3847=CARTESIAN_POINT('',(4.88,-2.35,-0.835));
#3848=VECTOR('',#3849,1.0);
#3849=DIRECTION('',(0.0,1.0,0.0));
#3850=ORIENTED_EDGE('',*,*,#3851,.T.);
#3851=EDGE_CURVE('4013',#3844,#3852,#3854,.T.);
#3852=VERTEX_POINT('',#3853);
#3853=CARTESIAN_POINT('',(4.88,-2.35,-0.435));
#3854=LINE('',#3855,#3856);
#3855=CARTESIAN_POINT('',(4.88,-2.35,-0.835));
#3856=VECTOR('',#3857,1.0);
#3857=DIRECTION('',(0.0,0.0,1.0));
#3858=ORIENTED_EDGE('',*,*,#3859,.T.);
#3859=EDGE_CURVE('4047',#3852,#947,#3860,.T.);
#3860=LINE('',#3861,#3862);
#3861=CARTESIAN_POINT('',(4.88,-2.35,-0.435));
#3862=VECTOR('',#3863,1.0);
#3863=DIRECTION('',(0.0,1.0,0.0));
#3864=ORIENTED_EDGE('',*,*,#972,.F.);
#3865=PLANE('',#3866);
#3866=AXIS2_PLACEMENT_3D('',#3867,#3868,#3869);
#3867=CARTESIAN_POINT('',(4.88,-2.35,-0.835));
#3868=DIRECTION('',(-1.0,0.0,0.0));
#3869=DIRECTION('',(0.0,0.0,1.0));
#3870=ADVANCED_FACE('3655',(#3871),#3889,.T.);
#3871=FACE_BOUND('3655',#3872,.T.);
#3872=EDGE_LOOP('',(#3873,#3874,#3882,#3888));
#3873=ORIENTED_EDGE('',*,*,#3859,.F.);
#3874=ORIENTED_EDGE('',*,*,#3875,.T.);
#3875=EDGE_CURVE('4014',#3852,#3876,#3878,.T.);
#3876=VERTEX_POINT('',#3877);
#3877=CARTESIAN_POINT('',(5.28,-2.35,-0.435));
#3878=LINE('',#3879,#3880);
#3879=CARTESIAN_POINT('',(4.88,-2.35,-0.435));
#3880=VECTOR('',#3881,1.0);
#3881=DIRECTION('',(1.0,0.0,0.0));
#3882=ORIENTED_EDGE('',*,*,#3883,.T.);
#3883=EDGE_CURVE('4049',#3876,#949,#3884,.T.);
#3884=LINE('',#3885,#3886);
#3885=CARTESIAN_POINT('',(5.28,-2.35,-0.435));
#3886=VECTOR('',#3887,1.0);
#3887=DIRECTION('',(0.0,1.0,0.0));
#3888=ORIENTED_EDGE('',*,*,#946,.F.);
#3889=PLANE('',#3890);
#3890=AXIS2_PLACEMENT_3D('',#3891,#3892,#3893);
#3891=CARTESIAN_POINT('',(4.88,-2.35,-0.435));
#3892=DIRECTION('',(0.0,0.0,1.0));
#3893=DIRECTION('',(1.0,0.0,0.0));
#3894=ADVANCED_FACE('3656',(#3895),#3913,.T.);
#3895=FACE_BOUND('3656',#3896,.T.);
#3896=EDGE_LOOP('',(#3897,#3898,#3906,#3912));
#3897=ORIENTED_EDGE('',*,*,#3883,.F.);
#3898=ORIENTED_EDGE('',*,*,#3899,.T.);
#3899=EDGE_CURVE('4015',#3876,#3900,#3902,.T.);
#3900=VERTEX_POINT('',#3901);
#3901=CARTESIAN_POINT('',(5.28,-2.35,-0.835));
#3902=LINE('',#3903,#3904);
#3903=CARTESIAN_POINT('',(5.28,-2.35,-0.435));
#3904=VECTOR('',#3905,1.0);
#3905=DIRECTION('',(0.0,0.0,-1.0));
#3906=ORIENTED_EDGE('',*,*,#3907,.T.);
#3907=EDGE_CURVE('4051',#3900,#957,#3908,.T.);
#3908=LINE('',#3909,#3910);
#3909=CARTESIAN_POINT('',(5.28,-2.35,-0.835));
#3910=VECTOR('',#3911,1.0);
#3911=DIRECTION('',(0.0,1.0,0.0));
#3912=ORIENTED_EDGE('',*,*,#956,.F.);
#3913=PLANE('',#3914);
#3914=AXIS2_PLACEMENT_3D('',#3915,#3916,#3917);
#3915=CARTESIAN_POINT('',(5.28,-2.35,-0.435));
#3916=DIRECTION('',(1.0,0.0,0.0));
#3917=DIRECTION('',(0.0,0.0,-1.0));
#3918=ADVANCED_FACE('3657',(#3919),#3930,.T.);
#3919=FACE_BOUND('3657',#3920,.T.);
#3920=EDGE_LOOP('',(#3921,#3922,#3928,#3929));
#3921=ORIENTED_EDGE('',*,*,#3907,.F.);
#3922=ORIENTED_EDGE('',*,*,#3923,.T.);
#3923=EDGE_CURVE('4016',#3900,#3844,#3924,.T.);
#3924=LINE('',#3925,#3926);
#3925=CARTESIAN_POINT('',(5.28,-2.35,-0.835));
#3926=VECTOR('',#3927,1.0);
#3927=DIRECTION('',(-1.0,0.0,0.0));
#3928=ORIENTED_EDGE('',*,*,#3843,.F.);
#3929=ORIENTED_EDGE('',*,*,#964,.F.);
#3930=PLANE('',#3931);
#3931=AXIS2_PLACEMENT_3D('',#3932,#3933,#3934);
#3932=CARTESIAN_POINT('',(5.28,-2.35,-0.835));
#3933=DIRECTION('',(0.0,0.0,-1.0));
#3934=DIRECTION('',(-1.0,0.0,0.0));
#3935=ADVANCED_FACE('3703',(#3936),#3942,.F.);
#3936=FACE_BOUND('3703',#3937,.T.);
#3937=EDGE_LOOP('',(#3938,#3939,#3940,#3941));
#3938=ORIENTED_EDGE('',*,*,#3923,.F.);
#3939=ORIENTED_EDGE('',*,*,#3899,.F.);
#3940=ORIENTED_EDGE('',*,*,#3875,.F.);
#3941=ORIENTED_EDGE('',*,*,#3851,.F.);
#3942=PLANE('',#3943);
#3943=AXIS2_PLACEMENT_3D('',#3944,#3945,#3946);
#3944=CARTESIAN_POINT('',(5.08,-2.35,0.0));
#3945=DIRECTION('',(0.0,1.0,0.0));
#3946=DIRECTION('',(1.0,0.0,0.0));
#3947=ADVANCED_FACE('3658',(#3948),#3973,.T.);
#3948=FACE_BOUND('3658',#3949,.T.);
#3949=EDGE_LOOP('',(#3950,#3958,#3966,#3972));
#3950=ORIENTED_EDGE('',*,*,#3951,.T.);
#3951=EDGE_CURVE('4053',#999,#3952,#3954,.F.);
#3952=VERTEX_POINT('',#3953);
#3953=CARTESIAN_POINT('',(4.88,-2.35,0.835));
#3954=LINE('',#3955,#3956);
#3955=CARTESIAN_POINT('',(4.88,-2.35,0.835));
#3956=VECTOR('',#3957,1.0);
#3957=DIRECTION('',(0.0,1.0,0.0));
#3958=ORIENTED_EDGE('',*,*,#3959,.T.);
#3959=EDGE_CURVE('4017',#3952,#3960,#3962,.T.);
#3960=VERTEX_POINT('',#3961);
#3961=CARTESIAN_POINT('',(5.28,-2.35,0.835));
#3962=LINE('',#3963,#3964);
#3963=CARTESIAN_POINT('',(4.88,-2.35,0.835));
#3964=VECTOR('',#3965,1.0);
#3965=DIRECTION('',(1.0,0.0,0.0));
#3966=ORIENTED_EDGE('',*,*,#3967,.T.);
#3967=EDGE_CURVE('4055',#3960,#981,#3968,.T.);
#3968=LINE('',#3969,#3970);
#3969=CARTESIAN_POINT('',(5.28,-2.35,0.835));
#3970=VECTOR('',#3971,1.0);
#3971=DIRECTION('',(0.0,1.0,0.0));
#3972=ORIENTED_EDGE('',*,*,#1006,.F.);
#3973=PLANE('',#3974);
#3974=AXIS2_PLACEMENT_3D('',#3975,#3976,#3977);
#3975=CARTESIAN_POINT('',(4.88,-2.35,0.835));
#3976=DIRECTION('',(0.0,0.0,1.0));
#3977=DIRECTION('',(1.0,0.0,0.0));
#3978=ADVANCED_FACE('3659',(#3979),#3997,.T.);
#3979=FACE_BOUND('3659',#3980,.T.);
#3980=EDGE_LOOP('',(#3981,#3982,#3990,#3996));
#3981=ORIENTED_EDGE('',*,*,#3967,.F.);
#3982=ORIENTED_EDGE('',*,*,#3983,.T.);
#3983=EDGE_CURVE('4018',#3960,#3984,#3986,.T.);
#3984=VERTEX_POINT('',#3985);
#3985=CARTESIAN_POINT('',(5.28,-2.35,0.435));
#3986=LINE('',#3987,#3988);
#3987=CARTESIAN_POINT('',(5.28,-2.35,0.835));
#3988=VECTOR('',#3989,1.0);
#3989=DIRECTION('',(0.0,0.0,-1.0));
#3990=ORIENTED_EDGE('',*,*,#3991,.T.);
#3991=EDGE_CURVE('4057',#3984,#983,#3992,.T.);
#3992=LINE('',#3993,#3994);
#3993=CARTESIAN_POINT('',(5.28,-2.35,0.435));
#3994=VECTOR('',#3995,1.0);
#3995=DIRECTION('',(0.0,1.0,0.0));
#3996=ORIENTED_EDGE('',*,*,#980,.F.);
#3997=PLANE('',#3998);
#3998=AXIS2_PLACEMENT_3D('',#3999,#4000,#4001);
#3999=CARTESIAN_POINT('',(5.28,-2.35,0.835));
#4000=DIRECTION('',(1.0,0.0,0.0));
#4001=DIRECTION('',(0.0,0.0,-1.0));
#4002=ADVANCED_FACE('3660',(#4003),#4021,.T.);
#4003=FACE_BOUND('3660',#4004,.T.);
#4004=EDGE_LOOP('',(#4005,#4006,#4014,#4020));
#4005=ORIENTED_EDGE('',*,*,#3991,.F.);
#4006=ORIENTED_EDGE('',*,*,#4007,.T.);
#4007=EDGE_CURVE('4019',#3984,#4008,#4010,.T.);
#4008=VERTEX_POINT('',#4009);
#4009=CARTESIAN_POINT('',(4.88,-2.35,0.435));
#4010=LINE('',#4011,#4012);
#4011=CARTESIAN_POINT('',(5.28,-2.35,0.435));
#4012=VECTOR('',#4013,1.0);
#4013=DIRECTION('',(-1.0,0.0,0.0));
#4014=ORIENTED_EDGE('',*,*,#4015,.T.);
#4015=EDGE_CURVE('4059',#4008,#991,#4016,.T.);
#4016=LINE('',#4017,#4018);
#4017=CARTESIAN_POINT('',(4.88,-2.35,0.435));
#4018=VECTOR('',#4019,1.0);
#4019=DIRECTION('',(0.0,1.0,0.0));
#4020=ORIENTED_EDGE('',*,*,#990,.F.);
#4021=PLANE('',#4022);
#4022=AXIS2_PLACEMENT_3D('',#4023,#4024,#4025);
#4023=CARTESIAN_POINT('',(5.28,-2.35,0.435));
#4024=DIRECTION('',(0.0,0.0,-1.0));
#4025=DIRECTION('',(-1.0,0.0,0.0));
#4026=ADVANCED_FACE('3661',(#4027),#4038,.T.);
#4027=FACE_BOUND('3661',#4028,.T.);
#4028=EDGE_LOOP('',(#4029,#4030,#4036,#4037));
#4029=ORIENTED_EDGE('',*,*,#4015,.F.);
#4030=ORIENTED_EDGE('',*,*,#4031,.T.);
#4031=EDGE_CURVE('4020',#4008,#3952,#4032,.T.);
#4032=LINE('',#4033,#4034);
#4033=CARTESIAN_POINT('',(4.88,-2.35,0.435));
#4034=VECTOR('',#4035,1.0);
#4035=DIRECTION('',(0.0,0.0,1.0));
#4036=ORIENTED_EDGE('',*,*,#3951,.F.);
#4037=ORIENTED_EDGE('',*,*,#998,.F.);
#4038=PLANE('',#4039);
#4039=AXIS2_PLACEMENT_3D('',#4040,#4041,#4042);
#4040=CARTESIAN_POINT('',(4.88,-2.35,0.435));
#4041=DIRECTION('',(-1.0,0.0,0.0));
#4042=DIRECTION('',(0.0,0.0,1.0));
#4043=ADVANCED_FACE('3652',(#4044),#4050,.F.);
#4044=FACE_BOUND('3652',#4045,.T.);
#4045=EDGE_LOOP('',(#4046,#4047,#4048,#4049));
#4046=ORIENTED_EDGE('',*,*,#4031,.F.);
#4047=ORIENTED_EDGE('',*,*,#4007,.F.);
#4048=ORIENTED_EDGE('',*,*,#3983,.F.);
#4049=ORIENTED_EDGE('',*,*,#3959,.F.);
#4050=PLANE('',#4051);
#4051=AXIS2_PLACEMENT_3D('',#4052,#4053,#4054);
#4052=CARTESIAN_POINT('',(5.08,-2.35,0.0));
#4053=DIRECTION('',(0.0,1.0,0.0));
#4054=DIRECTION('',(1.0,0.0,0.0));
#4055=AXIS2_PLACEMENT_3D('',#4056,#4057,#4058);
#4056=CARTESIAN_POINT('',(0.0,0.0,0.0));
#4057=DIRECTION('',(0.0,0.0,1.0));
#4058=DIRECTION('',(1.0,0.0,0.0));
#4059=(GEOMETRIC_REPRESENTATION_CONTEXT(3)GLOBAL_UNCERTAINTY_ASSIGNED_CONTEXT((#4063))GLOBAL_UNIT_ASSIGNED_CONTEXT((#4060,#4061,#4062))REPRESENTATION_CONTEXT('',''));
#4060=(LENGTH_UNIT()NAMED_UNIT(*)SI_UNIT(.MILLI.,.METRE.));
#4061=(NAMED_UNIT(*)PLANE_ANGLE_UNIT()SI_UNIT($,.RADIAN.));
#4062=(NAMED_UNIT(*)SI_UNIT($,.STERADIAN.)SOLID_ANGLE_UNIT());
#4063=UNCERTAINTY_MEASURE_WITH_UNIT(LENGTH_MEASURE(1.0E-07),#4060,'','maximum tolerance');
#4064=ADVANCED_BREP_SHAPE_REPRESENTATION('',(#9,#4055),#4059);
#4065=SHAPE_DEFINITION_REPRESENTATION(#8,#4064);
#4066=PRODUCT_RELATED_PRODUCT_CATEGORY('part',$,(#4));
ENDSEC;
END-ISO-10303-21;
