ISO-10303-21;
HEADER;
FILE_DESCRIPTION (( 'STEP AP214' ),
    '1' );
FILE_NAME ('68000-403HLF.STEP',
    '2023-05-18T08:26:24',
    ( '' ),
    ( '' ),
    'SwSTEP 2.0',
    'SolidWorks 2021',
    '' );
FILE_SCHEMA (( 'AUTOMOTIVE_DESIGN' ));
ENDSEC;

DATA;
#1 = FACE_OUTER_BOUND ( 'NONE', #2180, .T. ) ;
#2 = PLANE ( 'NONE',  #213 ) ;
#3 = EDGE_LOOP ( 'NONE', ( #1108, #482, #1329, #1879 ) ) ;
#4 = ORIENTED_EDGE ( 'NONE', *, *, #722, .F. ) ;
#5 = DIRECTION ( 'NONE',  ( 0.000000000000000000, 0.000000000000000000, -1.000000000000000000 ) ) ;
#6 = CARTESIAN_POINT ( 'NONE',  ( -2.705000000000000959, -2.410000000000000586, -0.1650000000000009515 ) ) ;
#7 = VERTEX_POINT ( 'NONE', #1133 ) ;
#8 = ADVANCED_FACE ( 'NONE', ( #1922 ), #164, .F. ) ;
#9 = CARTESIAN_POINT ( 'NONE',  ( 1.880000000000000560, 0.000000000000000000, -0.5500000000000004885 ) ) ;
#10 = LINE ( 'NONE', #1359, #955 ) ;
#11 = VECTOR ( 'NONE', #1188, 1000.000000000000000 ) ;
#12 = DIRECTION ( 'NONE',  ( -1.000000000000000000, 0.000000000000000000, 8.470329472543004623E-17 ) ) ;
#13 = DIRECTION ( 'NONE',  ( 0.000000000000000000, 0.000000000000000000, 1.000000000000000000 ) ) ;
#14 = DIRECTION ( 'NONE',  ( -1.000000000000000000, 0.000000000000000000, 8.537024980200822558E-17 ) ) ;
#15 = DIRECTION ( 'NONE',  ( 0.000000000000000000, 0.000000000000000000, 1.000000000000000000 ) ) ;
#16 = ORIENTED_EDGE ( 'NONE', *, *, #571, .F. ) ;
#17 = EDGE_CURVE ( 'NONE', #587, #1997, #593, .T. ) ;
#18 = VECTOR ( 'NONE', #1320, 1000.000000000000000 ) ;
#19 = CARTESIAN_POINT ( 'NONE',  ( 3.351310172609005988, 0.2000000000000000944, -1.544975151177262918 ) ) ;
#20 = PLANE ( 'NONE',  #583 ) ;
#21 = VERTEX_POINT ( 'NONE', #1548 ) ;
#22 = ORIENTED_EDGE ( 'NONE', *, *, #719, .F. ) ;
#23 = LINE ( 'NONE', #807, #1562 ) ;
#24 = FACE_OUTER_BOUND ( 'NONE', #1286, .T. ) ;
#25 = DIRECTION ( 'NONE',  ( 0.000000000000000000, 1.000000000000000000, 0.000000000000000000 ) ) ;
#26 = CIRCLE ( 'NONE', #2413, 0.2050000000000007649 ) ;
#27 = CARTESIAN_POINT ( 'NONE',  ( 0.000000000000000000, 0.000000000000000000, 0.000000000000000000 ) ) ;
#28 = ORIENTED_EDGE ( 'NONE', *, *, #1848, .F. ) ;
#29 = AXIS2_PLACEMENT_3D ( 'NONE', #1110, #1650, #1456 ) ;
#30 = DIRECTION ( 'NONE',  ( 0.000000000000000000, 0.000000000000000000, -1.000000000000000000 ) ) ;
#31 = ORIENTED_EDGE ( 'NONE', *, *, #350, .T. ) ;
#32 = ORIENTED_EDGE ( 'NONE', *, *, #2078, .F. ) ;
#33 = ADVANCED_FACE ( 'NONE', ( #2386, #994, #2186, #1961, #1210, #228, #1987, #1396, #214, #971 ), #381, .T. ) ;
#34 = LINE ( 'NONE', #1586, #2358 ) ;
#35 = CARTESIAN_POINT ( 'NONE',  ( -1.269999999999998908, 2.350000000000000533, -0.5500000000000004885 ) ) ;
#36 = LINE ( 'NONE', #821, #1851 ) ;
#37 = EDGE_CURVE ( 'NONE', #2183, #1880, #1947, .T. ) ;
#38 = FILL_AREA_STYLE ('',( #2432 ) ) ;
#39 = SHAPE_DEFINITION_REPRESENTATION ( #447, #1661 ) ;
#40 = EDGE_LOOP ( 'NONE', ( #2256, #866, #88, #1381 ) ) ;
#41 = PRODUCT_DEFINITION_SHAPE ( 'NONE', 'NONE',  #512 ) ;
#42 = DIRECTION ( 'NONE',  ( 0.000000000000000000, 0.000000000000000000, -1.000000000000000000 ) ) ;
#43 = DIRECTION ( 'NONE',  ( 0.4186597375374292995, 0.000000000000000000, -0.9081431738250806962 ) ) ;
#44 = VERTEX_POINT ( 'NONE', #2357 ) ;
#45 = ADVANCED_FACE ( 'NONE', ( #1587 ), #610, .T. ) ;
#46 = CARTESIAN_POINT ( 'NONE',  ( 1.256511151229675605, 0.2000000000000000944, -0.5792595748652213938 ) ) ;
#47 = ADVANCED_FACE ( 'NONE', ( #24 ), #810, .T. ) ;
#48 = LINE ( 'NONE', #624, #1778 ) ;
#49 = AXIS2_PLACEMENT_3D ( 'NONE', #523, #2514, #484 ) ;
#50 = ORIENTED_EDGE ( 'NONE', *, *, #673, .T. ) ;
#51 = CIRCLE ( 'NONE', #1466, 0.2050000000000007649 ) ;
#52 = DIRECTION ( 'NONE',  ( -0.000000000000000000, -1.000000000000000000, -0.000000000000000000 ) ) ;
#53 = PLANE ( 'NONE',  #2188 ) ;
#54 = ORIENTED_EDGE ( 'NONE', *, *, #803, .F. ) ;
#55 = CIRCLE ( 'NONE', #1736, 0.2050000000000007649 ) ;
#56 = ORIENTED_EDGE ( 'NONE', *, *, #238, .T. ) ;
#57 = PRODUCT_DEFINITION_SHAPE ( 'NONE', 'NONE',  #2503 ) ;
#58 = AXIS2_PLACEMENT_3D ( 'NONE', #1317, #1808, #2236 ) ;
#59 = DIRECTION ( 'NONE',  ( -0.000000000000000000, -1.000000000000000000, -0.000000000000000000 ) ) ;
#60 = VECTOR ( 'NONE', #2013, 1000.000000000000000 ) ;
#61 = LINE ( 'NONE', #216, #1895 ) ;
#62 = ADVANCED_FACE ( 'NONE', ( #1755 ), #1411, .T. ) ;
#63 = CARTESIAN_POINT ( 'NONE',  ( -2.219999999999999751, 8.390000000000000568, -0.1649999999999997857 ) ) ;
#64 = ORIENTED_EDGE ( 'NONE', *, *, #1028, .F. ) ;
#65 = PLANE ( 'NONE',  #1531 ) ;
#66 = EDGE_CURVE ( 'NONE', #606, #1280, #2395, .T. ) ;
#67 = ORIENTED_EDGE ( 'NONE', *, *, #722, .T. ) ;
#68 = VECTOR ( 'NONE', #100, 1000.000000000000000 ) ;
#69 = CARTESIAN_POINT ( 'NONE',  ( -1.879999999999999893, 0.2000000000000000944, 0.5500000000000005995 ) ) ;
#70 = CARTESIAN_POINT ( 'NONE',  ( -3.199999999999999734, 0.000000000000000000, -0.3449999999999992517 ) ) ;
#71 = LINE ( 'NONE', #1105, #1072 ) ;
#72 = CARTESIAN_POINT ( 'NONE',  ( 5.079999999999999183, 0.000000000000000000, -1.137916226631788807E-15 ) ) ;
#73 = ORIENTED_EDGE ( 'NONE', *, *, #576, .T. ) ;
#74 = EDGE_CURVE ( 'NONE', #2206, #1512, #1971, .T. ) ;
#75 = PLANE ( 'NONE',  #2250 ) ;
#76 = ORIENTED_EDGE ( 'NONE', *, *, #1255, .F. ) ;
#77 = EDGE_CURVE ( 'NONE', #1018, #1440, #1185, .T. ) ;
#78 = LINE ( 'NONE', #1062, #840 ) ;
#79 = DIRECTION ( 'NONE',  ( -0.000000000000000000, -1.000000000000000000, -0.000000000000000000 ) ) ;
#80 = EDGE_CURVE ( 'NONE', #436, #1356, #1246, .T. ) ;
#81 = LINE ( 'NONE', #1453, #1479 ) ;
#82 = LINE ( 'NONE', #865, #1731 ) ;
#83 = ORIENTED_EDGE ( 'NONE', *, *, #1187, .T. ) ;
#84 = VECTOR ( 'NONE', #2378, 1000.000000000000000 ) ;
#85 = CARTESIAN_POINT ( 'NONE',  ( 0.6600000000000002531, 0.000000000000000000, 0.5500000000000003775 ) ) ;
#86 = LINE ( 'NONE', #428, #990 ) ;
#87 = EDGE_CURVE ( 'NONE', #942, #21, #1603, .T. ) ;
#88 = ORIENTED_EDGE ( 'NONE', *, *, #2273, .T. ) ;
#89 = AXIS2_PLACEMENT_3D ( 'NONE', #1959, #1946, #934 ) ;
#90 = CARTESIAN_POINT ( 'NONE',  ( 3.200000000000000622, 2.550000000000000711, 0.5500000000000001554 ) ) ;
#91 = VECTOR ( 'NONE', #1792, 1000.000000000000000 ) ;
#92 = DIRECTION ( 'NONE',  ( -0.000000000000000000, -1.000000000000000000, -0.000000000000000000 ) ) ;
#93 = EDGE_CURVE ( 'NONE', #1440, #734, #582, .T. ) ;
#94 = EDGE_LOOP ( 'NONE', ( #1125, #2023, #263, #1211 ) ) ;
#95 = CIRCLE ( 'NONE', #301, 0.2050000000000007649 ) ;
#96 = CARTESIAN_POINT ( 'NONE',  ( 1.571959135949896780, 2.350000000000000533, 1.205000000000000071 ) ) ;
#97 = VECTOR ( 'NONE', #430, 1000.000000000000000 ) ;
#98 = CARTESIAN_POINT ( 'NONE',  ( -0.6599999999999995870, 0.000000000000000000, -0.5500000000000002665 ) ) ;
#99 = ORIENTED_EDGE ( 'NONE', *, *, #2541, .T. ) ;
#100 = DIRECTION ( 'NONE',  ( -0.000000000000000000, 1.000000000000000000, -0.000000000000000000 ) ) ;
#101 = CARTESIAN_POINT ( 'NONE',  ( -2.219999999999999751, 2.350000000000000533, -0.3200000000000001177 ) ) ;
#102 = EDGE_LOOP ( 'NONE', ( #1540, #2171, #1735, #1671 ) ) ;
#103 = PRODUCT_RELATED_PRODUCT_CATEGORY ( 'part', '', ( #631 ) ) ;
#104 = DIRECTION ( 'NONE',  ( 8.470329472543004623E-17, 0.000000000000000000, 1.000000000000000000 ) ) ;
#105 = ORIENTED_EDGE ( 'NONE', *, *, #2354, .T. ) ;
#106 = VECTOR ( 'NONE', #1389, 1000.000000000000000 ) ;
#107 = PLANE ( 'NONE',  #2159 ) ;
#108 = EDGE_CURVE ( 'NONE', #1356, #146, #442, .T. ) ;
#109 = CARTESIAN_POINT ( 'NONE',  ( 1.270000000000001128, 2.350000000000000533, 0.5499999999999998224 ) ) ;
#110 = ORIENTED_EDGE ( 'NONE', *, *, #296, .T. ) ;
#111 = EDGE_CURVE ( 'NONE', #2437, #2448, #634, .T. ) ;
#112 = CARTESIAN_POINT ( 'NONE',  ( -1.879999999999999893, 2.350000000000000533, 0.3449999999999998068 ) ) ;
#113 = ORIENTED_EDGE ( 'NONE', *, *, #2469, .F. ) ;
#114 = CARTESIAN_POINT ( 'NONE',  ( -2.219999999999999751, 2.350000000000000533, -0.3200000000000001177 ) ) ;
#115 = DIRECTION ( 'NONE',  ( 0.3420201433256626067, 0.9396926207859105373, 0.000000000000000000 ) ) ;
#116 = VERTEX_POINT ( 'NONE', #2375 ) ;
#117 = EDGE_CURVE ( 'NONE', #199, #1880, #1375, .T. ) ;
#118 = CARTESIAN_POINT ( 'NONE',  ( -3.351310172609004212, 0.2000000000000000944, -1.544975151177262029 ) ) ;
#119 = LINE ( 'NONE', #1646, #1941 ) ;
#120 = LINE ( 'NONE', #1683, #1067 ) ;
#121 = ORIENTED_EDGE ( 'NONE', *, *, #1721, .F. ) ;
#122 = ADVANCED_FACE ( 'NONE', ( #279 ), #2228, .F. ) ;
#123 = CARTESIAN_POINT ( 'NONE',  ( -1.256511151229673606, 0.2000000000000000944, -0.5792595748652206167 ) ) ;
#124 = LINE ( 'NONE', #1457, #338 ) ;
#125 = ORIENTED_EDGE ( 'NONE', *, *, #2095, .F. ) ;
#126 = CARTESIAN_POINT ( 'NONE',  ( -2.859999999999999876, 2.350000000000000533, 0.3199999999999999512 ) ) ;
#127 = LINE ( 'NONE', #2302, #1357 ) ;
#128 = AXIS2_PLACEMENT_3D ( 'NONE', #2233, #461, #448 ) ;
#129 = ORIENTED_EDGE ( 'NONE', *, *, #300, .F. ) ;
#130 = PRESENTATION_LAYER_ASSIGNMENT (  '', '', ( #261 ) ) ;
#131 = CIRCLE ( 'NONE', #542, 0.2050000000000007649 ) ;
#132 =( REPRESENTATION_RELATIONSHIP ('NONE','NONE', #2033, #1661 ) REPRESENTATION_RELATIONSHIP_WITH_TRANSFORMATION ( #1606 )SHAPE_REPRESENTATION_RELATIONSHIP( ) );
#133 = CARTESIAN_POINT ( 'NONE',  ( -1.879999999999999893, 2.550000000000000711, 0.5500000000000005995 ) ) ;
#134 = CIRCLE ( 'NONE', #749, 0.2050000000000007649 ) ;
#135 = ADVANCED_FACE ( 'NONE', ( #268 ), #2028, .T. ) ;
#136 = DIRECTION ( 'NONE',  ( -0.000000000000000000, -1.000000000000000000, -0.000000000000000000 ) ) ;
#137 = FACE_BOUND ( 'NONE', #1749, .T. ) ;
#138 = ORIENTED_EDGE ( 'NONE', *, *, #1051, .T. ) ;
#139 = ORIENTED_EDGE ( 'NONE', *, *, #2107, .F. ) ;
#140 = DIRECTION ( 'NONE',  ( -0.000000000000000000, -1.000000000000000000, -0.000000000000000000 ) ) ;
#141 = PLANE ( 'NONE',  #258 ) ;
#142 = ORIENTED_EDGE ( 'NONE', *, *, #2367, .F. ) ;
#143 = LINE ( 'NONE', #897, #1402 ) ;
#144 = ADVANCED_FACE ( 'NONE', ( #1233 ), #2265, .T. ) ;
#145 = FACE_OUTER_BOUND ( 'NONE', #424, .T. ) ;
#146 = VERTEX_POINT ( 'NONE', #70 ) ;
#147 = VECTOR ( 'NONE', #2390, 1000.000000000000000 ) ;
#148 = DIRECTION ( 'NONE',  ( -0.000000000000000000, -1.000000000000000000, -0.000000000000000000 ) ) ;
#149 = DIRECTION ( 'NONE',  ( 0.000000000000000000, 0.000000000000000000, 1.000000000000000000 ) ) ;
#150 = ORIENTED_EDGE ( 'NONE', *, *, #2429, .T. ) ;
#151 = ORIENTED_EDGE ( 'NONE', *, *, #1929, .T. ) ;
#152 = VECTOR ( 'NONE', #533, 1000.000000000000000 ) ;
#153 = CYLINDRICAL_SURFACE ( 'NONE', #747, 0.2050000000000007649 ) ;
#154 = DIRECTION ( 'NONE',  ( 0.000000000000000000, 0.000000000000000000, 1.000000000000000000 ) ) ;
#155 = ORIENTED_EDGE ( 'NONE', *, *, #1713, .F. ) ;
#156 = EDGE_CURVE ( 'NONE', #2448, #694, #802, .T. ) ;
#157 = CARTESIAN_POINT ( 'NONE',  ( 3.810000000000000941, 0.2000000000000000944, 0.5499999999999993783 ) ) ;
#158 = DIRECTION ( 'NONE',  ( 1.000000000000000000, 0.000000000000000000, -8.470329472543004623E-17 ) ) ;
#159 = ORIENTED_EDGE ( 'NONE', *, *, #1972, .F. ) ;
#160 = DIRECTION ( 'NONE',  ( 0.000000000000000000, -1.000000000000000000, 0.000000000000000000 ) ) ;
#161 = ADVANCED_BREP_SHAPE_REPRESENTATION ( '', ( #2174, #2480 ), #2148 ) ;
#162 = CARTESIAN_POINT ( 'NONE',  ( -0.3199999999999995626, 2.350000000000000533, 0.3199999999999997291 ) ) ;
#163 = VERTEX_POINT ( 'NONE', #852 ) ;
#164 = PLANE ( 'NONE',  #800 ) ;
#165 = PLANE ( 'NONE',  #1015 ) ;
#166 = CYLINDRICAL_SURFACE ( 'NONE', #2104, 0.2050000000000007649 ) ;
#167 = ORIENTED_EDGE ( 'NONE', *, *, #1668, .F. ) ;
#168 = DIRECTION ( 'NONE',  ( 0.000000000000000000, 0.000000000000000000, 1.000000000000000000 ) ) ;
#169 = EDGE_CURVE ( 'NONE', #2183, #1215, #2468, .T. ) ;
#170 = DIRECTION ( 'NONE',  ( 0.3236155771181793983, 0.8891264907159922570, 0.3236155771181793983 ) ) ;
#171 = ORIENTED_EDGE ( 'NONE', *, *, #296, .F. ) ;
#172 = AXIS2_PLACEMENT_3D ( 'NONE', #2112, #496, #702 ) ;
#173 = DIRECTION ( 'NONE',  ( -0.000000000000000000, 1.000000000000000000, -0.000000000000000000 ) ) ;
#174 = CIRCLE ( 'NONE', #1979, 0.2050000000000007649 ) ;
#175 = AXIS2_PLACEMENT_3D ( 'NONE', #1570, #180, #1964 ) ;
#176 = DIRECTION ( 'NONE',  ( -0.000000000000000000, -1.000000000000000000, -0.000000000000000000 ) ) ;
#177 = VERTEX_POINT ( 'NONE', #686 ) ;
#178 = FACE_OUTER_BOUND ( 'NONE', #1678, .T. ) ;
#179 = CARTESIAN_POINT ( 'NONE',  ( -3.351310172609005100, 0.2000000000000000944, 1.544975151177262029 ) ) ;
#180 = DIRECTION ( 'NONE',  ( 0.000000000000000000, 0.000000000000000000, 1.000000000000000000 ) ) ;
#181 = ORIENTED_EDGE ( 'NONE', *, *, #361, .T. ) ;
#182 = ORIENTED_EDGE ( 'NONE', *, *, #845, .T. ) ;
#183 = CARTESIAN_POINT ( 'NONE',  ( -2.374999999999998224, -2.410000000000000586, 0.3199999999999995071 ) ) ;
#184 = AXIS2_PLACEMENT_3D ( 'NONE', #2505, #1502, #2311 ) ;
#185 = ORIENTED_EDGE ( 'NONE', *, *, #187, .T. ) ;
#186 = VECTOR ( 'NONE', #1360, 1000.000000000000000 ) ;
#187 = EDGE_CURVE ( 'NONE', #2120, #1980, #81, .T. ) ;
#188 = AXIS2_PLACEMENT_3D ( 'NONE', #654, #1038, #1835 ) ;
#189 = MECHANICAL_DESIGN_GEOMETRIC_PRESENTATION_REPRESENTATION (  '', ( #2416 ), #2331 ) ;
#190 = DIRECTION ( 'NONE',  ( -0.000000000000000000, -1.000000000000000000, -0.000000000000000000 ) ) ;
#191 = DIRECTION ( 'NONE',  ( -0.000000000000000000, -1.000000000000000000, -0.000000000000000000 ) ) ;
#192 = EDGE_CURVE ( 'NONE', #1880, #1791, #2042, .T. ) ;
#193 = DIRECTION ( 'NONE',  ( -0.9081431738250808072, 0.000000000000000000, 0.4186597375374293550 ) ) ;
#194 = LINE ( 'NONE', #2528, #662 ) ;
#195 = EDGE_LOOP ( 'NONE', ( #150, #1921, #726, #744 ) ) ;
#196 = VERTEX_POINT ( 'NONE', #1045 ) ;
#197 = PLANE ( 'NONE',  #806 ) ;
#198 = LINE ( 'NONE', #1968, #916 ) ;
#199 = VERTEX_POINT ( 'NONE', #1632 ) ;
#200 = EDGE_CURVE ( 'NONE', #2383, #1933, #715, .T. ) ;
#201 = DIRECTION ( 'NONE',  ( -0.000000000000000000, 1.000000000000000000, -0.000000000000000000 ) ) ;
#202 = DIRECTION ( 'NONE',  ( -0.000000000000000000, -1.000000000000000000, -0.000000000000000000 ) ) ;
#203 = PLANE ( 'NONE',  #385 ) ;
#204 = EDGE_CURVE ( 'NONE', #1630, #1640, #1364, .T. ) ;
#205 = DIRECTION ( 'NONE',  ( 0.000000000000000000, 0.000000000000000000, -1.000000000000000000 ) ) ;
#206 = EDGE_LOOP ( 'NONE', ( #565, #389, #2037, #486 ) ) ;
#207 = PLANE ( 'NONE',  #1747 ) ;
#208 = LINE ( 'NONE', #989, #1956 ) ;
#209 = EDGE_LOOP ( 'NONE', ( #2109, #432 ) ) ;
#210 = ORIENTED_EDGE ( 'NONE', *, *, #571, .T. ) ;
#211 = DIRECTION ( 'NONE',  ( -0.000000000000000000, -1.000000000000000000, -0.000000000000000000 ) ) ;
#212 = CARTESIAN_POINT ( 'NONE',  ( 1.880000000000000560, 2.550000000000000711, -0.5500000000000004885 ) ) ;
#213 = AXIS2_PLACEMENT_3D ( 'NONE', #2360, #612, #1006 ) ;
#214 = FACE_BOUND ( 'NONE', #1928, .T. ) ;
#215 = AXIS2_PLACEMENT_3D ( 'NONE', #280, #1413, #2218 ) ;
#216 = CARTESIAN_POINT ( 'NONE',  ( -3.199999999999999734, 2.550000000000000711, -0.7550000000000007816 ) ) ;
#217 = CARTESIAN_POINT ( 'NONE',  ( -0.6599999999999995870, 2.550000000000000711, -0.5500000000000002665 ) ) ;
#218 = ORIENTED_EDGE ( 'NONE', *, *, #80, .F. ) ;
#219 = AXIS2_PLACEMENT_3D ( 'NONE', #27, #586, #998 ) ;
#220 = EDGE_CURVE ( 'NONE', #1497, #2003, #491, .T. ) ;
#221 = VECTOR ( 'NONE', #1077, 1000.000000000000000 ) ;
#222 = LINE ( 'NONE', #773, #1701 ) ;
#223 = CARTESIAN_POINT ( 'NONE',  ( -2.654207384749536214, 8.529551563475695986, -0.1142073847495365946 ) ) ;
#224 = ORIENTED_EDGE ( 'NONE', *, *, #93, .T. ) ;
#225 = EDGE_CURVE ( 'NONE', #1752, #163, #229, .T. ) ;
#226 = ORIENTED_EDGE ( 'NONE', *, *, #2458, .F. ) ;
#227 = EDGE_CURVE ( 'NONE', #892, #1791, #1430, .T. ) ;
#228 = FACE_BOUND ( 'NONE', #967, .T. ) ;
#229 = CIRCLE ( 'NONE', #1996, 0.2050000000000007649 ) ;
#230 = DIRECTION ( 'NONE',  ( 0.000000000000000000, 0.000000000000000000, 1.000000000000000000 ) ) ;
#231 = VECTOR ( 'NONE', #1058, 1000.000000000000000 ) ;
#232 = DIRECTION ( 'NONE',  ( 0.000000000000000000, 0.000000000000000000, 1.000000000000000000 ) ) ;
#233 = SHAPE_DEFINITION_REPRESENTATION ( #41, #2033 ) ;
#234 = ORIENTED_EDGE ( 'NONE', *, *, #2550, .F. ) ;
#235 = DIRECTION ( 'NONE',  ( 1.000000000000000000, 0.000000000000000000, 0.000000000000000000 ) ) ;
#236 = EDGE_CURVE ( 'NONE', #2339, #817, #2422, .T. ) ;
#237 = VERTEX_POINT ( 'NONE', #2252 ) ;
#238 = EDGE_CURVE ( 'NONE', #2392, #939, #649, .T. ) ;
#239 = ORIENTED_EDGE ( 'NONE', *, *, #378, .F. ) ;
#240 = EDGE_CURVE ( 'NONE', #899, #1844, #1420, .T. ) ;
#241 = DIRECTION ( 'NONE',  ( -1.000000000000000000, 0.000000000000000000, 8.470329472543004623E-17 ) ) ;
#242 = DIRECTION ( 'NONE',  ( 0.000000000000000000, -1.000000000000000000, 0.000000000000000000 ) ) ;
#243 = EDGE_LOOP ( 'NONE', ( #2349, #567 ) ) ;
#244 = DIRECTION ( 'NONE',  ( 0.000000000000000000, 0.000000000000000000, -1.000000000000000000 ) ) ;
#245 = DIRECTION ( 'NONE',  ( -0.000000000000000000, -1.000000000000000000, -0.000000000000000000 ) ) ;
#246 = CARTESIAN_POINT ( 'NONE',  ( 0.000000000000000000, 0.000000000000000000, 0.000000000000000000 ) ) ;
#247 = ORIENTED_EDGE ( 'NONE', *, *, #1387, .F. ) ;
#248 = LINE ( 'NONE', #1786, #147 ) ;
#249 = CARTESIAN_POINT ( 'NONE',  ( -3.199999999999999734, 2.550000000000000711, -0.7550000000000007816 ) ) ;
#250 = ORIENTED_EDGE ( 'NONE', *, *, #1658, .T. ) ;
#251 = EDGE_CURVE ( 'NONE', #1215, #905, #1850, .T. ) ;
#252 =( NAMED_UNIT ( * ) PLANE_ANGLE_UNIT ( ) SI_UNIT ( $, .RADIAN. ) );
#253 = ORIENTED_EDGE ( 'NONE', *, *, #1184, .F. ) ;
#254 = PLANE ( 'NONE',  #58 ) ;
#255 = DIRECTION ( 'NONE',  ( -0.4186597375374292440, 0.000000000000000000, 0.9081431738250808072 ) ) ;
#256 = ADVANCED_FACE ( 'NONE', ( #302 ), #107, .F. ) ;
#257 = CARTESIAN_POINT ( 'NONE',  ( -0.9680408640501043660, 2.350000000000000533, 1.205000000000000293 ) ) ;
#258 = AXIS2_PLACEMENT_3D ( 'NONE', #294, #1704, #2085 ) ;
#259 = CARTESIAN_POINT ( 'NONE',  ( 0.6600000000000002531, 0.2000000000000000944, 0.5500000000000003775 ) ) ;
#260 = ORIENTED_EDGE ( 'NONE', *, *, #2185, .T. ) ;
#261 = STYLED_ITEM ( 'NONE', ( #1551 ), #161 ) ;
#262 = DIRECTION ( 'NONE',  ( 1.000000000000000000, 0.000000000000000000, -1.694065894508600925E-16 ) ) ;
#263 = ORIENTED_EDGE ( 'NONE', *, *, #2158, .T. ) ;
#264 = AXIS2_PLACEMENT_3D ( 'NONE', #337, #742, #2088 ) ;
#265 = DIRECTION ( 'NONE',  ( 0.4186597375374292995, 0.000000000000000000, 0.9081431738250806962 ) ) ;
#266 = ADVANCED_FACE ( 'NONE', ( #900 ), #1679, .T. ) ;
#267 = AXIS2_PLACEMENT_3D ( 'NONE', #2091, #318, #933 ) ;
#268 = FACE_OUTER_BOUND ( 'NONE', #195, .T. ) ;
#269 = DIRECTION ( 'NONE',  ( 0.000000000000000000, -1.000000000000000000, 0.000000000000000000 ) ) ;
#270 = CARTESIAN_POINT ( 'NONE',  ( 0.6600000000000002531, 2.550000000000000711, 0.3449999999999995848 ) ) ;
#271 =( LENGTH_UNIT ( ) NAMED_UNIT ( * ) SI_UNIT ( .MILLI., .METRE. ) );
#272 = ORIENTED_EDGE ( 'NONE', *, *, #251, .F. ) ;
#273 = EDGE_CURVE ( 'NONE', #324, #177, #504, .T. ) ;
#274 = DIRECTION ( 'NONE',  ( 0.3236155771181794538, 0.8891264907159920350, -0.3236155771181795093 ) ) ;
#275 = DIRECTION ( 'NONE',  ( 0.000000000000000000, 0.000000000000000000, -1.000000000000000000 ) ) ;
#276 = ORIENTED_EDGE ( 'NONE', *, *, #909, .T. ) ;
#277 = CARTESIAN_POINT ( 'NONE',  ( 0.3200000000000003952, 2.350000000000000533, 0.3199999999999996736 ) ) ;
#278 = SURFACE_STYLE_USAGE ( .BOTH. , #2263 ) ;
#279 = FACE_OUTER_BOUND ( 'NONE', #3, .T. ) ;
#280 = CARTESIAN_POINT ( 'NONE',  ( -3.199999999999999734, 2.550000000000000711, -0.5500000000000000444 ) ) ;
#281 = EDGE_LOOP ( 'NONE', ( #2172, #676, #1820, #1304 ) ) ;
#282 = LINE ( 'NONE', #793, #819 ) ;
#283 = CARTESIAN_POINT ( 'NONE',  ( -2.704999999999999183, 8.390000000000000568, -0.3199999999999996736 ) ) ;
#284 = ORIENTED_EDGE ( 'NONE', *, *, #1206, .T. ) ;
#285 = DIRECTION ( 'NONE',  ( 0.000000000000000000, 0.000000000000000000, -1.000000000000000000 ) ) ;
#286 = DIRECTION ( 'NONE',  ( 0.000000000000000000, 0.000000000000000000, 1.000000000000000000 ) ) ;
#287 = ORIENTED_EDGE ( 'NONE', *, *, #2012, .F. ) ;
#288 = CARTESIAN_POINT ( 'NONE',  ( 0.3200000000000003952, 2.350000000000000533, -0.3200000000000003397 ) ) ;
#289 = FACE_OUTER_BOUND ( 'NONE', #1156, .T. ) ;
#290 = DIRECTION ( 'NONE',  ( 0.000000000000000000, 0.000000000000000000, -1.000000000000000000 ) ) ;
#291 = ORIENTED_EDGE ( 'NONE', *, *, #621, .T. ) ;
#292 = AXIS2_PLACEMENT_3D ( 'NONE', #2463, #908, #154 ) ;
#293 = CARTESIAN_POINT ( 'NONE',  ( 0.3200000000000003952, 2.350000000000000533, 0.3199999999999996736 ) ) ;
#294 = CARTESIAN_POINT ( 'NONE',  ( 3.810000000000000941, 0.000000000000000000, -0.5500000000000013767 ) ) ;
#295 = EDGE_LOOP ( 'NONE', ( #1117, #138, #1254, #1325 ) ) ;
#296 = EDGE_CURVE ( 'NONE', #1512, #321, #1712, .T. ) ;
#297 = AXIS2_PLACEMENT_3D ( 'NONE', #98, #1082, #2446 ) ;
#298 = CARTESIAN_POINT ( 'NONE',  ( -2.219999999999999751, 7.964140999984525848, -0.3199999999999995626 ) ) ;
#299 = VERTEX_POINT ( 'NONE', #2482 ) ;
#300 = EDGE_CURVE ( 'NONE', #299, #1078, #592, .T. ) ;
#301 = AXIS2_PLACEMENT_3D ( 'NONE', #979, #2366, #1193 ) ;
#302 = FACE_OUTER_BOUND ( 'NONE', #709, .T. ) ;
#303 = EDGE_CURVE ( 'NONE', #324, #2399, #1908, .T. ) ;
#304 = VECTOR ( 'NONE', #731, 1000.000000000000114 ) ;
#305 = DIRECTION ( 'NONE',  ( -1.000000000000000000, 0.000000000000000000, 8.537024980200822558E-17 ) ) ;
#306 = AXIS2_PLACEMENT_3D ( 'NONE', #1578, #1782, #420 ) ;
#307 = VERTEX_POINT ( 'NONE', #764 ) ;
#308 = DIRECTION ( 'NONE',  ( -0.000000000000000000, -1.000000000000000000, -0.000000000000000000 ) ) ;
#309 = CIRCLE ( 'NONE', #601, 0.2050000000000007649 ) ;
#310 = CARTESIAN_POINT ( 'NONE',  ( -0.6599999999999995870, 2.550000000000000711, -0.5500000000000002665 ) ) ;
#311 = ORIENTED_EDGE ( 'NONE', *, *, #395, .T. ) ;
#312 = CIRCLE ( 'NONE', #1656, 0.2050000000000007649 ) ;
#313 = VECTOR ( 'NONE', #173, 1000.000000000000000 ) ;
#314 = DIRECTION ( 'NONE',  ( 0.000000000000000000, -1.000000000000000000, 0.000000000000000000 ) ) ;
#315 = EDGE_CURVE ( 'NONE', #1844, #1194, #748, .T. ) ;
#316 = CARTESIAN_POINT ( 'NONE',  ( 3.810000000000000497, 2.350000000000000533, -1.205000000000000293 ) ) ;
#317 = ORIENTED_EDGE ( 'NONE', *, *, #1337, .F. ) ;
#318 = DIRECTION ( 'NONE',  ( -0.000000000000000000, -1.000000000000000000, -0.000000000000000000 ) ) ;
#319 = FACE_OUTER_BOUND ( 'NONE', #550, .T. ) ;
#320 = ORIENTED_EDGE ( 'NONE', *, *, #646, .F. ) ;
#321 = VERTEX_POINT ( 'NONE', #2291 ) ;
#322 = DIRECTION ( 'NONE',  ( -0.4186597375374292440, -0.000000000000000000, -0.9081431738250808072 ) ) ;
#323 = LINE ( 'NONE', #1303, #2316 ) ;
#324 = VERTEX_POINT ( 'NONE', #327 ) ;
#325 = DIRECTION ( 'NONE',  ( 0.000000000000000000, -1.000000000000000000, 0.000000000000000000 ) ) ;
#326 = DIRECTION ( 'NONE',  ( -0.000000000000000000, -1.000000000000000000, -0.000000000000000000 ) ) ;
#327 = CARTESIAN_POINT ( 'NONE',  ( -3.809999999999999165, 0.2000000000000000944, -0.5500000000000000444 ) ) ;
#328 = EDGE_CURVE ( 'NONE', #1063, #2011, #2539, .T. ) ;
#329 = CARTESIAN_POINT ( 'NONE',  ( 0.6600000000000002531, 2.550000000000000711, 0.5500000000000003775 ) ) ;
#330 = ORIENTED_EDGE ( 'NONE', *, *, #315, .T. ) ;
#331 = EDGE_LOOP ( 'NONE', ( #2389, #860, #1957, #1191 ) ) ;
#332 = ADVANCED_FACE ( 'NONE', ( #1697 ), #2315, .T. ) ;
#333 = LINE ( 'NONE', #1663, #2168 ) ;
#334 = CARTESIAN_POINT ( 'NONE',  ( 1.571959135949896780, 0.2000000000000000944, 1.205000000000000071 ) ) ;
#335 = VERTEX_POINT ( 'NONE', #529 ) ;
#336 = CARTESIAN_POINT ( 'NONE',  ( -2.375000000000000000, 8.390000000000000568, 0.1649999999999995082 ) ) ;
#337 = CARTESIAN_POINT ( 'NONE',  ( -2.859999999999999876, 8.390000000000000568, 0.3199999999999999512 ) ) ;
#338 = VECTOR ( 'NONE', #729, 1000.000000000000000 ) ;
#339 = UNCERTAINTY_MEASURE_WITH_UNIT (LENGTH_MEASURE( 1.000000000000000082E-05 ), #1426, 'distance_accuracy_value', 'NONE');
#340 = MECHANICAL_DESIGN_GEOMETRIC_PRESENTATION_REPRESENTATION (  '', ( #261 ), #745 ) ;
#341 = VECTOR ( 'NONE', #2135, 1000.000000000000000 ) ;
#342 = DIRECTION ( 'NONE',  ( 0.000000000000000000, -0.000000000000000000, 1.000000000000000000 ) ) ;
#343 = AXIS2_PLACEMENT_3D ( 'NONE', #2342, #1168, #815 ) ;
#344 = EDGE_CURVE ( 'NONE', #1640, #2011, #1522, .T. ) ;
#345 = DIRECTION ( 'NONE',  ( 0.000000000000000000, 0.000000000000000000, -1.000000000000000000 ) ) ;
#346 = ORIENTED_EDGE ( 'NONE', *, *, #1875, .T. ) ;
#347 = ORIENTED_EDGE ( 'NONE', *, *, #1218, .T. ) ;
#348 = PLANE ( 'NONE',  #2152 ) ;
#349 = CARTESIAN_POINT ( 'NONE',  ( 3.508040864050106400, 2.350000000000000533, 1.204999999999999849 ) ) ;
#350 = EDGE_CURVE ( 'NONE', #525, #1418, #2509, .T. ) ;
#351 = ORIENTED_EDGE ( 'NONE', *, *, #2212, .T. ) ;
#352 = EDGE_LOOP ( 'NONE', ( #752, #50 ) ) ;
#353 = PLANE ( 'NONE',  #960 ) ;
#354 = PRODUCT_DEFINITION_SHAPE ( 'NONE', 'NONE',  #2552 ) ;
#355 = CARTESIAN_POINT ( 'NONE',  ( 3.200000000000000622, 2.550000000000000711, 0.7550000000000008926 ) ) ;
#356 = ORIENTED_EDGE ( 'NONE', *, *, #1255, .T. ) ;
#357 = CARTESIAN_POINT ( 'NONE',  ( 3.810000000000000941, 2.350000000000000533, 0.5499999999999993783 ) ) ;
#358 = CARTESIAN_POINT ( 'NONE',  ( -1.269999999999998908, 0.000000000000000000, 0.5500000000000002665 ) ) ;
#359 = ORIENTED_EDGE ( 'NONE', *, *, #816, .F. ) ;
#360 = EDGE_LOOP ( 'NONE', ( #2369, #554, #645, #758 ) ) ;
#361 = EDGE_CURVE ( 'NONE', #2000, #817, #1740, .T. ) ;
#362 = DIRECTION ( 'NONE',  ( -1.000000000000000000, 0.000000000000000000, 0.000000000000000000 ) ) ;
#363 = DIRECTION ( 'NONE',  ( 0.000000000000000000, 0.000000000000000000, -1.000000000000000000 ) ) ;
#364 = ORIENTED_EDGE ( 'NONE', *, *, #2537, .T. ) ;
#365 = ADVANCED_FACE ( 'NONE', ( #369 ), #2538, .T. ) ;
#366 = CYLINDRICAL_SURFACE ( 'NONE', #1287, 0.2050000000000007649 ) ;
#367 = DIRECTION ( 'NONE',  ( -0.000000000000000000, -1.000000000000000000, -0.000000000000000000 ) ) ;
#368 = ORIENTED_EDGE ( 'NONE', *, *, #1546, .T. ) ;
#369 = FACE_OUTER_BOUND ( 'NONE', #94, .T. ) ;
#370 = LINE ( 'NONE', #1931, #91 ) ;
#371 = ORIENTED_EDGE ( 'NONE', *, *, #2266, .F. ) ;
#372 = CARTESIAN_POINT ( 'NONE',  ( -0.3199999999999995626, 0.2000000000000000944, -0.3200000000000002842 ) ) ;
#373 = DIRECTION ( 'NONE',  ( 0.000000000000000000, -1.000000000000000000, 0.000000000000000000 ) ) ;
#374 = VERTEX_POINT ( 'NONE', #1308 ) ;
#375 = ORIENTED_EDGE ( 'NONE', *, *, #1753, .F. ) ;
#376 = CARTESIAN_POINT ( 'NONE',  ( -2.859999999999999432, -2.410000000000000586, 0.1650000000000006461 ) ) ;
#377 = CARTESIAN_POINT ( 'NONE',  ( 3.200000000000000622, 0.000000000000000000, 0.7550000000000008926 ) ) ;
#378 = EDGE_CURVE ( 'NONE', #1559, #1056, #1335, .T. ) ;
#379 = ORIENTED_EDGE ( 'NONE', *, *, #192, .T. ) ;
#380 = VECTOR ( 'NONE', #1142, 1000.000000000000114 ) ;
#381 = PLANE ( 'NONE',  #306 ) ;
#382 = DIRECTION ( 'NONE',  ( 8.537024980200822558E-17, -0.000000000000000000, 1.000000000000000000 ) ) ;
#383 = EDGE_CURVE ( 'NONE', #1766, #2005, #1119, .T. ) ;
#384 = ORIENTED_EDGE ( 'NONE', *, *, #1431, .F. ) ;
#385 = AXIS2_PLACEMENT_3D ( 'NONE', #961, #362, #1746 ) ;
#386 = FACE_OUTER_BOUND ( 'NONE', #1837, .T. ) ;
#387 = FACE_OUTER_BOUND ( 'NONE', #1221, .T. ) ;
#388 =( LENGTH_UNIT ( ) NAMED_UNIT ( * ) SI_UNIT ( .MILLI., .METRE. ) );
#389 = ORIENTED_EDGE ( 'NONE', *, *, #2029, .T. ) ;
#390 = EDGE_LOOP ( 'NONE', ( #910, #31, #1008, #239 ) ) ;
#391 = DIRECTION ( 'NONE',  ( 0.9081431738250808072, 0.000000000000000000, -0.4186597375374292440 ) ) ;
#392 = DIRECTION ( 'NONE',  ( -0.000000000000000000, -1.000000000000000000, -0.000000000000000000 ) ) ;
#393 = AXIS2_PLACEMENT_3D ( 'NONE', #1087, #681, #886 ) ;
#394 = ORIENTED_EDGE ( 'NONE', *, *, #397, .T. ) ;
#395 = EDGE_CURVE ( 'NONE', #935, #2223, #543, .T. ) ;
#396 = EDGE_CURVE ( 'NONE', #714, #2199, #1130, .T. ) ;
#397 = EDGE_CURVE ( 'NONE', #1940, #942, #1876, .T. ) ;
#398 = CARTESIAN_POINT ( 'NONE',  ( -0.6599999999999995870, 0.2000000000000000944, -0.7550000000000010036 ) ) ;
#399 = VECTOR ( 'NONE', #2269, 1000.000000000000000 ) ;
#400 = CARTESIAN_POINT ( 'NONE',  ( -2.358767308528200601, -2.365401046724262990, 0.1812326914717987125 ) ) ;
#401 = FACE_OUTER_BOUND ( 'NONE', #680, .T. ) ;
#402 = DIRECTION ( 'NONE',  ( -0.000000000000000000, -1.000000000000000000, -0.000000000000000000 ) ) ;
#403 = ORIENTED_EDGE ( 'NONE', *, *, #1176, .T. ) ;
#404 = FACE_OUTER_BOUND ( 'NONE', #1013, .T. ) ;
#405 = CARTESIAN_POINT ( 'NONE',  ( -3.199999999999999734, 0.000000000000000000, -0.5500000000000000444 ) ) ;
#406 = ORIENTED_EDGE ( 'NONE', *, *, #200, .T. ) ;
#407 = ORIENTED_EDGE ( 'NONE', *, *, #1431, .T. ) ;
#408 = DIRECTION ( 'NONE',  ( 0.000000000000000000, -0.000000000000000000, 1.000000000000000000 ) ) ;
#409 = DIRECTION ( 'NONE',  ( -0.000000000000000000, -1.000000000000000000, -0.000000000000000000 ) ) ;
#410 = FACE_OUTER_BOUND ( 'NONE', #281, .T. ) ;
#411 = SURFACE_STYLE_USAGE ( .BOTH. , #2151 ) ;
#412 = VERTEX_POINT ( 'NONE', #418 ) ;
#413 = ADVANCED_FACE ( 'NONE', ( #1099 ), #254, .T. ) ;
#414 = DIRECTION ( 'NONE',  ( -0.4186597375374292440, 0.000000000000000000, -0.9081431738250808072 ) ) ;
#415 = CARTESIAN_POINT ( 'NONE',  ( -1.879999999999999893, 0.000000000000000000, 0.7550000000000013367 ) ) ;
#416 = ORIENTED_EDGE ( 'NONE', *, *, #1073, .T. ) ;
#417 = ORIENTED_EDGE ( 'NONE', *, *, #117, .F. ) ;
#418 = CARTESIAN_POINT ( 'NONE',  ( -2.859999999999999876, -1.984140999984526310, -0.3200000000000002287 ) ) ;
#419 = CIRCLE ( 'NONE', #538, 0.2050000000000007649 ) ;
#420 = DIRECTION ( 'NONE',  ( 0.000000000000000000, -0.000000000000000000, 1.000000000000000000 ) ) ;
#421 = DIRECTION ( 'NONE',  ( 1.000000000000000000, -0.000000000000000000, -1.694065894508600925E-16 ) ) ;
#422 = FACE_OUTER_BOUND ( 'NONE', #1179, .T. ) ;
#423 = AXIS2_PLACEMENT_3D ( 'NONE', #611, #650, #1795 ) ;
#424 = EDGE_LOOP ( 'NONE', ( #1372, #1086 ) ) ;
#425 =( GEOMETRIC_REPRESENTATION_CONTEXT ( 3 ) GLOBAL_UNCERTAINTY_ASSIGNED_CONTEXT ( ( #1102 ) ) GLOBAL_UNIT_ASSIGNED_CONTEXT ( ( #388, #1385, #1189 ) ) REPRESENTATION_CONTEXT ( 'NONE', 'WORKASPACE' ) );
#426 = AXIS2_PLACEMENT_3D ( 'NONE', #693, #2274, #115 ) ;
#427 = ADVANCED_FACE ( 'NONE', ( #2418 ), #1012, .T. ) ;
#428 = CARTESIAN_POINT ( 'NONE',  ( 3.810000000000000497, 0.2000000000000000944, -1.205000000000000293 ) ) ;
#429 = EDGE_LOOP ( 'NONE', ( #2232, #311, #490, #551 ) ) ;
#430 = DIRECTION ( 'NONE',  ( -1.000000000000000000, 0.000000000000000000, 8.537024980200822558E-17 ) ) ;
#431 = AXIS2_PLACEMENT_3D ( 'NONE', #2009, #2493, #1115 ) ;
#432 = ORIENTED_EDGE ( 'NONE', *, *, #1753, .T. ) ;
#433 = DIRECTION ( 'NONE',  ( -0.000000000000000000, 0.000000000000000000, 1.000000000000000000 ) ) ;
#434 = ORIENTED_EDGE ( 'NONE', *, *, #236, .F. ) ;
#435 = CARTESIAN_POINT ( 'NONE',  ( 3.200000000000000622, 0.2000000000000000944, 0.5500000000000001554 ) ) ;
#436 = VERTEX_POINT ( 'NONE', #839 ) ;
#437 = ADVANCED_FACE ( 'NONE', ( #1438 ), #827, .T. ) ;
#438 = DIRECTION ( 'NONE',  ( -0.000000000000000000, -1.000000000000000000, -0.000000000000000000 ) ) ;
#439 = FACE_OUTER_BOUND ( 'NONE', #2486, .T. ) ;
#440 = ORIENTED_EDGE ( 'NONE', *, *, #1706, .T. ) ;
#441 = EDGE_CURVE ( 'NONE', #1469, #21, #78, .T. ) ;
#442 = LINE ( 'NONE', #830, #186 ) ;
#443 = LINE ( 'NONE', #1621, #1158 ) ;
#444 = DIRECTION ( 'NONE',  ( 0.000000000000000000, 0.000000000000000000, 1.000000000000000000 ) ) ;
#445 = ITEM_DEFINED_TRANSFORMATION ( 'NONE', 'NONE', #1235,  #2480 ) ;
#446 = ORIENTED_EDGE ( 'NONE', *, *, #2251, .F. ) ;
#447 = PRODUCT_DEFINITION_SHAPE ( 'NONE', 'NONE',  #1813 ) ;
#448 = DIRECTION ( 'NONE',  ( -0.4186597375374292440, 0.000000000000000000, -0.9081431738250808072 ) ) ;
#449 = CARTESIAN_POINT ( 'NONE',  ( 3.810000000000000497, 2.350000000000000533, -1.205000000000000293 ) ) ;
#450 = ADVANCED_FACE ( 'NONE', ( #1041 ), #1597, .T. ) ;
#451 = DIRECTION ( 'NONE',  ( -0.9081431738250808072, 0.000000000000000000, 0.4186597375374293550 ) ) ;
#452 = ORIENTED_EDGE ( 'NONE', *, *, #1259, .T. ) ;
#453 = ADVANCED_FACE ( 'NONE', ( #859 ), #874, .T. ) ;
#454 = CARTESIAN_POINT ( 'NONE',  ( -0.6599999999999995870, 2.350000000000000533, -0.5500000000000002665 ) ) ;
#455 = CARTESIAN_POINT ( 'NONE',  ( -0.3199999999999995626, 0.2000000000000000944, -2.168404344971008868E-16 ) ) ;
#456 = AXIS2_PLACEMENT_3D ( 'NONE', #794, #402, #549 ) ;
#457 = ADVANCED_FACE ( 'NONE', ( #1800 ), #618, .T. ) ;
#458 = DIRECTION ( 'NONE',  ( 0.000000000000000000, -1.000000000000000000, 0.000000000000000000 ) ) ;
#459 = DIRECTION ( 'NONE',  ( 1.000000000000000000, 0.000000000000000000, 0.000000000000000000 ) ) ;
#460 = EDGE_LOOP ( 'NONE', ( #379, #1112, #2511, #2139 ) ) ;
#461 = DIRECTION ( 'NONE',  ( 0.9081431738250808072, 0.000000000000000000, -0.4186597375374292440 ) ) ;
#462 = VECTOR ( 'NONE', #811, 1000.000000000000000 ) ;
#463 = AXIS2_PLACEMENT_3D ( 'NONE', #246, #1400, #1035 ) ;
#464 = EDGE_LOOP ( 'NONE', ( #1301, #2073, #2295, #1965 ) ) ;
#465 = AXIS2_PLACEMENT_3D ( 'NONE', #9, #466, #1439 ) ;
#466 = DIRECTION ( 'NONE',  ( -0.000000000000000000, -1.000000000000000000, -0.000000000000000000 ) ) ;
#467 = FILL_AREA_STYLE_COLOUR ( '', #1355 ) ;
#468 = ORIENTED_EDGE ( 'NONE', *, *, #1998, .T. ) ;
#469 = EDGE_CURVE ( 'NONE', #1018, #21, #1392, .T. ) ;
#470 = PRODUCT ( '68000 body_03', '68000 body_03', '', ( #1591 ) ) ;
#471 = CARTESIAN_POINT ( 'NONE',  ( 5.080000000000000071, 0.2000000000000000944, 0.3199999999999990630 ) ) ;
#472 = MANIFOLD_SOLID_BREP ( 'Cut-Sweep1', #1373 ) ;
#473 = VECTOR ( 'NONE', #1017, 1000.000000000000114 ) ;
#474 = SURFACE_SIDE_STYLE ('',( #2031 ) ) ;
#475 = ORIENTED_EDGE ( 'NONE', *, *, #1358, .T. ) ;
#476 = VECTOR ( 'NONE', #1926, 1000.000000000000000 ) ;
#477 = DIRECTION ( 'NONE',  ( 0.000000000000000000, 1.000000000000000000, 0.000000000000000000 ) ) ;
#478 = VERTEX_POINT ( 'NONE', #336 ) ;
#479 = PRODUCT_RELATED_PRODUCT_CATEGORY ( 'part', '', ( #470 ) ) ;
#480 = CARTESIAN_POINT ( 'NONE',  ( -1.571959135949893671, 2.350000000000000533, 1.205000000000000293 ) ) ;
#481 = LINE ( 'NONE', #1840, #2192 ) ;
#482 = ORIENTED_EDGE ( 'NONE', *, *, #2370, .T. ) ;
#483 = LINE ( 'NONE', #1446, #931 ) ;
#484 = DIRECTION ( 'NONE',  ( 0.000000000000000000, 0.000000000000000000, 1.000000000000000000 ) ) ;
#485 = EDGE_CURVE ( 'NONE', #2223, #1801, #1523, .T. ) ;
#486 = ORIENTED_EDGE ( 'NONE', *, *, #485, .F. ) ;
#487 = DIRECTION ( 'NONE',  ( -0.3236155771181793983, 0.8891264907159922570, -0.3236155771181793983 ) ) ;
#488 = ADVANCED_FACE ( 'NONE', ( #1319 ), #2099, .T. ) ;
#489 =( NAMED_UNIT ( * ) SI_UNIT ( $, .STERADIAN. ) SOLID_ANGLE_UNIT ( ) );
#490 = ORIENTED_EDGE ( 'NONE', *, *, #2301, .F. ) ;
#491 = LINE ( 'NONE', #96, #2164 ) ;
#492 = FACE_BOUND ( 'NONE', #841, .T. ) ;
#493 = ORIENTED_EDGE ( 'NONE', *, *, #1494, .F. ) ;
#494 = AXIS2_PLACEMENT_3D ( 'NONE', #1362, #560, #950 ) ;
#495 = LINE ( 'NONE', #1275, #1371 ) ;
#496 = DIRECTION ( 'NONE',  ( -0.000000000000000000, -1.000000000000000000, -0.000000000000000000 ) ) ;
#497 = ORIENTED_EDGE ( 'NONE', *, *, #1061, .F. ) ;
#498 = AXIS2_PLACEMENT_3D ( 'NONE', #2373, #190, #149 ) ;
#499 = ADVANCED_FACE ( 'NONE', ( #720 ), #526, .F. ) ;
#500 = LINE ( 'NONE', #1666, #754 ) ;
#501 = AXIS2_PLACEMENT_3D ( 'NONE', #605, #1048, #1433 ) ;
#502 = DIRECTION ( 'NONE',  ( 0.000000000000000000, 0.000000000000000000, 1.000000000000000000 ) ) ;
#503 = ORIENTED_EDGE ( 'NONE', *, *, #1863, .F. ) ;
#504 = LINE ( 'NONE', #1726, #1695 ) ;
#505 = CARTESIAN_POINT ( 'NONE',  ( -0.6599999999999995870, 2.550000000000000711, -0.5500000000000002665 ) ) ;
#506 = VECTOR ( 'NONE', #1298, 1000.000000000000000 ) ;
#507 = CARTESIAN_POINT ( 'NONE',  ( -3.809999999999999165, 2.350000000000000533, 1.205000000000000515 ) ) ;
#508 = VERTEX_POINT ( 'NONE', #912 ) ;
#509 = ORIENTED_EDGE ( 'NONE', *, *, #2173, .F. ) ;
#510 = CARTESIAN_POINT ( 'NONE',  ( -1.269999999999998908, 2.350000000000000533, -0.5500000000000004885 ) ) ;
#511 = CARTESIAN_POINT ( 'NONE',  ( 1.270000000000001128, 2.350000000000000533, -0.5500000000000009326 ) ) ;
#512 = PRODUCT_DEFINITION ( 'UNKNOWN', '', #1157, #1905 ) ;
#513 = ORIENTED_EDGE ( 'NONE', *, *, #2537, .F. ) ;
#514 = FACE_OUTER_BOUND ( 'NONE', #1607, .T. ) ;
#515 = CARTESIAN_POINT ( 'NONE',  ( -3.508040864050105068, 0.2000000000000000944, 1.205000000000000515 ) ) ;
#516 = UNCERTAINTY_MEASURE_WITH_UNIT (LENGTH_MEASURE( 1.000000000000000082E-05 ), #1237, 'distance_accuracy_value', 'NONE');
#517 = ADVANCED_FACE ( 'NONE', ( #514 ), #353, .T. ) ;
#518 = DIRECTION ( 'NONE',  ( 0.4186597375374292995, 0.000000000000000000, -0.9081431738250806962 ) ) ;
#519 = CARTESIAN_POINT ( 'NONE',  ( -1.879999999999999893, 2.350000000000000533, 0.7550000000000013367 ) ) ;
#520 = ORIENTED_EDGE ( 'NONE', *, *, #2010, .T. ) ;
#521 = EDGE_LOOP ( 'NONE', ( #664, #1240, #446, #272 ) ) ;
#522 = DIRECTION ( 'NONE',  ( -1.000000000000000000, 0.000000000000000000, 8.537024980200822558E-17 ) ) ;
#523 = CARTESIAN_POINT ( 'NONE',  ( 1.880000000000000560, 2.350000000000000533, -0.5500000000000004885 ) ) ;
#524 = ORIENTED_EDGE ( 'NONE', *, *, #629, .F. ) ;
#525 = VERTEX_POINT ( 'NONE', #2465 ) ;
#526 = PLANE ( 'NONE',  #393 ) ;
#527 = DIRECTION ( 'NONE',  ( -0.000000000000000000, -1.000000000000000000, -0.000000000000000000 ) ) ;
#528 = ORIENTED_EDGE ( 'NONE', *, *, #220, .T. ) ;
#529 = CARTESIAN_POINT ( 'NONE',  ( -0.9680408640501043660, 0.2000000000000000944, 1.205000000000000293 ) ) ;
#530 = EDGE_CURVE ( 'NONE', #734, #1938, #500, .T. ) ;
#531 = FACE_OUTER_BOUND ( 'NONE', #429, .T. ) ;
#532 = EDGE_LOOP ( 'NONE', ( #2515, #1321 ) ) ;
#533 = DIRECTION ( 'NONE',  ( 1.000000000000000000, -0.000000000000000000, -1.694065894508600925E-16 ) ) ;
#534 = DIRECTION ( 'NONE',  ( -0.000000000000000000, -1.000000000000000000, -0.000000000000000000 ) ) ;
#535 = VERTEX_POINT ( 'NONE', #692 ) ;
#536 = PLANE ( 'NONE',  #1608 ) ;
#537 = CARTESIAN_POINT ( 'NONE',  ( 0.6600000000000002531, 0.2000000000000000944, 0.3449999999999995848 ) ) ;
#538 = AXIS2_PLACEMENT_3D ( 'NONE', #938, #1718, #2166 ) ;
#539 = VERTEX_POINT ( 'NONE', #1916 ) ;
#540 = VECTOR ( 'NONE', #698, 1000.000000000000000 ) ;
#541 = DIRECTION ( 'NONE',  ( -0.4186597375374292440, 0.000000000000000000, 0.9081431738250808072 ) ) ;
#542 = AXIS2_PLACEMENT_3D ( 'NONE', #1783, #25, #1200 ) ;
#543 = LINE ( 'NONE', #1506, #919 ) ;
#544 = AXIS2_PLACEMENT_3D ( 'NONE', #316, #1503, #2100 ) ;
#545 = CARTESIAN_POINT ( 'NONE',  ( -0.6599999999999995870, 2.350000000000000533, -0.3449999999999994738 ) ) ;
#546 = EDGE_LOOP ( 'NONE', ( #1167, #291, #493, #1528 ) ) ;
#547 = ORIENTED_EDGE ( 'NONE', *, *, #803, .T. ) ;
#548 = CYLINDRICAL_SURFACE ( 'NONE', #1234, 0.2050000000000007649 ) ;
#549 = DIRECTION ( 'NONE',  ( 0.000000000000000000, 0.000000000000000000, -1.000000000000000000 ) ) ;
#550 = EDGE_LOOP ( 'NONE', ( #2411, #2402, #1341, #2049, #2471, #2191, #1952, #1694, #284, #1149, #951, #1386, #1288, #1535, #125, #1459, #1716, #28, #224, #1488 ) ) ;
#551 = ORIENTED_EDGE ( 'NONE', *, *, #1263, .F. ) ;
#552 = CARTESIAN_POINT ( 'NONE',  ( 3.810000000000000941, 2.350000000000000533, -0.5500000000000013767 ) ) ;
#553 = DIRECTION ( 'NONE',  ( 0.000000000000000000, 0.000000000000000000, 1.000000000000000000 ) ) ;
#554 = ORIENTED_EDGE ( 'NONE', *, *, #576, .F. ) ;
#555 = DIRECTION ( 'NONE',  ( -0.000000000000000000, -1.000000000000000000, -0.000000000000000000 ) ) ;
#556 = DIRECTION ( 'NONE',  ( 0.000000000000000000, 0.000000000000000000, 1.000000000000000000 ) ) ;
#557 = ORIENTED_EDGE ( 'NONE', *, *, #1184, .T. ) ;
#558 = ADVANCED_FACE ( 'NONE', ( #1676 ), #1305, .T. ) ;
#559 = DIRECTION ( 'NONE',  ( -0.000000000000000000, -1.000000000000000000, -0.000000000000000000 ) ) ;
#560 = DIRECTION ( 'NONE',  ( 8.470329472543004623E-17, 0.000000000000000000, 1.000000000000000000 ) ) ;
#561 = ORIENTED_EDGE ( 'NONE', *, *, #204, .F. ) ;
#562 = ORIENTED_EDGE ( 'NONE', *, *, #1536, .T. ) ;
#563 = EDGE_CURVE ( 'NONE', #1018, #1938, #143, .T. ) ;
#564 = DIRECTION ( 'NONE',  ( 0.000000000000000000, 0.000000000000000000, -1.000000000000000000 ) ) ;
#565 = ORIENTED_EDGE ( 'NONE', *, *, #395, .F. ) ;
#566 = CARTESIAN_POINT ( 'NONE',  ( -3.809999999999999165, 2.350000000000000533, -1.204999999999999627 ) ) ;
#567 = ORIENTED_EDGE ( 'NONE', *, *, #485, .T. ) ;
#568 = CARTESIAN_POINT ( 'NONE',  ( 0.6600000000000002531, 0.000000000000000000, 0.3449999999999995848 ) ) ;
#569 = FACE_OUTER_BOUND ( 'NONE', #872, .T. ) ;
#570 = EDGE_LOOP ( 'NONE', ( #922, #547, #503, #1871 ) ) ;
#571 = EDGE_CURVE ( 'NONE', #1938, #1969, #929, .T. ) ;
#572 = VERTEX_POINT ( 'NONE', #1707 ) ;
#573 = CARTESIAN_POINT ( 'NONE',  ( 1.880000000000000560, 2.550000000000000711, -0.7550000000000012257 ) ) ;
#574 = DIRECTION ( 'NONE',  ( -0.000000000000000000, -1.000000000000000000, -0.000000000000000000 ) ) ;
#575 = ORIENTED_EDGE ( 'NONE', *, *, #1611, .F. ) ;
#576 = EDGE_CURVE ( 'NONE', #813, #1844, #2272, .T. ) ;
#577 = CIRCLE ( 'NONE', #1554, 0.2050000000000007649 ) ;
#578 = AXIS2_PLACEMENT_3D ( 'NONE', #259, #245, #444 ) ;
#579 = AXIS2_PLACEMENT_3D ( 'NONE', #2459, #451, #265 ) ;
#580 = MECHANICAL_DESIGN_GEOMETRIC_PRESENTATION_REPRESENTATION (  '', ( #1561 ), #425 ) ;
#581 = LINE ( 'NONE', #162, #622 ) ;
#582 = LINE ( 'NONE', #46, #2374 ) ;
#583 = AXIS2_PLACEMENT_3D ( 'NONE', #1343, #1955, #30 ) ;
#584 = DIRECTION ( 'NONE',  ( 1.000000000000000000, 0.000000000000000000, 0.000000000000000000 ) ) ;
#585 = DIRECTION ( 'NONE',  ( -0.000000000000000000, -1.000000000000000000, -0.000000000000000000 ) ) ;
#586 = DIRECTION ( 'NONE',  ( 0.000000000000000000, 0.000000000000000000, 1.000000000000000000 ) ) ;
#587 = VERTEX_POINT ( 'NONE', #2288 ) ;
#588 = ORIENTED_EDGE ( 'NONE', *, *, #350, .F. ) ;
#589 = DIRECTION ( 'NONE',  ( 0.000000000000000000, 1.000000000000000000, 0.000000000000000000 ) ) ;
#590 = EDGE_CURVE ( 'NONE', #1407, #1194, #2087, .T. ) ;
#591 = CARTESIAN_POINT ( 'NONE',  ( -2.859999999999998987, 7.964140999984525848, -0.3199999999999996736 ) ) ;
#592 = CIRCLE ( 'NONE', #1986, 0.2050000000000007649 ) ;
#593 = CIRCLE ( 'NONE', #2074, 0.2050000000000007649 ) ;
#594 = ORIENTED_EDGE ( 'NONE', *, *, #1312, .F. ) ;
#595 = EDGE_CURVE ( 'NONE', #1623, #1266, #1282, .T. ) ;
#596 = ORIENTED_EDGE ( 'NONE', *, *, #37, .F. ) ;
#597 = VECTOR ( 'NONE', #1822, 1000.000000000000000 ) ;
#598 = DIRECTION ( 'NONE',  ( -1.000000000000000000, 0.000000000000000000, 8.537024980200822558E-17 ) ) ;
#599 = ADVANCED_FACE ( 'NONE', ( #2476 ), #536, .T. ) ;
#600 = CYLINDRICAL_SURFACE ( 'NONE', #1155, 0.2050000000000007649 ) ;
#601 = AXIS2_PLACEMENT_3D ( 'NONE', #405, #2533, #2352 ) ;
#602 = DIRECTION ( 'NONE',  ( 0.000000000000000000, 0.000000000000000000, 1.000000000000000000 ) ) ;
#603 = CYLINDRICAL_SURFACE ( 'NONE', #2403, 0.2050000000000007649 ) ;
#604 = CARTESIAN_POINT ( 'NONE',  ( -2.859999999999999876, 2.350000000000000533, 0.3199999999999999512 ) ) ;
#605 = CARTESIAN_POINT ( 'NONE',  ( 2.539999999999999591, 0.000000000000000000, -5.689581133158944036E-16 ) ) ;
#606 = VERTEX_POINT ( 'NONE', #157 ) ;
#607 = CARTESIAN_POINT ( 'NONE',  ( 1.880000000000000560, 2.550000000000000711, -0.5500000000000004885 ) ) ;
#608 = CARTESIAN_POINT ( 'NONE',  ( -3.199999999999999734, 2.550000000000000711, -0.7550000000000007816 ) ) ;
#609 = DIRECTION ( 'NONE',  ( 0.000000000000000000, 0.000000000000000000, 1.000000000000000000 ) ) ;
#610 = PLANE ( 'NONE',  #1120 ) ;
#611 = CARTESIAN_POINT ( 'NONE',  ( -3.809999999999999165, 2.350000000000000533, 1.205000000000000515 ) ) ;
#612 = DIRECTION ( 'NONE',  ( 8.470329472543004623E-17, -0.000000000000000000, 1.000000000000000000 ) ) ;
#613 =( NAMED_UNIT ( * ) SI_UNIT ( $, .STERADIAN. ) SOLID_ANGLE_UNIT ( ) );
#614 = ORIENTED_EDGE ( 'NONE', *, *, #770, .T. ) ;
#615 = FACE_OUTER_BOUND ( 'NONE', #855, .T. ) ;
#616 = LINE ( 'NONE', #1181, #106 ) ;
#617 = VERTEX_POINT ( 'NONE', #2300 ) ;
#618 = CYLINDRICAL_SURFACE ( 'NONE', #1244, 0.2050000000000007649 ) ;
#619 = ORIENTED_EDGE ( 'NONE', *, *, #1218, .F. ) ;
#620 = CIRCLE ( 'NONE', #49, 0.2050000000000007649 ) ;
#621 = EDGE_CURVE ( 'NONE', #1665, #412, #705, .T. ) ;
#622 = VECTOR ( 'NONE', #1547, 1000.000000000000000 ) ;
#623 = CARTESIAN_POINT ( 'NONE',  ( 3.810000000000000497, 0.2000000000000000944, 1.204999999999999849 ) ) ;
#624 = CARTESIAN_POINT ( 'NONE',  ( -2.859999999999999432, 7.964140999984525848, 0.3199999999999991185 ) ) ;
#625 = FACE_OUTER_BOUND ( 'NONE', #40, .T. ) ;
#626 = VECTOR ( 'NONE', #2229, 1000.000000000000000 ) ;
#627 = ORIENTED_EDGE ( 'NONE', *, *, #156, .T. ) ;
#628 = DIRECTION ( 'NONE',  ( -1.000000000000000000, 0.000000000000000000, 8.537024980200822558E-17 ) ) ;
#629 = EDGE_CURVE ( 'NONE', #2045, #196, #1267, .T. ) ;
#630 = ORIENTED_EDGE ( 'NONE', *, *, #2550, .T. ) ;
#631 = PRODUCT ( '68000-403HLF', '68000-403HLF', '', ( #639 ) ) ;
#632 = VECTOR ( 'NONE', #1076, 1000.000000000000000 ) ;
#633 = ORIENTED_EDGE ( 'NONE', *, *, #77, .F. ) ;
#634 = LINE ( 'NONE', #2163, #842 ) ;
#635 = AXIS2_PLACEMENT_3D ( 'NONE', #1737, #1720, #978 ) ;
#636 = AXIS2_PLACEMENT_3D ( 'NONE', #277, #657, #670 ) ;
#637 = LINE ( 'NONE', #455, #870 ) ;
#638 = CYLINDRICAL_SURFACE ( 'NONE', #215, 0.2050000000000007649 ) ;
#639 = PRODUCT_CONTEXT ( 'NONE', #1014, 'mechanical' ) ;
#640 = ORIENTED_EDGE ( 'NONE', *, *, #2292, .F. ) ;
#641 = EDGE_CURVE ( 'NONE', #1215, #771, #2064, .T. ) ;
#642 = CLOSED_SHELL ( 'NONE', ( #144, #450, #2102, #1912, #457, #2327, #2048, #2257, #1173, #266, #1247, #1900, #2385, #2227, #1190, #2261, #2051, #47, #706, #62, #33, #2345, #1153, #1505, #1127, #1462, #2143, #413, #1960, #488, #2394, #838, #2241, #2443, #1624, #332, #2474, #1521, #1639, #1057, #427, #135, #1711, #437, #1757, #1398, #1816, #558, #365, #45, #256, #2479, #1171, #599, #8, #781, #1141, #923, #2177, #1804, #1821, #122, #696, #499, #1881, #1860, #1427, #1091, #1159, #1992 ) ) ;
#643 = DIRECTION ( 'NONE',  ( 0.000000000000000000, 1.000000000000000000, 0.000000000000000000 ) ) ;
#644 = PLANE ( 'NONE',  #2041 ) ;
#645 = ORIENTED_EDGE ( 'NONE', *, *, #1028, .T. ) ;
#646 = EDGE_CURVE ( 'NONE', #2199, #1280, #1954, .T. ) ;
#647 = FACE_OUTER_BOUND ( 'NONE', #1165, .T. ) ;
#648 = EDGE_LOOP ( 'NONE', ( #588, #260, #2290, #713 ) ) ;
#649 = LINE ( 'NONE', #480, #2210 ) ;
#650 = DIRECTION ( 'NONE',  ( -8.537024980200822558E-17, 0.000000000000000000, -1.000000000000000000 ) ) ;
#651 = LINE ( 'NONE', #2230, #829 ) ;
#652 = APPLICATION_PROTOCOL_DEFINITION ( 'draft international standard', 'automotive_design', 1998, #1274 ) ;
#653 = EDGE_LOOP ( 'NONE', ( #2340, #159, #185, #364 ) ) ;
#654 = CARTESIAN_POINT ( 'NONE',  ( -3.199999999999999734, 0.2000000000000000944, -0.5500000000000000444 ) ) ;
#655 = DIRECTION ( 'NONE',  ( 0.000000000000000000, 0.000000000000000000, 1.000000000000000000 ) ) ;
#656 = ORIENTED_EDGE ( 'NONE', *, *, #876, .F. ) ;
#657 = DIRECTION ( 'NONE',  ( -1.000000000000000000, 0.000000000000000000, -0.000000000000000000 ) ) ;
#658 = FACE_OUTER_BOUND ( 'NONE', #882, .T. ) ;
#659 = ORIENTED_EDGE ( 'NONE', *, *, #1977, .T. ) ;
#660 = DIRECTION ( 'NONE',  ( 0.000000000000000000, 1.000000000000000000, 0.000000000000000000 ) ) ;
#661 = FACE_OUTER_BOUND ( 'NONE', #2134, .T. ) ;
#662 = VECTOR ( 'NONE', #14, 1000.000000000000000 ) ;
#663 = DIRECTION ( 'NONE',  ( 0.9081431738250808072, 0.000000000000000000, -0.4186597375374292440 ) ) ;
#664 = ORIENTED_EDGE ( 'NONE', *, *, #641, .T. ) ;
#665 = VECTOR ( 'NONE', #201, 1000.000000000000000 ) ;
#666 = CARTESIAN_POINT ( 'NONE',  ( -2.219999999999999751, -1.984140999984531417, 0.3199999999999998401 ) ) ;
#667 = CIRCLE ( 'NONE', #2110, 0.2050000000000007649 ) ;
#668 = EDGE_LOOP ( 'NONE', ( #2226, #56, #2504, #351 ) ) ;
#669 = VECTOR ( 'NONE', #564, 1000.000000000000000 ) ;
#670 = DIRECTION ( 'NONE',  ( -0.000000000000000000, 0.000000000000000000, 1.000000000000000000 ) ) ;
#671 = ORIENTED_EDGE ( 'NONE', *, *, #732, .T. ) ;
#672 = DIRECTION ( 'NONE',  ( -1.000000000000000000, 0.000000000000000000, 1.694065894508600925E-16 ) ) ;
#673 = EDGE_CURVE ( 'NONE', #1893, #2147, #312, .T. ) ;
#674 = DIRECTION ( 'NONE',  ( 1.000000000000000000, 0.000000000000000000, -8.537024980200822558E-17 ) ) ;
#675 = CONTEXT_DEPENDENT_SHAPE_REPRESENTATION ( #1708, #1907 ) ;
#676 = ORIENTED_EDGE ( 'NONE', *, *, #111, .T. ) ;
#677 = EDGE_CURVE ( 'NONE', #1766, #1894, #1775, .T. ) ;
#678 = CARTESIAN_POINT ( 'NONE',  ( 0.3200000000000003952, 2.350000000000000533, 0.3199999999999996736 ) ) ;
#679 = CARTESIAN_POINT ( 'NONE',  ( -3.809999999999999165, 2.350000000000000533, 1.205000000000000515 ) ) ;
#680 = EDGE_LOOP ( 'NONE', ( #1781, #801, #1363, #2535 ) ) ;
#681 = DIRECTION ( 'NONE',  ( -0.9081431738250808072, 0.000000000000000000, -0.4186597375374292440 ) ) ;
#682 = CARTESIAN_POINT ( 'NONE',  ( 3.810000000000000497, 0.2000000000000000944, -1.205000000000000293 ) ) ;
#683 = DIRECTION ( 'NONE',  ( 1.000000000000000000, 0.000000000000000000, 0.000000000000000000 ) ) ;
#684 = EDGE_LOOP ( 'NONE', ( #1675, #627 ) ) ;
#685 = ADVANCED_FACE ( 'NONE', ( #1967 ), #1556, .T. ) ;
#686 = CARTESIAN_POINT ( 'NONE',  ( -3.809999999999999165, 0.2000000000000000944, 0.5500000000000007105 ) ) ;
#687 = FACE_BOUND ( 'NONE', #1378, .T. ) ;
#688 = ORIENTED_EDGE ( 'NONE', *, *, #192, .F. ) ;
#689 = DIRECTION ( 'NONE',  ( -0.000000000000000000, 1.000000000000000000, -0.000000000000000000 ) ) ;
#690 = DIRECTION ( 'NONE',  ( 1.000000000000000000, 0.000000000000000000, -1.694065894508600925E-16 ) ) ;
#691 = VERTEX_POINT ( 'NONE', #741 ) ;
#692 = CARTESIAN_POINT ( 'NONE',  ( -1.879999999999999893, 2.550000000000000711, 0.7550000000000013367 ) ) ;
#693 = CARTESIAN_POINT ( 'NONE',  ( -2.374999999999998224, -2.410000000000000586, 0.3199999999999995071 ) ) ;
#694 = VERTEX_POINT ( 'NONE', #2341 ) ;
#695 = DIRECTION ( 'NONE',  ( -0.000000000000000000, -1.000000000000000000, -0.000000000000000000 ) ) ;
#696 = ADVANCED_FACE ( 'NONE', ( #2155 ), #197, .F. ) ;
#697 = FACE_OUTER_BOUND ( 'NONE', #1368, .T. ) ;
#698 = DIRECTION ( 'NONE',  ( 1.000000000000000000, 0.000000000000000000, -1.694065894508600925E-16 ) ) ;
#699 = ORIENTED_EDGE ( 'NONE', *, *, #1560, .T. ) ;
#700 = VECTOR ( 'NONE', #1515, 1000.000000000000000 ) ;
#701 = LINE ( 'NONE', #1084, #1330 ) ;
#702 = DIRECTION ( 'NONE',  ( 0.000000000000000000, 0.000000000000000000, -1.000000000000000000 ) ) ;
#703 = ORIENTED_EDGE ( 'NONE', *, *, #1345, .F. ) ;
#704 = VECTOR ( 'NONE', #2253, 1000.000000000000000 ) ;
#705 = LINE ( 'NONE', #1293, #1405 ) ;
#706 = ADVANCED_FACE ( 'NONE', ( #404 ), #207, .T. ) ;
#707 = APPLICATION_CONTEXT ( 'automotive_design' ) ;
#708 = CARTESIAN_POINT ( 'NONE',  ( -2.859999999999999876, 8.390000000000000568, -0.3200000000000000622 ) ) ;
#709 = EDGE_LOOP ( 'NONE', ( #407, #2530 ) ) ;
#710 = AXIS2_PLACEMENT_3D ( 'NONE', #505, #2484, #1481 ) ;
#711 = DIRECTION ( 'NONE',  ( -0.000000000000000000, -1.000000000000000000, -0.000000000000000000 ) ) ;
#712 = DIRECTION ( 'NONE',  ( -0.4186597375374292440, -0.000000000000000000, -0.9081431738250808072 ) ) ;
#713 = ORIENTED_EDGE ( 'NONE', *, *, #1429, .F. ) ;
#714 = VERTEX_POINT ( 'NONE', #1152 ) ;
#715 = CIRCLE ( 'NONE', #2162, 0.2050000000000007649 ) ;
#716 = LINE ( 'NONE', #2462, #2497 ) ;
#717 = CARTESIAN_POINT ( 'NONE',  ( -1.269999999999998908, 0.2000000000000000944, -0.5500000000000004885 ) ) ;
#718 = EDGE_LOOP ( 'NONE', ( #155, #2531, #1724, #1464 ) ) ;
#719 = EDGE_CURVE ( 'NONE', #1078, #1997, #1976, .T. ) ;
#720 = FACE_OUTER_BOUND ( 'NONE', #464, .T. ) ;
#721 = CARTESIAN_POINT ( 'NONE',  ( 0.000000000000000000, 0.000000000000000000, 0.000000000000000000 ) ) ;
#722 = EDGE_CURVE ( 'NONE', #412, #1161, #222, .T. ) ;
#723 = UNCERTAINTY_MEASURE_WITH_UNIT (LENGTH_MEASURE( 1.000000000000000082E-05 ), #1451, 'distance_accuracy_value', 'NONE');
#724 = CARTESIAN_POINT ( 'NONE',  ( 1.880000000000000560, 0.2000000000000000944, -0.5500000000000004885 ) ) ;
#725 = LINE ( 'NONE', #1892, #704 ) ;
#726 = ORIENTED_EDGE ( 'NONE', *, *, #1137, .T. ) ;
#727 = VERTEX_POINT ( 'NONE', #1352 ) ;
#728 = CARTESIAN_POINT ( 'NONE',  ( -1.571959135949893671, 2.350000000000000533, 1.205000000000000737 ) ) ;
#729 = DIRECTION ( 'NONE',  ( 0.000000000000000000, 0.000000000000000000, -1.000000000000000000 ) ) ;
#730 = ORIENTED_EDGE ( 'NONE', *, *, #1848, .T. ) ;
#731 = DIRECTION ( 'NONE',  ( 0.4186597375374293550, 0.000000000000000000, -0.9081431738250806962 ) ) ;
#732 = EDGE_CURVE ( 'NONE', #163, #1752, #2377, .T. ) ;
#733 = LINE ( 'NONE', #1667, #1984 ) ;
#734 = VERTEX_POINT ( 'NONE', #987 ) ;
#735 = DIRECTION ( 'NONE',  ( -0.4186597375374292440, 0.000000000000000000, 0.9081431738250808072 ) ) ;
#736 = FACE_OUTER_BOUND ( 'NONE', #2326, .T. ) ;
#737 = EDGE_LOOP ( 'NONE', ( #67, #2296, #1344, #2475 ) ) ;
#738 = CARTESIAN_POINT ( 'NONE',  ( 2.540000000000000036, 0.2000000000000000944, 0.3199999999999992850 ) ) ;
#739 = LINE ( 'NONE', #604, #11 ) ;
#740 = ORIENTED_EDGE ( 'NONE', *, *, #641, .F. ) ;
#741 = CARTESIAN_POINT ( 'NONE',  ( 1.270000000000001128, 2.350000000000000533, 0.5499999999999998224 ) ) ;
#742 = DIRECTION ( 'NONE',  ( -1.694065894508600925E-16, 0.000000000000000000, -1.000000000000000000 ) ) ;
#743 = AXIS2_PLACEMENT_3D ( 'NONE', #507, #1496, #305 ) ;
#744 = ORIENTED_EDGE ( 'NONE', *, *, #2367, .T. ) ;
#745 =( GEOMETRIC_REPRESENTATION_CONTEXT ( 3 ) GLOBAL_UNCERTAINTY_ASSIGNED_CONTEXT ( ( #2304 ) ) GLOBAL_UNIT_ASSIGNED_CONTEXT ( ( #1340, #2545, #613 ) ) REPRESENTATION_CONTEXT ( 'NONE', 'WORKASPACE' ) );
#746 = CARTESIAN_POINT ( 'NONE',  ( -2.721232691471797693, -2.365401046724262990, 0.1812326914717980464 ) ) ;
#747 = AXIS2_PLACEMENT_3D ( 'NONE', #756, #1514, #937 ) ;
#748 = LINE ( 'NONE', #957, #506 ) ;
#749 = AXIS2_PLACEMENT_3D ( 'NONE', #1043, #79, #1256 ) ;
#750 = DIRECTION ( 'NONE',  ( 0.000000000000000000, -0.000000000000000000, 1.000000000000000000 ) ) ;
#751 = EDGE_LOOP ( 'NONE', ( #1296, #76 ) ) ;
#752 = ORIENTED_EDGE ( 'NONE', *, *, #1672, .T. ) ;
#753 = EDGE_CURVE ( 'NONE', #1761, #1484, #26, .T. ) ;
#754 = VECTOR ( 'NONE', #2452, 1000.000000000000000 ) ;
#755 = VECTOR ( 'NONE', #1382, 1000.000000000000000 ) ;
#756 = CARTESIAN_POINT ( 'NONE',  ( -1.879999999999999893, 2.550000000000000711, 0.5500000000000005995 ) ) ;
#757 = DIRECTION ( 'NONE',  ( 0.000000000000000000, 0.000000000000000000, 1.000000000000000000 ) ) ;
#758 = ORIENTED_EDGE ( 'NONE', *, *, #1972, .T. ) ;
#759 = ORIENTED_EDGE ( 'NONE', *, *, #1281, .F. ) ;
#760 = CARTESIAN_POINT ( 'NONE',  ( 3.200000000000000622, 2.550000000000000711, 0.5500000000000001554 ) ) ;
#761 = PRODUCT_DEFINITION_SHAPE ( 'NONE', 'NONE',  #2553 ) ;
#762 = DIRECTION ( 'NONE',  ( 0.000000000000000000, 0.000000000000000000, -1.000000000000000000 ) ) ;
#763 = ORIENTED_EDGE ( 'NONE', *, *, #1998, .F. ) ;
#764 = CARTESIAN_POINT ( 'NONE',  ( 3.508040864050106400, 0.2000000000000000944, 1.204999999999999849 ) ) ;
#765 = ADVANCED_FACE ( 'NONE', ( #1529 ), #1542, .T. ) ;
#766 = LINE ( 'NONE', #1920, #2105 ) ;
#767 = CARTESIAN_POINT ( 'NONE',  ( 1.880000000000000560, 0.000000000000000000, -0.5500000000000004885 ) ) ;
#768 = DIRECTION ( 'NONE',  ( -1.000000000000000000, 0.000000000000000000, 8.537024980200822558E-17 ) ) ;
#769 = DIRECTION ( 'NONE',  ( 0.000000000000000000, 0.000000000000000000, 1.000000000000000000 ) ) ;
#770 = EDGE_CURVE ( 'NONE', #714, #1894, #2532, .T. ) ;
#771 = VERTEX_POINT ( 'NONE', #1331 ) ;
#772 = ORIENTED_EDGE ( 'NONE', *, *, #74, .T. ) ;
#773 = CARTESIAN_POINT ( 'NONE',  ( -2.860000000000000320, -1.984140999984526310, -0.3199999999999996736 ) ) ;
#774 = CARTESIAN_POINT ( 'NONE',  ( 2.860000000000000764, 2.350000000000000533, 0.3199999999999994515 ) ) ;
#775 = ORIENTED_EDGE ( 'NONE', *, *, #943, .T. ) ;
#776 = DIRECTION ( 'NONE',  ( 0.000000000000000000, 1.000000000000000000, 0.000000000000000000 ) ) ;
#777 = DIRECTION ( 'NONE',  ( -0.000000000000000000, -1.000000000000000000, -0.000000000000000000 ) ) ;
#778 = DIRECTION ( 'NONE',  ( -1.000000000000000000, 0.000000000000000000, 1.694065894508600925E-16 ) ) ;
#779 = CYLINDRICAL_SURFACE ( 'NONE', #456, 0.2050000000000007649 ) ;
#780 = ORIENTED_EDGE ( 'NONE', *, *, #441, .T. ) ;
#781 = ADVANCED_FACE ( 'NONE', ( #1764 ), #366, .T. ) ;
#782 = VERTEX_POINT ( 'NONE', #2365 ) ;
#783 = DIRECTION ( 'NONE',  ( 0.4186597375374292995, -0.000000000000000000, 0.9081431738250806962 ) ) ;
#784 = LINE ( 'NONE', #223, #2420 ) ;
#785 = ORIENTED_EDGE ( 'NONE', *, *, #1470, .T. ) ;
#786 = EDGE_CURVE ( 'NONE', #572, #1277, #2495, .T. ) ;
#787 = CIRCLE ( 'NONE', #2356, 0.2050000000000007649 ) ;
#788 = VECTOR ( 'NONE', #2540, 1000.000000000000000 ) ;
#789 = AXIS2_PLACEMENT_3D ( 'NONE', #1579, #1186, #244 ) ;
#790 = CARTESIAN_POINT ( 'NONE',  ( -3.809999999999999165, 0.2000000000000000944, 1.205000000000000515 ) ) ;
#791 = CARTESIAN_POINT ( 'NONE',  ( -2.219999999999999751, 8.390000000000000568, 0.3199999999999998401 ) ) ;
#792 = VECTOR ( 'NONE', #2466, 1000.000000000000000 ) ;
#793 = CARTESIAN_POINT ( 'NONE',  ( 3.200000000000000622, 2.550000000000000711, 0.7550000000000008926 ) ) ;
#794 = CARTESIAN_POINT ( 'NONE',  ( -0.6599999999999995870, 2.550000000000000711, -0.5500000000000002665 ) ) ;
#795 = ORIENTED_EDGE ( 'NONE', *, *, #877, .T. ) ;
#796 = CARTESIAN_POINT ( 'NONE',  ( -2.704999999999999183, 8.390000000000000568, -0.3199999999999996736 ) ) ;
#797 = DIRECTION ( 'NONE',  ( 0.000000000000000000, 1.000000000000000000, 0.000000000000000000 ) ) ;
#798 = EDGE_CURVE ( 'NONE', #1356, #436, #1993, .T. ) ;
#799 = VECTOR ( 'NONE', #555, 1000.000000000000000 ) ;
#800 = AXIS2_PLACEMENT_3D ( 'NONE', #948, #1744, #2542 ) ;
#801 = ORIENTED_EDGE ( 'NONE', *, *, #2024, .F. ) ;
#802 = CIRCLE ( 'NONE', #2536, 0.2050000000000007649 ) ;
#803 = EDGE_CURVE ( 'NONE', #1452, #1684, #1593, .T. ) ;
#804 = ORIENTED_EDGE ( 'NONE', *, *, #1958, .F. ) ;
#805 = EDGE_CURVE ( 'NONE', #2011, #1063, #1369, .T. ) ;
#806 = AXIS2_PLACEMENT_3D ( 'NONE', #953, #391, #414 ) ;
#807 = CARTESIAN_POINT ( 'NONE',  ( -2.219999999999999751, -1.984140999984526310, -0.3200000000000008393 ) ) ;
#808 = EDGE_CURVE ( 'NONE', #727, #1901, #1216, .T. ) ;
#809 = VECTOR ( 'NONE', #262, 1000.000000000000000 ) ;
#810 = PLANE ( 'NONE',  #2372 ) ;
#811 = DIRECTION ( 'NONE',  ( 0.000000000000000000, 0.000000000000000000, -1.000000000000000000 ) ) ;
#812 = DIRECTION ( 'NONE',  ( -0.4186597375374292440, 0.000000000000000000, -0.9081431738250808072 ) ) ;
#813 = VERTEX_POINT ( 'NONE', #1203 ) ;
#814 = CARTESIAN_POINT ( 'NONE',  ( 3.200000000000000622, 2.350000000000000533, 0.5500000000000001554 ) ) ;
#815 = DIRECTION ( 'NONE',  ( 0.000000000000000000, 0.000000000000000000, 1.000000000000000000 ) ) ;
#816 = EDGE_CURVE ( 'NONE', #2003, #2142, #1994, .T. ) ;
#817 = VERTEX_POINT ( 'NONE', #1582 ) ;
#818 = EDGE_CURVE ( 'NONE', #177, #1592, #2435, .T. ) ;
#819 = VECTOR ( 'NONE', #1717, 1000.000000000000000 ) ;
#820 = CARTESIAN_POINT ( 'NONE',  ( 2.220000000000000639, 2.350000000000000533, 0.3199999999999995626 ) ) ;
#821 = CARTESIAN_POINT ( 'NONE',  ( -3.809999999999999165, 2.350000000000000533, -0.5500000000000000444 ) ) ;
#822 = PLANE ( 'NONE',  #1849 ) ;
#823 = SHAPE_DEFINITION_REPRESENTATION ( #57, #1220 ) ;
#824 = ORIENTED_EDGE ( 'NONE', *, *, #303, .F. ) ;
#825 = DIRECTION ( 'NONE',  ( 0.000000000000000000, 0.000000000000000000, 1.000000000000000000 ) ) ;
#826 = FACE_OUTER_BOUND ( 'NONE', #2089, .T. ) ;
#827 = CYLINDRICAL_SURFACE ( 'NONE', #2534, 0.2050000000000007649 ) ;
#828 = CIRCLE ( 'NONE', #906, 0.2050000000000007649 ) ;
#829 = VECTOR ( 'NONE', #458, 1000.000000000000000 ) ;
#830 = CARTESIAN_POINT ( 'NONE',  ( -3.199999999999999734, 2.550000000000000711, -0.3449999999999992517 ) ) ;
#831 = CARTESIAN_POINT ( 'NONE',  ( 3.200000000000000622, 0.2000000000000000944, 0.7550000000000008926 ) ) ;
#832 = DIRECTION ( 'NONE',  ( 0.000000000000000000, 0.000000000000000000, 1.000000000000000000 ) ) ;
#833 = AXIS2_PLACEMENT_3D ( 'NONE', #918, #2280, #2043 ) ;
#834 = ORIENTED_EDGE ( 'NONE', *, *, #1230, .F. ) ;
#835 = EDGE_CURVE ( 'NONE', #335, #1098, #248, .T. ) ;
#836 = CARTESIAN_POINT ( 'NONE',  ( -2.859999999999999432, -2.410000000000000586, 0.1650000000000006461 ) ) ;
#837 = EDGE_LOOP ( 'NONE', ( #699, #1511, #772, #110 ) ) ;
#838 = ADVANCED_FACE ( 'NONE', ( #615 ), #1023, .T. ) ;
#839 = CARTESIAN_POINT ( 'NONE',  ( -3.199999999999999734, 0.2000000000000000944, -0.7550000000000007816 ) ) ;
#840 = VECTOR ( 'NONE', #1406, 1000.000000000000000 ) ;
#841 = EDGE_LOOP ( 'NONE', ( #1257, #2434, #2421, #1242 ) ) ;
#842 = VECTOR ( 'NONE', #2216, 1000.000000000000000 ) ;
#843 = CARTESIAN_POINT ( 'NONE',  ( 3.200000000000000622, 2.550000000000000711, 0.5500000000000001554 ) ) ;
#844 = AXIS2_PLACEMENT_3D ( 'NONE', #814, #438, #856 ) ;
#845 = EDGE_CURVE ( 'NONE', #307, #2005, #1809, .T. ) ;
#846 = CARTESIAN_POINT ( 'NONE',  ( 2.860000000000000764, 0.2000000000000000944, -0.3200000000000005618 ) ) ;
#847 = DIRECTION ( 'NONE',  ( -1.000000000000000000, 0.000000000000000000, 8.470329472543004623E-17 ) ) ;
#848 = ORIENTED_EDGE ( 'NONE', *, *, #200, .F. ) ;
#849 = DIRECTION ( 'NONE',  ( 1.000000000000000000, 0.000000000000000000, -8.537024980200822558E-17 ) ) ;
#850 = ORIENTED_EDGE ( 'NONE', *, *, #1494, .T. ) ;
#851 = DIRECTION ( 'NONE',  ( -8.537024980200822558E-17, 0.000000000000000000, -1.000000000000000000 ) ) ;
#852 = CARTESIAN_POINT ( 'NONE',  ( 3.200000000000000622, 0.000000000000000000, 0.3449999999999993627 ) ) ;
#853 = DIRECTION ( 'NONE',  ( 0.000000000000000000, -1.000000000000000000, 0.000000000000000000 ) ) ;
#854 = DIRECTION ( 'NONE',  ( -0.000000000000000000, -1.000000000000000000, -0.000000000000000000 ) ) ;
#855 = EDGE_LOOP ( 'NONE', ( #921, #2070, #440, #375 ) ) ;
#856 = DIRECTION ( 'NONE',  ( 0.000000000000000000, 0.000000000000000000, 1.000000000000000000 ) ) ;
#857 = DIRECTION ( 'NONE',  ( -0.4186597375374292440, 0.000000000000000000, 0.9081431738250808072 ) ) ;
#858 = ORIENTED_EDGE ( 'NONE', *, *, #2541, .F. ) ;
#859 = FACE_OUTER_BOUND ( 'NONE', #1468, .T. ) ;
#860 = ORIENTED_EDGE ( 'NONE', *, *, #1312, .T. ) ;
#861 = EDGE_CURVE ( 'NONE', #1595, #2392, #1415, .T. ) ;
#862 = DIRECTION ( 'NONE',  ( 0.000000000000000000, 0.000000000000000000, -1.000000000000000000 ) ) ;
#863 = CIRCLE ( 'NONE', #2397, 0.2050000000000007649 ) ;
#864 = CIRCLE ( 'NONE', #1596, 0.2050000000000007649 ) ;
#865 = CARTESIAN_POINT ( 'NONE',  ( 0.8382878701496568885, 0.2000000000000000944, 0.3864560014468209626 ) ) ;
#866 = ORIENTED_EDGE ( 'NONE', *, *, #1863, .T. ) ;
#867 = AXIS2_PLACEMENT_3D ( 'NONE', #2410, #2044, #2189 ) ;
#868 = FACE_OUTER_BOUND ( 'NONE', #926, .T. ) ;
#869 = CARTESIAN_POINT ( 'NONE',  ( 3.810000000000000941, 2.350000000000000533, -0.5500000000000013767 ) ) ;
#870 = VECTOR ( 'NONE', #1412, 1000.000000000000000 ) ;
#871 = PLANE ( 'NONE',  #1029 ) ;
#872 = EDGE_LOOP ( 'NONE', ( #2362, #1394, #999, #1655 ) ) ;
#873 = AXIS2_PLACEMENT_3D ( 'NONE', #1379, #1787, #1927 ) ;
#874 = PLANE ( 'NONE',  #2077 ) ;
#875 = PLANE ( 'NONE',  #1075 ) ;
#876 = EDGE_CURVE ( 'NONE', #196, #1940, #2071, .T. ) ;
#877 = EDGE_CURVE ( 'NONE', #606, #1766, #2489, .T. ) ;
#878 = CARTESIAN_POINT ( 'NONE',  ( -2.425792615250462525, 8.529551563475695986, -0.1142073847495372052 ) ) ;
#879 = PLANE ( 'NONE',  #710 ) ;
#880 = CARTESIAN_POINT ( 'NONE',  ( -3.809999999999999165, 0.2000000000000000944, 1.205000000000000515 ) ) ;
#881 = VECTOR ( 'NONE', #2381, 1000.000000000000114 ) ;
#882 = EDGE_LOOP ( 'NONE', ( #964, #528, #2404, #182 ) ) ;
#883 = CARTESIAN_POINT ( 'NONE',  ( -2.219999999999999751, 0.2000000000000000944, 0.3199999999999998401 ) ) ;
#884 = CARTESIAN_POINT ( 'NONE',  ( 1.880000000000000560, 0.000000000000000000, -0.7550000000000012257 ) ) ;
#885 = ORIENTED_EDGE ( 'NONE', *, *, #2400, .T. ) ;
#886 = DIRECTION ( 'NONE',  ( -0.4186597375374292440, 0.000000000000000000, 0.9081431738250808072 ) ) ;
#887 = DIRECTION ( 'NONE',  ( -0.000000000000000000, -1.000000000000000000, -0.000000000000000000 ) ) ;
#888 = EDGE_LOOP ( 'NONE', ( #218, #2244 ) ) ;
#889 = EDGE_CURVE ( 'NONE', #2260, #508, #2449, .T. ) ;
#890 = DIRECTION ( 'NONE',  ( -0.000000000000000000, -1.000000000000000000, -0.000000000000000000 ) ) ;
#891 = CARTESIAN_POINT ( 'NONE',  ( -2.859999999999999432, 8.390000000000000568, 0.1649999999999993416 ) ) ;
#892 = VERTEX_POINT ( 'NONE', #2258 ) ;
#893 = EDGE_CURVE ( 'NONE', #1623, #163, #1471, .T. ) ;
#894 = DIRECTION ( 'NONE',  ( 1.000000000000000000, 0.000000000000000000, -8.537024980200822558E-17 ) ) ;
#895 = CARTESIAN_POINT ( 'NONE',  ( 1.571959135949895892, 2.350000000000000533, -1.205000000000001181 ) ) ;
#896 = VERTEX_POINT ( 'NONE', #1869 ) ;
#897 = CARTESIAN_POINT ( 'NONE',  ( 1.270000000000001128, 2.350000000000000533, -0.5500000000000009326 ) ) ;
#898 = LINE ( 'NONE', #1861, #1322 ) ;
#899 = VERTEX_POINT ( 'NONE', #883 ) ;
#900 = FACE_OUTER_BOUND ( 'NONE', #331, .T. ) ;
#901 = CARTESIAN_POINT ( 'NONE',  ( 1.880000000000000560, 0.2000000000000000944, -0.5500000000000004885 ) ) ;
#902 = EDGE_CURVE ( 'NONE', #1056, #1418, #1333, .T. ) ;
#903 = FACE_BOUND ( 'NONE', #751, .T. ) ;
#904 = EDGE_LOOP ( 'NONE', ( #394, #2061, #1803, #1854 ) ) ;
#905 = VERTEX_POINT ( 'NONE', #1882 ) ;
#906 = AXIS2_PLACEMENT_3D ( 'NONE', #1924, #1771, #962 ) ;
#907 = LINE ( 'NONE', #1897, #1209 ) ;
#908 = DIRECTION ( 'NONE',  ( -1.000000000000000000, 0.000000000000000000, 0.000000000000000000 ) ) ;
#909 = EDGE_CURVE ( 'NONE', #1107, #1933, #333, .T. ) ;
#910 = ORIENTED_EDGE ( 'NONE', *, *, #1611, .T. ) ;
#911 = AXIS2_PLACEMENT_3D ( 'NONE', #1699, #2498, #290 ) ;
#912 = CARTESIAN_POINT ( 'NONE',  ( 0.3200000000000003952, 2.350000000000000533, 0.3199999999999996736 ) ) ;
#913 = DIRECTION ( 'NONE',  ( 0.000000000000000000, 0.000000000000000000, 1.000000000000000000 ) ) ;
#914 = EDGE_CURVE ( 'NONE', #1280, #1894, #716, .T. ) ;
#915 = ORIENTED_EDGE ( 'NONE', *, *, #1297, .F. ) ;
#916 = VECTOR ( 'NONE', #1574, 1000.000000000000000 ) ;
#917 = DIRECTION ( 'NONE',  ( 0.000000000000000000, 0.000000000000000000, -1.000000000000000000 ) ) ;
#918 = CARTESIAN_POINT ( 'NONE',  ( -2.374999999999999556, 8.390000000000000568, 0.3199999999999995071 ) ) ;
#919 = VECTOR ( 'NONE', #1323, 1000.000000000000000 ) ;
#920 = LINE ( 'NONE', #109, #1558 ) ;
#921 = ORIENTED_EDGE ( 'NONE', *, *, #108, .F. ) ;
#922 = ORIENTED_EDGE ( 'NONE', *, *, #1631, .T. ) ;
#923 = ADVANCED_FACE ( 'NONE', ( #868 ), #2284, .T. ) ;
#924 = CARTESIAN_POINT ( 'NONE',  ( 0.9680408640501064754, 2.350000000000000533, -1.205000000000001181 ) ) ;
#925 = CARTESIAN_POINT ( 'NONE',  ( 2.220000000000000639, 2.350000000000000533, 0.3199999999999995626 ) ) ;
#926 = EDGE_LOOP ( 'NONE', ( #2428, #1868 ) ) ;
#927 = EDGE_CURVE ( 'NONE', #727, #237, #495, .T. ) ;
#928 = VECTOR ( 'NONE', #2046, 1000.000000000000000 ) ;
#929 = LINE ( 'NONE', #2262, #304 ) ;
#930 = DIRECTION ( 'NONE',  ( 0.000000000000000000, 1.000000000000000000, 0.000000000000000000 ) ) ;
#931 = VECTOR ( 'NONE', #522, 1000.000000000000000 ) ;
#932 = EDGE_LOOP ( 'NONE', ( #1437, #475, #384, #22 ) ) ;
#933 = DIRECTION ( 'NONE',  ( 0.000000000000000000, 0.000000000000000000, -1.000000000000000000 ) ) ;
#934 = DIRECTION ( 'NONE',  ( 0.000000000000000000, -0.000000000000000000, 1.000000000000000000 ) ) ;
#935 = VERTEX_POINT ( 'NONE', #2297 ) ;
#936 = ORIENTED_EDGE ( 'NONE', *, *, #273, .T. ) ;
#937 = DIRECTION ( 'NONE',  ( 0.000000000000000000, 0.000000000000000000, -1.000000000000000000 ) ) ;
#938 = CARTESIAN_POINT ( 'NONE',  ( 3.200000000000000622, 2.550000000000000711, 0.5500000000000001554 ) ) ;
#939 = VERTEX_POINT ( 'NONE', #728 ) ;
#940 = CARTESIAN_POINT ( 'NONE',  ( 0.6600000000000002531, 2.550000000000000711, 0.5500000000000003775 ) ) ;
#941 = LINE ( 'NONE', #2289, #221 ) ;
#942 = VERTEX_POINT ( 'NONE', #510 ) ;
#943 = EDGE_CURVE ( 'NONE', #714, #1969, #483, .T. ) ;
#944 = CARTESIAN_POINT ( 'NONE',  ( -1.269999999999998908, 0.000000000000000000, -0.5500000000000004885 ) ) ;
#945 = FACE_OUTER_BOUND ( 'NONE', #2546, .T. ) ;
#946 = ADVANCED_FACE ( 'NONE', ( #2084 ), #1486, .T. ) ;
#947 = EDGE_LOOP ( 'NONE', ( #64, #1571, #858, #1300 ) ) ;
#948 = CARTESIAN_POINT ( 'NONE',  ( 0.000000000000000000, 0.000000000000000000, 0.000000000000000000 ) ) ;
#949 = LINE ( 'NONE', #738, #2238 ) ;
#950 = DIRECTION ( 'NONE',  ( 1.000000000000000000, 0.000000000000000000, -8.470329472543004623E-17 ) ) ;
#951 = ORIENTED_EDGE ( 'NONE', *, *, #2488, .F. ) ;
#952 = AXIS2_PLACEMENT_3D ( 'NONE', #1538, #973, #2348 ) ;
#953 = CARTESIAN_POINT ( 'NONE',  ( -1.269999999999998908, 0.000000000000000000, 0.5500000000000002665 ) ) ;
#954 = LINE ( 'NONE', #836, #809 ) ;
#955 = VECTOR ( 'NONE', #1131, 1000.000000000000000 ) ;
#956 = ORIENTED_EDGE ( 'NONE', *, *, #2519, .F. ) ;
#957 = CARTESIAN_POINT ( 'NONE',  ( -2.859999999999999876, 0.2000000000000000944, 0.000000000000000000 ) ) ;
#958 = LINE ( 'NONE', #566, #1513 ) ;
#959 = ORIENTED_EDGE ( 'NONE', *, *, #889, .T. ) ;
#960 = AXIS2_PLACEMENT_3D ( 'NONE', #1885, #1449, #1872 ) ;
#961 = CARTESIAN_POINT ( 'NONE',  ( 3.810000000000000497, 2.350000000000000533, 1.204999999999999849 ) ) ;
#962 = DIRECTION ( 'NONE',  ( 0.000000000000000000, 0.000000000000000000, 1.000000000000000000 ) ) ;
#963 = ORIENTED_EDGE ( 'NONE', *, *, #1051, .F. ) ;
#964 = ORIENTED_EDGE ( 'NONE', *, *, #983, .F. ) ;
#965 = DIRECTION ( 'NONE',  ( -0.000000000000000000, -1.000000000000000000, -0.000000000000000000 ) ) ;
#966 = CARTESIAN_POINT ( 'NONE',  ( -2.704999999999999183, 8.390000000000000568, 0.1649999999999993971 ) ) ;
#967 = EDGE_LOOP ( 'NONE', ( #2417, #406 ) ) ;
#968 = VECTOR ( 'NONE', #2496, 1000.000000000000000 ) ;
#969 = AXIS2_PLACEMENT_3D ( 'NONE', #1353, #392, #762 ) ;
#970 = DIRECTION ( 'NONE',  ( 0.000000000000000000, 0.000000000000000000, -1.000000000000000000 ) ) ;
#971 = FACE_BOUND ( 'NONE', #2153, .T. ) ;
#972 = DIRECTION ( 'NONE',  ( 0.4186597375374292995, 0.000000000000000000, 0.9081431738250806962 ) ) ;
#973 = DIRECTION ( 'NONE',  ( 1.000000000000000000, 0.000000000000000000, 0.000000000000000000 ) ) ;
#974 =( LENGTH_UNIT ( ) NAMED_UNIT ( * ) SI_UNIT ( .MILLI., .METRE. ) );
#975 = ORIENTED_EDGE ( 'NONE', *, *, #2292, .T. ) ;
#976 = EDGE_CURVE ( 'NONE', #508, #2057, #1302, .T. ) ;
#977 = ORIENTED_EDGE ( 'NONE', *, *, #818, .F. ) ;
#978 = DIRECTION ( 'NONE',  ( 0.000000000000000000, 0.000000000000000000, 1.000000000000000000 ) ) ;
#979 = CARTESIAN_POINT ( 'NONE',  ( -1.879999999999999893, 2.350000000000000533, 0.5500000000000005995 ) ) ;
#980 = ORIENTED_EDGE ( 'NONE', *, *, #1419, .T. ) ;
#981 = CARTESIAN_POINT ( 'NONE',  ( 1.880000000000000560, 2.550000000000000711, -0.5500000000000004885 ) ) ;
#982 = DIRECTION ( 'NONE',  ( 0.000000000000000000, 1.000000000000000000, 0.000000000000000000 ) ) ;
#983 = EDGE_CURVE ( 'NONE', #1497, #2005, #701, .T. ) ;
#984 = CARTESIAN_POINT ( 'NONE',  ( -2.859999999999999876, -1.984140999984526310, 0.3200000000000001732 ) ) ;
#985 = DIRECTION ( 'NONE',  ( 0.000000000000000000, 0.000000000000000000, 1.000000000000000000 ) ) ;
#986 = VERTEX_POINT ( 'NONE', #1673 ) ;
#987 = CARTESIAN_POINT ( 'NONE',  ( 1.270000000000001128, 0.2000000000000000944, -0.5500000000000009326 ) ) ;
#988 = EDGE_CURVE ( 'NONE', #1940, #1469, #2472, .T. ) ;
#989 = CARTESIAN_POINT ( 'NONE',  ( 3.200000000000000622, 2.550000000000000711, 0.7550000000000008926 ) ) ;
#990 = VECTOR ( 'NONE', #628, 1000.000000000000000 ) ;
#991 = ORIENTED_EDGE ( 'NONE', *, *, #1281, .T. ) ;
#992 = DIRECTION ( 'NONE',  ( 0.000000000000000000, 0.000000000000000000, 1.000000000000000000 ) ) ;
#993 =( GEOMETRIC_REPRESENTATION_CONTEXT ( 3 ) GLOBAL_UNCERTAINTY_ASSIGNED_CONTEXT ( ( #1307 ) ) GLOBAL_UNIT_ASSIGNED_CONTEXT ( ( #271, #2017, #2425 ) ) REPRESENTATION_CONTEXT ( 'NONE', 'WORKASPACE' ) );
#994 = FACE_BOUND ( 'NONE', #1251, .T. ) ;
#995 = CIRCLE ( 'NONE', #465, 0.2050000000000007649 ) ;
#996 = CARTESIAN_POINT ( 'NONE',  ( 1.880000000000000560, 2.350000000000000533, -0.3449999999999996958 ) ) ;
#997 = PLANE ( 'NONE',  #952 ) ;
#998 = DIRECTION ( 'NONE',  ( 1.000000000000000000, 0.000000000000000000, 0.000000000000000000 ) ) ;
#999 = ORIENTED_EDGE ( 'NONE', *, *, #1458, .F. ) ;
#1000 = DIRECTION ( 'NONE',  ( 0.000000000000000000, 0.000000000000000000, 1.000000000000000000 ) ) ;
#1001 = VECTOR ( 'NONE', #202, 1000.000000000000000 ) ;
#1002 = ORIENTED_EDGE ( 'NONE', *, *, #2273, .F. ) ;
#1003 = VECTOR ( 'NONE', #1859, 1000.000000000000000 ) ;
#1004 = CARTESIAN_POINT ( 'NONE',  ( 0.9680408640501069195, 2.350000000000000533, -1.205000000000000071 ) ) ;
#1005 = CARTESIAN_POINT ( 'NONE',  ( 0.9680408640501056983, 2.350000000000000533, 1.205000000000000071 ) ) ;
#1006 = DIRECTION ( 'NONE',  ( 1.000000000000000000, 0.000000000000000000, -8.470329472543004623E-17 ) ) ;
#1007 = APPLICATION_PROTOCOL_DEFINITION ( 'draft international standard', 'automotive_design', 1998, #1014 ) ;
#1008 = ORIENTED_EDGE ( 'NONE', *, *, #902, .F. ) ;
#1009 = DIRECTION ( 'NONE',  ( -0.000000000000000000, -1.000000000000000000, -0.000000000000000000 ) ) ;
#1010 = DIRECTION ( 'NONE',  ( -0.4186597375374292440, 0.000000000000000000, 0.9081431738250808072 ) ) ;
#1011 = ORIENTED_EDGE ( 'NONE', *, *, #66, .T. ) ;
#1012 = PLANE ( 'NONE',  #636 ) ;
#1013 = EDGE_LOOP ( 'NONE', ( #1910, #1311, #991, #1904 ) ) ;
#1014 = APPLICATION_CONTEXT ( 'automotive_design' ) ;
#1015 = AXIS2_PLACEMENT_3D ( 'NONE', #2543, #1327, #778 ) ;
#1016 = EDGE_CURVE ( 'NONE', #1452, #1161, #907, .T. ) ;
#1017 = DIRECTION ( 'NONE',  ( 0.4186597375374293550, 0.000000000000000000, -0.9081431738250806962 ) ) ;
#1018 = VERTEX_POINT ( 'NONE', #924 ) ;
#1019 = DIRECTION ( 'NONE',  ( -0.4186597375374292440, 0.000000000000000000, -0.9081431738250808072 ) ) ;
#1020 = CARTESIAN_POINT ( 'NONE',  ( 3.508040864050107288, 0.2000000000000000944, -1.205000000000000293 ) ) ;
#1021 = CONTEXT_DEPENDENT_SHAPE_REPRESENTATION ( #2215, #1722 ) ;
#1022 = ORIENTED_EDGE ( 'NONE', *, *, #1016, .T. ) ;
#1023 = CYLINDRICAL_SURFACE ( 'NONE', #1172, 0.2050000000000007649 ) ;
#1024 = DIRECTION ( 'NONE',  ( 0.000000000000000000, -0.000000000000000000, 1.000000000000000000 ) ) ;
#1025 = ORIENTED_EDGE ( 'NONE', *, *, #1793, .T. ) ;
#1026 = DIRECTION ( 'NONE',  ( -0.000000000000000000, -1.000000000000000000, -0.000000000000000000 ) ) ;
#1027 = EDGE_LOOP ( 'NONE', ( #1414, #2507, #730, #780 ) ) ;
#1028 = EDGE_CURVE ( 'NONE', #813, #2120, #1703, .T. ) ;
#1029 = AXIS2_PLACEMENT_3D ( 'NONE', #2175, #382, #2524 ) ;
#1030 = DIRECTION ( 'NONE',  ( 0.000000000000000000, 0.000000000000000000, -1.000000000000000000 ) ) ;
#1031 = AXIS2_PLACEMENT_3D ( 'NONE', #901, #136, #2242 ) ;
#1032 = COLOUR_RGB ( '',0.7960784313725489669, 0.8235294117647058432, 0.9372549019607843146 ) ;
#1033 = LINE ( 'NONE', #1005, #626 ) ;
#1034 = CARTESIAN_POINT ( 'NONE',  ( -2.219999999999999751, 7.964140999984525848, 0.3199999999999992295 ) ) ;
#1035 = DIRECTION ( 'NONE',  ( 1.000000000000000000, 0.000000000000000000, 0.000000000000000000 ) ) ;
#1036 = VECTOR ( 'NONE', #853, 1000.000000000000000 ) ;
#1037 = ORIENTED_EDGE ( 'NONE', *, *, #1222, .T. ) ;
#1038 = DIRECTION ( 'NONE',  ( -0.000000000000000000, -1.000000000000000000, -0.000000000000000000 ) ) ;
#1039 = DIRECTION ( 'NONE',  ( 1.000000000000000000, 0.000000000000000000, -8.470329472543004623E-17 ) ) ;
#1040 = EDGE_LOOP ( 'NONE', ( #2332, #210, #247, #2066 ) ) ;
#1041 = FACE_OUTER_BOUND ( 'NONE', #295, .T. ) ;
#1042 = VECTOR ( 'NONE', #1657, 1000.000000000000114 ) ;
#1043 = CARTESIAN_POINT ( 'NONE',  ( 0.6600000000000002531, 0.000000000000000000, 0.5500000000000003775 ) ) ;
#1044 = AXIS2_PLACEMENT_3D ( 'NONE', #288, #2279, #1223 ) ;
#1045 = CARTESIAN_POINT ( 'NONE',  ( -1.571959135949892783, 0.2000000000000000944, -1.204999999999999849 ) ) ;
#1046 = VECTOR ( 'NONE', #965, 1000.000000000000000 ) ;
#1047 = PLANE ( 'NONE',  #423 ) ;
#1048 = DIRECTION ( 'NONE',  ( 0.000000000000000000, 0.000000000000000000, 1.000000000000000000 ) ) ;
#1049 = ORIENTED_EDGE ( 'NONE', *, *, #677, .F. ) ;
#1050 = FACE_OUTER_BOUND ( 'NONE', #2018, .T. ) ;
#1051 = EDGE_CURVE ( 'NONE', #1266, #1752, #282, .T. ) ;
#1052 = VERTEX_POINT ( 'NONE', #372 ) ;
#1053 = CARTESIAN_POINT ( 'NONE',  ( 3.200000000000000622, 0.000000000000000000, 0.5500000000000001554 ) ) ;
#1054 = PLANE ( 'NONE',  #579 ) ;
#1055 = CARTESIAN_POINT ( 'NONE',  ( 0.6600000000000002531, 2.550000000000000711, 0.3449999999999995848 ) ) ;
#1056 = VERTEX_POINT ( 'NONE', #568 ) ;
#1057 = ADVANCED_FACE ( 'NONE', ( #1 ), #165, .T. ) ;
#1058 = DIRECTION ( 'NONE',  ( 0.4186597375374292995, 0.000000000000000000, -0.9081431738250806962 ) ) ;
#1059 = CARTESIAN_POINT ( 'NONE',  ( 3.351310172609005988, 0.2000000000000000944, 1.544975151177262473 ) ) ;
#1060 = EDGE_LOOP ( 'NONE', ( #2464, #2195, #785, #1292 ) ) ;
#1061 = EDGE_CURVE ( 'NONE', #896, #146, #2008, .T. ) ;
#1062 = CARTESIAN_POINT ( 'NONE',  ( -0.9680408640501043660, 2.350000000000000533, -1.204999999999999849 ) ) ;
#1063 = VERTEX_POINT ( 'NONE', #2165 ) ;
#1064 = DIRECTION ( 'NONE',  ( -1.000000000000000000, 0.000000000000000000, 1.694065894508600925E-16 ) ) ;
#1065 = AXIS2_PLACEMENT_3D ( 'NONE', #1447, #2259, #2270 ) ;
#1066 = CARTESIAN_POINT ( 'NONE',  ( 0.6600000000000002531, 0.000000000000000000, 0.7550000000000011147 ) ) ;
#1067 = VECTOR ( 'NONE', #1482, 1000.000000000000000 ) ;
#1068 = FACE_OUTER_BOUND ( 'NONE', #668, .T. ) ;
#1069 = EDGE_LOOP ( 'NONE', ( #2264, #1925, #2499, #1911 ) ) ;
#1070 = CARTESIAN_POINT ( 'NONE',  ( 3.200000000000000622, 2.550000000000000711, 0.3449999999999993627 ) ) ;
#1071 = CARTESIAN_POINT ( 'NONE',  ( 3.200000000000000622, 2.350000000000000533, 0.3449999999999993627 ) ) ;
#1072 = VECTOR ( 'NONE', #1877, 1000.000000000000000 ) ;
#1073 = EDGE_CURVE ( 'NONE', #2045, #7, #2123, .T. ) ;
#1074 = ORIENTED_EDGE ( 'NONE', *, *, #786, .T. ) ;
#1075 = AXIS2_PLACEMENT_3D ( 'NONE', #1767, #851, #1654 ) ;
#1076 = DIRECTION ( 'NONE',  ( 0.000000000000000000, -1.000000000000000000, 0.000000000000000000 ) ) ;
#1077 = DIRECTION ( 'NONE',  ( -0.000000000000000000, -1.000000000000000000, -0.000000000000000000 ) ) ;
#1078 = VERTEX_POINT ( 'NONE', #1756 ) ;
#1079 = VECTOR ( 'NONE', #12, 1000.000000000000000 ) ;
#1080 = CARTESIAN_POINT ( 'NONE',  ( 0.000000000000000000, 0.000000000000000000, 0.000000000000000000 ) ) ;
#1081 = VECTOR ( 'NONE', #574, 1000.000000000000000 ) ;
#1082 = DIRECTION ( 'NONE',  ( -0.000000000000000000, -1.000000000000000000, -0.000000000000000000 ) ) ;
#1083 = ORIENTED_EDGE ( 'NONE', *, *, #225, .T. ) ;
#1084 = CARTESIAN_POINT ( 'NONE',  ( -3.809999999999999165, 2.350000000000000533, 1.205000000000000515 ) ) ;
#1085 = DIRECTION ( 'NONE',  ( -0.000000000000000000, -1.000000000000000000, -0.000000000000000000 ) ) ;
#1086 = ORIENTED_EDGE ( 'NONE', *, *, #2173, .T. ) ;
#1087 = CARTESIAN_POINT ( 'NONE',  ( 1.270000000000001128, 0.000000000000000000, 0.5499999999999998224 ) ) ;
#1088 = CARTESIAN_POINT ( 'NONE',  ( -3.199999999999999734, 2.550000000000000711, -0.3449999999999992517 ) ) ;
#1089 = ORIENTED_EDGE ( 'NONE', *, *, #169, .T. ) ;
#1090 = CARTESIAN_POINT ( 'NONE',  ( 0.6600000000000002531, 2.550000000000000711, 0.7550000000000011147 ) ) ;
#1091 = ADVANCED_FACE ( 'NONE', ( #1537 ), #348, .F. ) ;
#1092 = LINE ( 'NONE', #2293, #2481 ) ;
#1093 = DIRECTION ( 'NONE',  ( 0.000000000000000000, -1.000000000000000000, 0.000000000000000000 ) ) ;
#1094 = ORIENTED_EDGE ( 'NONE', *, *, #1830, .T. ) ;
#1095 = ORIENTED_EDGE ( 'NONE', *, *, #1966, .T. ) ;
#1096 = DIRECTION ( 'NONE',  ( 0.000000000000000000, 0.9396926207859105373, 0.3420201433256626067 ) ) ;
#1097 = CARTESIAN_POINT ( 'NONE',  ( 0.6600000000000002531, 2.350000000000000533, 0.5500000000000003775 ) ) ;
#1098 = VERTEX_POINT ( 'NONE', #1134 ) ;
#1099 = FACE_OUTER_BOUND ( 'NONE', #360, .T. ) ;
#1100 = DIRECTION ( 'NONE',  ( -0.000000000000000000, -1.000000000000000000, -0.000000000000000000 ) ) ;
#1101 = ORIENTED_EDGE ( 'NONE', *, *, #677, .T. ) ;
#1102 = UNCERTAINTY_MEASURE_WITH_UNIT (LENGTH_MEASURE( 1.000000000000000082E-05 ), #388, 'distance_accuracy_value', 'NONE');
#1103 = EDGE_CURVE ( 'NONE', #2057, #986, #949, .T. ) ;
#1104 = DIRECTION ( 'NONE',  ( -0.000000000000000000, -1.000000000000000000, -0.000000000000000000 ) ) ;
#1105 = CARTESIAN_POINT ( 'NONE',  ( -3.508040864050104624, 0.000000000000000000, -1.205000000000000293 ) ) ;
#1106 = DIRECTION ( 'NONE',  ( 0.000000000000000000, -0.000000000000000000, 1.000000000000000000 ) ) ;
#1107 = VERTEX_POINT ( 'NONE', #2347 ) ;
#1108 = ORIENTED_EDGE ( 'NONE', *, *, #2469, .T. ) ;
#1109 = VECTOR ( 'NONE', #1124, 1000.000000000000000 ) ;
#1110 = CARTESIAN_POINT ( 'NONE',  ( 3.200000000000000622, 2.550000000000000711, 0.5500000000000001554 ) ) ;
#1111 = CARTESIAN_POINT ( 'NONE',  ( 0.3200000000000003952, 2.350000000000000533, -0.3200000000000003397 ) ) ;
#1112 = ORIENTED_EDGE ( 'NONE', *, *, #2407, .F. ) ;
#1113 = AXIS2_PLACEMENT_3D ( 'NONE', #2510, #776, #750 ) ;
#1114 = CIRCLE ( 'NONE', #1981, 0.2050000000000007649 ) ;
#1115 = DIRECTION ( 'NONE',  ( 0.000000000000000000, 0.000000000000000000, 1.000000000000000000 ) ) ;
#1116 = CARTESIAN_POINT ( 'NONE',  ( -1.269999999999998908, 0.2000000000000000944, 0.5500000000000002665 ) ) ;
#1117 = ORIENTED_EDGE ( 'NONE', *, *, #595, .T. ) ;
#1118 = CIRCLE ( 'NONE', #1780, 0.2050000000000007649 ) ;
#1119 = LINE ( 'NONE', #357, #1945 ) ;
#1120 = AXIS2_PLACEMENT_3D ( 'NONE', #2203, #982, #408 ) ;
#1121 = EDGE_LOOP ( 'NONE', ( #619, #434, #2234, #1273 ) ) ;
#1122 = ORIENTED_EDGE ( 'NONE', *, *, #1706, .F. ) ;
#1123 = FACE_OUTER_BOUND ( 'NONE', #102, .T. ) ;
#1124 = DIRECTION ( 'NONE',  ( -0.000000000000000000, 1.000000000000000000, -0.000000000000000000 ) ) ;
#1125 = ORIENTED_EDGE ( 'NONE', *, *, #1546, .F. ) ;
#1126 = DIRECTION ( 'NONE',  ( 0.000000000000000000, -0.000000000000000000, 1.000000000000000000 ) ) ;
#1127 = ADVANCED_FACE ( 'NONE', ( #1732 ), #1923, .F. ) ;
#1128 = LINE ( 'NONE', #1088, #2113 ) ;
#1129 = EDGE_LOOP ( 'NONE', ( #1425, #614, #2093, #320 ) ) ;
#1130 = LINE ( 'NONE', #1143, #1202 ) ;
#1131 = DIRECTION ( 'NONE',  ( -0.000000000000000000, -1.000000000000000000, -0.000000000000000000 ) ) ;
#1132 = ORIENTED_EDGE ( 'NONE', *, *, #2384, .T. ) ;
#1133 = CARTESIAN_POINT ( 'NONE',  ( -3.508040864050104624, 2.350000000000000533, -1.205000000000000293 ) ) ;
#1134 = CARTESIAN_POINT ( 'NONE',  ( 0.9680408640501064754, 0.2000000000000000944, 1.205000000000000293 ) ) ;
#1135 = LINE ( 'NONE', #2136, #1774 ) ;
#1136 = ORIENTED_EDGE ( 'NONE', *, *, #563, .F. ) ;
#1137 = EDGE_CURVE ( 'NONE', #1944, #617, #1347, .T. ) ;
#1138 = DIRECTION ( 'NONE',  ( 0.000000000000000000, 0.000000000000000000, 1.000000000000000000 ) ) ;
#1139 = CARTESIAN_POINT ( 'NONE',  ( 1.880000000000000560, 2.550000000000000711, -0.7550000000000012257 ) ) ;
#1140 = VERTEX_POINT ( 'NONE', #2149 ) ;
#1141 = ADVANCED_FACE ( 'NONE', ( #401 ), #548, .T. ) ;
#1142 = DIRECTION ( 'NONE',  ( -0.3236155771181794538, 0.8891264907159920350, 0.3236155771181795093 ) ) ;
#1143 = CARTESIAN_POINT ( 'NONE',  ( 3.508040864050107288, 2.350000000000000533, -1.205000000000000293 ) ) ;
#1144 = APPLICATION_CONTEXT ( 'automotive_design' ) ;
#1145 = DIRECTION ( 'NONE',  ( 0.4186597375374293550, -0.000000000000000000, 0.9081431738250806962 ) ) ;
#1146 = ORIENTED_EDGE ( 'NONE', *, *, #315, .F. ) ;
#1147 = DIRECTION ( 'NONE',  ( 0.4186597375374292995, 0.000000000000000000, -0.9081431738250806962 ) ) ;
#1148 = CARTESIAN_POINT ( 'NONE',  ( 1.880000000000000560, 2.550000000000000711, -0.5500000000000004885 ) ) ;
#1149 = ORIENTED_EDGE ( 'NONE', *, *, #861, .T. ) ;
#1150 = MECHANICAL_DESIGN_GEOMETRIC_PRESENTATION_REPRESENTATION (  '', ( #1270 ), #1812 ) ;
#1151 = ORIENTED_EDGE ( 'NONE', *, *, #1429, .T. ) ;
#1152 = CARTESIAN_POINT ( 'NONE',  ( 3.508040864050106400, 2.350000000000000533, -1.205000000000001625 ) ) ;
#1153 = ADVANCED_FACE ( 'NONE', ( #178 ), #203, .F. ) ;
#1154 = CYLINDRICAL_SURFACE ( 'NONE', #969, 0.2050000000000007649 ) ;
#1155 = AXIS2_PLACEMENT_3D ( 'NONE', #981, #1324, #970 ) ;
#1156 = EDGE_LOOP ( 'NONE', ( #1095, #1545 ) ) ;
#1157 = PRODUCT_DEFINITION_FORMATION_WITH_SPECIFIED_SOURCE ( 'ANY', '', #631, .NOT_KNOWN. ) ;
#1158 = VECTOR ( 'NONE', #1633, 1000.000000000000000 ) ;
#1159 = ADVANCED_FACE ( 'NONE', ( #386 ), #1163, .F. ) ;
#1160 = DIRECTION ( 'NONE',  ( 1.000000000000000000, 0.000000000000000000, -8.470329472543004623E-17 ) ) ;
#1161 = VERTEX_POINT ( 'NONE', #984 ) ;
#1162 = AXIS2_PLACEMENT_3D ( 'NONE', #1930, #2079, #2118 ) ;
#1163 = PLANE ( 'NONE',  #1815 ) ;
#1164 = CARTESIAN_POINT ( 'NONE',  ( -1.571959135949893671, 2.350000000000000533, -1.205000000000000737 ) ) ;
#1165 = EDGE_LOOP ( 'NONE', ( #1700, #1970, #1991, #1268 ) ) ;
#1166 = AXIS2_PLACEMENT_3D ( 'NONE', #1817, #59, #1829 ) ;
#1167 = ORIENTED_EDGE ( 'NONE', *, *, #2519, .T. ) ;
#1168 = DIRECTION ( 'NONE',  ( -0.000000000000000000, -1.000000000000000000, -0.000000000000000000 ) ) ;
#1169 = EDGE_LOOP ( 'NONE', ( #671, #1083 ) ) ;
#1170 = VECTOR ( 'NONE', #1637, 1000.000000000000000 ) ;
#1171 = ADVANCED_FACE ( 'NONE', ( #1123 ), #603, .T. ) ;
#1172 = AXIS2_PLACEMENT_3D ( 'NONE', #1388, #1009, #42 ) ;
#1173 = ADVANCED_FACE ( 'NONE', ( #2527 ), #153, .T. ) ;
#1174 = FACE_OUTER_BOUND ( 'NONE', #1953, .T. ) ;
#1175 = DIRECTION ( 'NONE',  ( 0.000000000000000000, 0.000000000000000000, 1.000000000000000000 ) ) ;
#1176 = EDGE_CURVE ( 'NONE', #1277, #572, #55, .T. ) ;
#1177 = DIRECTION ( 'NONE',  ( 0.000000000000000000, 0.000000000000000000, -1.000000000000000000 ) ) ;
#1178 = PLANE ( 'NONE',  #494 ) ;
#1179 = EDGE_LOOP ( 'NONE', ( #1532, #253, #1037, #2211 ) ) ;
#1180 = DIRECTION ( 'NONE',  ( -1.000000000000000000, 0.000000000000000000, 1.694065894508600925E-16 ) ) ;
#1181 = CARTESIAN_POINT ( 'NONE',  ( -1.879999999999999893, 2.550000000000000711, 0.3449999999999998068 ) ) ;
#1182 = ORIENTED_EDGE ( 'NONE', *, *, #673, .F. ) ;
#1183 = ORIENTED_EDGE ( 'NONE', *, *, #983, .T. ) ;
#1184 = EDGE_CURVE ( 'NONE', #1807, #539, #131, .T. ) ;
#1185 = LINE ( 'NONE', #1004, #2408 ) ;
#1186 = DIRECTION ( 'NONE',  ( -0.000000000000000000, -1.000000000000000000, -0.000000000000000000 ) ) ;
#1187 = EDGE_CURVE ( 'NONE', #2206, #1229, #1818, .T. ) ;
#1188 = DIRECTION ( 'NONE',  ( -0.000000000000000000, -0.000000000000000000, 1.000000000000000000 ) ) ;
#1189 =( NAMED_UNIT ( * ) SI_UNIT ( $, .STERADIAN. ) SOLID_ANGLE_UNIT ( ) );
#1190 = ADVANCED_FACE ( 'NONE', ( #2423 ), #1047, .F. ) ;
#1191 = ORIENTED_EDGE ( 'NONE', *, *, #1779, .F. ) ;
#1192 = DIRECTION ( 'NONE',  ( 1.591901220194815334E-16, -0.3420201433256626622, 0.9396926207859106484 ) ) ;
#1193 = DIRECTION ( 'NONE',  ( 0.000000000000000000, 0.000000000000000000, 1.000000000000000000 ) ) ;
#1194 = VERTEX_POINT ( 'NONE', #2387 ) ;
#1195 = COLOUR_RGB ( '',0.2509803921568627416, 0.2509803921568627416, 0.2509803921568627416 ) ;
#1196 = VECTOR ( 'NONE', #674, 1000.000000000000000 ) ;
#1197 = AXIS2_PLACEMENT_3D ( 'NONE', #1948, #584, #1361 ) ;
#1198 = DIRECTION ( 'NONE',  ( 1.000000000000000000, 0.000000000000000000, 0.000000000000000000 ) ) ;
#1199 = AXIS2_PLACEMENT_3D ( 'NONE', #1751, #2156, #1738 ) ;
#1200 = DIRECTION ( 'NONE',  ( 0.000000000000000000, 0.000000000000000000, 1.000000000000000000 ) ) ;
#1201 = ORIENTED_EDGE ( 'NONE', *, *, #383, .T. ) ;
#1202 = VECTOR ( 'NONE', #160, 1000.000000000000000 ) ;
#1203 = CARTESIAN_POINT ( 'NONE',  ( -2.859999999999999876, 2.350000000000000533, 0.3199999999999999512 ) ) ;
#1204 = PLANE ( 'NONE',  #1313 ) ;
#1205 = ORIENTED_EDGE ( 'NONE', *, *, #2508, .T. ) ;
#1206 = EDGE_CURVE ( 'NONE', #335, #1595, #1805, .T. ) ;
#1207 = CARTESIAN_POINT ( 'NONE',  ( 0.6600000000000002531, 2.550000000000000711, 0.5500000000000003775 ) ) ;
#1208 = ORIENTED_EDGE ( 'NONE', *, *, #2158, .F. ) ;
#1209 = VECTOR ( 'NONE', #140, 1000.000000000000000 ) ;
#1210 = FACE_BOUND ( 'NONE', #684, .T. ) ;
#1211 = ORIENTED_EDGE ( 'NONE', *, *, #2010, .F. ) ;
#1212 = CARTESIAN_POINT ( 'NONE',  ( -1.879999999999999893, 2.550000000000000711, 0.7550000000000013367 ) ) ;
#1213 = DIRECTION ( 'NONE',  ( 0.000000000000000000, 1.000000000000000000, 0.000000000000000000 ) ) ;
#1214 = ITEM_DEFINED_TRANSFORMATION ( 'NONE', 'NONE', #219,  #2480 ) ;
#1215 = VERTEX_POINT ( 'NONE', #2187 ) ;
#1216 = LINE ( 'NONE', #2193, #1170 ) ;
#1217 = DIRECTION ( 'NONE',  ( 0.9081431738250808072, 0.000000000000000000, 0.4186597375374293550 ) ) ;
#1218 = EDGE_CURVE ( 'NONE', #817, #321, #2431, .T. ) ;
#1219 = DIRECTION ( 'NONE',  ( -0.000000000000000000, -1.000000000000000000, -0.000000000000000000 ) ) ;
#1220 = SHAPE_REPRESENTATION ( '68000 body_03', ( #2480 ), #2148 ) ;
#1221 = EDGE_LOOP ( 'NONE', ( #330, #2101, #1730, #73 ) ) ;
#1222 = EDGE_CURVE ( 'NONE', #1807, #1277, #61, .T. ) ;
#1223 = DIRECTION ( 'NONE',  ( 1.000000000000000000, 0.000000000000000000, -8.470329472543004623E-17 ) ) ;
#1224 = LINE ( 'NONE', #257, #2196 ) ;
#1225 = DIRECTION ( 'NONE',  ( -0.000000000000000000, -1.000000000000000000, -0.000000000000000000 ) ) ;
#1226 = ORIENTED_EDGE ( 'NONE', *, *, #2222, .F. ) ;
#1227 = FACE_OUTER_BOUND ( 'NONE', #904, .T. ) ;
#1228 = ORIENTED_EDGE ( 'NONE', *, *, #74, .F. ) ;
#1229 = VERTEX_POINT ( 'NONE', #846 ) ;
#1230 = EDGE_CURVE ( 'NONE', #1452, #2183, #48, .T. ) ;
#1231 = VECTOR ( 'NONE', #1225, 1000.000000000000000 ) ;
#1232 = VECTOR ( 'NONE', #241, 1000.000000000000000 ) ;
#1233 = FACE_OUTER_BOUND ( 'NONE', #1326, .T. ) ;
#1234 = AXIS2_PLACEMENT_3D ( 'NONE', #1935, #1568, #1177 ) ;
#1235 = AXIS2_PLACEMENT_3D ( 'NONE', #72, #2254, #459 ) ;
#1236 = DIRECTION ( 'NONE',  ( 0.000000000000000000, 0.000000000000000000, 1.000000000000000000 ) ) ;
#1237 =( LENGTH_UNIT ( ) NAMED_UNIT ( * ) SI_UNIT ( .MILLI., .METRE. ) );
#1238 = APPLICATION_PROTOCOL_DEFINITION ( 'draft international standard', 'automotive_design', 1998, #1762 ) ;
#1239 = AXIS2_PLACEMENT_3D ( 'NONE', #69, #211, #286 ) ;
#1240 = ORIENTED_EDGE ( 'NONE', *, *, #1760, .T. ) ;
#1241 = CARTESIAN_POINT ( 'NONE',  ( 0.000000000000000000, -2.410000000000000142, 0.000000000000000000 ) ) ;
#1242 = ORIENTED_EDGE ( 'NONE', *, *, #2429, .F. ) ;
#1243 = DIRECTION ( 'NONE',  ( -0.9396926207859106484, -0.3420201433256626622, 0.000000000000000000 ) ) ;
#1244 = AXIS2_PLACEMENT_3D ( 'NONE', #1207, #1219, #2248 ) ;
#1245 = FILL_AREA_STYLE ('',( #467 ) ) ;
#1246 = CIRCLE ( 'NONE', #1743, 0.2050000000000007649 ) ;
#1247 = ADVANCED_FACE ( 'NONE', ( #2014 ), #2178, .T. ) ;
#1248 = DIRECTION ( 'NONE',  ( 0.000000000000000000, 0.000000000000000000, 1.000000000000000000 ) ) ;
#1249 = AXIS2_PLACEMENT_3D ( 'NONE', #796, #1517, #1572 ) ;
#1250 = PLANE ( 'NONE',  #867 ) ;
#1251 = EDGE_LOOP ( 'NONE', ( #2500, #1501 ) ) ;
#1252 = CARTESIAN_POINT ( 'NONE',  ( 0.8382878701496575546, 0.2000000000000000944, -0.3864560014468211846 ) ) ;
#1253 = DIRECTION ( 'NONE',  ( 0.000000000000000000, -0.000000000000000000, 1.000000000000000000 ) ) ;
#1254 = ORIENTED_EDGE ( 'NONE', *, *, #732, .F. ) ;
#1255 = EDGE_CURVE ( 'NONE', #1266, #1623, #1114, .T. ) ;
#1256 = DIRECTION ( 'NONE',  ( 0.000000000000000000, 0.000000000000000000, 1.000000000000000000 ) ) ;
#1257 = ORIENTED_EDGE ( 'NONE', *, *, #1294, .F. ) ;
#1258 = DIRECTION ( 'NONE',  ( 0.000000000000000000, 0.000000000000000000, 1.000000000000000000 ) ) ;
#1259 = EDGE_CURVE ( 'NONE', #1107, #535, #667, .T. ) ;
#1260 = CARTESIAN_POINT ( 'NONE',  ( -3.199999999999999734, 0.2000000000000000944, -0.3449999999999992517 ) ) ;
#1261 = CARTESIAN_POINT ( 'NONE',  ( 0.000000000000000000, 0.2000000000000000944, 0.000000000000000000 ) ) ;
#1262 = VERTEX_POINT ( 'NONE', #996 ) ;
#1263 = EDGE_CURVE ( 'NONE', #2426, #1801, #443, .T. ) ;
#1264 = DIRECTION ( 'NONE',  ( 0.000000000000000000, -1.000000000000000000, 0.000000000000000000 ) ) ;
#1265 = DIRECTION ( 'NONE',  ( -0.4186597375374292440, 0.000000000000000000, 0.9081431738250808072 ) ) ;
#1266 = VERTEX_POINT ( 'NONE', #831 ) ;
#1267 = LINE ( 'NONE', #1474, #1790 ) ;
#1268 = ORIENTED_EDGE ( 'NONE', *, *, #1345, .T. ) ;
#1269 = DIRECTION ( 'NONE',  ( 0.000000000000000000, -1.000000000000000000, 0.000000000000000000 ) ) ;
#1270 = STYLED_ITEM ( 'NONE', ( #2016 ), #2174 ) ;
#1271 = AXIS2_PLACEMENT_3D ( 'NONE', #1261, #1867, #1106 ) ;
#1272 = PLANE ( 'NONE',  #1271 ) ;
#1273 = ORIENTED_EDGE ( 'NONE', *, *, #1560, .F. ) ;
#1274 = APPLICATION_CONTEXT ( 'automotive_design' ) ;
#1275 = CARTESIAN_POINT ( 'NONE',  ( -1.269999999999998908, 2.350000000000000533, 0.5500000000000002665 ) ) ;
#1276 = FACE_OUTER_BOUND ( 'NONE', #653, .T. ) ;
#1277 = VERTEX_POINT ( 'NONE', #1376 ) ;
#1278 = DIRECTION ( 'NONE',  ( 0.000000000000000000, 0.000000000000000000, -1.000000000000000000 ) ) ;
#1279 = CARTESIAN_POINT ( 'NONE',  ( 3.200000000000000622, 0.2000000000000000944, 0.3449999999999993627 ) ) ;
#1280 = VERTEX_POINT ( 'NONE', #1831 ) ;
#1281 = EDGE_CURVE ( 'NONE', #2000, #1702, #1604, .T. ) ;
#1282 = CIRCLE ( 'NONE', #184, 0.2050000000000007649 ) ;
#1283 = CARTESIAN_POINT ( 'NONE',  ( 2.220000000000000639, 2.350000000000000533, 0.3199999999999995626 ) ) ;
#1284 = EDGE_CURVE ( 'NONE', #1098, #1901, #1033, .T. ) ;
#1285 = CARTESIAN_POINT ( 'NONE',  ( -2.358767308528201934, 8.345401046724262528, 0.1812326914717975745 ) ) ;
#1286 = EDGE_LOOP ( 'NONE', ( #346, #1627, #1847, #83 ) ) ;
#1287 = AXIS2_PLACEMENT_3D ( 'NONE', #760, #2351, #5 ) ;
#1288 = ORIENTED_EDGE ( 'NONE', *, *, #273, .F. ) ;
#1289 = VECTOR ( 'NONE', #1290, 1000.000000000000000 ) ;
#1290 = DIRECTION ( 'NONE',  ( 0.4186597375374292995, -0.000000000000000000, 0.9081431738250806962 ) ) ;
#1291 = LINE ( 'NONE', #1674, #1428 ) ;
#1292 = ORIENTED_EDGE ( 'NONE', *, *, #1387, .T. ) ;
#1293 = CARTESIAN_POINT ( 'NONE',  ( -2.654207384749537546, -2.549551563475698224, -0.1142073847495377603 ) ) ;
#1294 = EDGE_CURVE ( 'NONE', #986, #1052, #637, .T. ) ;
#1295 = DIRECTION ( 'NONE',  ( -0.000000000000000000, -1.000000000000000000, -0.000000000000000000 ) ) ;
#1296 = ORIENTED_EDGE ( 'NONE', *, *, #595, .F. ) ;
#1297 = EDGE_CURVE ( 'NONE', #2286, #7, #36, .T. ) ;
#1298 = DIRECTION ( 'NONE',  ( 0.000000000000000000, 0.000000000000000000, -1.000000000000000000 ) ) ;
#1299 = DIRECTION ( 'NONE',  ( 0.4186597375374292995, 0.000000000000000000, -0.9081431738250806962 ) ) ;
#1300 = ORIENTED_EDGE ( 'NONE', *, *, #187, .F. ) ;
#1301 = ORIENTED_EDGE ( 'NONE', *, *, #2012, .T. ) ;
#1302 = LINE ( 'NONE', #678, #2454 ) ;
#1303 = CARTESIAN_POINT ( 'NONE',  ( -3.809999999999999165, 2.350000000000000533, 0.5500000000000007105 ) ) ;
#1304 = ORIENTED_EDGE ( 'NONE', *, *, #2400, .F. ) ;
#1305 = CYLINDRICAL_SURFACE ( 'NONE', #2405, 0.2050000000000007649 ) ;
#1306 = CARTESIAN_POINT ( 'NONE',  ( 0.6600000000000002531, 2.350000000000000533, 0.7550000000000011147 ) ) ;
#1307 = UNCERTAINTY_MEASURE_WITH_UNIT (LENGTH_MEASURE( 1.000000000000000082E-05 ), #271, 'distance_accuracy_value', 'NONE');
#1308 = CARTESIAN_POINT ( 'NONE',  ( -3.508040864050104624, 2.350000000000000533, 1.205000000000001181 ) ) ;
#1309 = DIRECTION ( 'NONE',  ( -0.000000000000000000, -1.000000000000000000, -0.000000000000000000 ) ) ;
#1310 = ORIENTED_EDGE ( 'NONE', *, *, #87, .F. ) ;
#1311 = ORIENTED_EDGE ( 'NONE', *, *, #361, .F. ) ;
#1312 = EDGE_CURVE ( 'NONE', #1729, #1719, #1589, .T. ) ;
#1313 = AXIS2_PLACEMENT_3D ( 'NONE', #1403, #1798, #43 ) ;
#1314 = DIRECTION ( 'NONE',  ( -7.959506100974076669E-17, 0.3420201433256626622, -0.9396926207859106484 ) ) ;
#1315 = CARTESIAN_POINT ( 'NONE',  ( 1.270000000000001128, 2.350000000000000533, 0.5499999999999998224 ) ) ;
#1316 = EDGE_LOOP ( 'NONE', ( #2083, #129 ) ) ;
#1317 = CARTESIAN_POINT ( 'NONE',  ( -2.219999999999999751, 2.350000000000000533, 0.3199999999999998401 ) ) ;
#1318 = VECTOR ( 'NONE', #421, 1000.000000000000000 ) ;
#1319 = FACE_OUTER_BOUND ( 'NONE', #1498, .T. ) ;
#1320 = DIRECTION ( 'NONE',  ( 0.000000000000000000, 0.000000000000000000, 1.000000000000000000 ) ) ;
#1321 = ORIENTED_EDGE ( 'NONE', *, *, #753, .T. ) ;
#1322 = VECTOR ( 'NONE', #527, 1000.000000000000000 ) ;
#1323 = DIRECTION ( 'NONE',  ( -0.000000000000000000, -1.000000000000000000, -0.000000000000000000 ) ) ;
#1324 = DIRECTION ( 'NONE',  ( -0.000000000000000000, -1.000000000000000000, -0.000000000000000000 ) ) ;
#1325 = ORIENTED_EDGE ( 'NONE', *, *, #893, .F. ) ;
#1326 = EDGE_LOOP ( 'NONE', ( #561, #2343, #2137, #2320 ) ) ;
#1327 = DIRECTION ( 'NONE',  ( -1.694065894508600925E-16, 0.000000000000000000, -1.000000000000000000 ) ) ;
#1328 = FACE_OUTER_BOUND ( 'NONE', #837, .T. ) ;
#1329 = ORIENTED_EDGE ( 'NONE', *, *, #238, .F. ) ;
#1330 = VECTOR ( 'NONE', #894, 1000.000000000000000 ) ;
#1331 = CARTESIAN_POINT ( 'NONE',  ( -2.859999999999999432, 7.964140999984525848, -0.3199999999999996181 ) ) ;
#1332 = CARTESIAN_POINT ( 'NONE',  ( 0.3200000000000003952, 0.2000000000000000944, -2.168404344971008868E-16 ) ) ;
#1333 = CIRCLE ( 'NONE', #1828, 0.2050000000000007649 ) ;
#1334 = ORIENTED_EDGE ( 'NONE', *, *, #1536, .F. ) ;
#1335 = LINE ( 'NONE', #1919, #1408 ) ;
#1336 = LINE ( 'NONE', #2336, #2277 ) ;
#1337 = EDGE_CURVE ( 'NONE', #727, #335, #1224, .T. ) ;
#1338 = CARTESIAN_POINT ( 'NONE',  ( 0.3200000000000003952, 2.350000000000000533, -0.3200000000000003397 ) ) ;
#1339 = CARTESIAN_POINT ( 'NONE',  ( 0.3200000000000003952, 0.2000000000000000944, 0.3199999999999996736 ) ) ;
#1340 =( LENGTH_UNIT ( ) NAMED_UNIT ( * ) SI_UNIT ( .MILLI., .METRE. ) );
#1341 = ORIENTED_EDGE ( 'NONE', *, *, #66, .F. ) ;
#1342 = ORIENTED_EDGE ( 'NONE', *, *, #1553, .T. ) ;
#1343 = CARTESIAN_POINT ( 'NONE',  ( -0.3199999999999995626, 2.350000000000000533, 0.3199999999999997291 ) ) ;
#1344 = ORIENTED_EDGE ( 'NONE', *, *, #1631, .F. ) ;
#1345 = EDGE_CURVE ( 'NONE', #2399, #7, #71, .T. ) ;
#1346 = PLANE ( 'NONE',  #89 ) ;
#1347 = LINE ( 'NONE', #1338, #341 ) ;
#1348 = CARTESIAN_POINT ( 'NONE',  ( 1.270000000000001128, 0.2000000000000000944, 0.5499999999999998224 ) ) ;
#1349 = SURFACE_STYLE_FILL_AREA ( #1759 ) ;
#1350 = EDGE_LOOP ( 'NONE', ( #32, #1785 ) ) ;
#1351 = EDGE_LOOP ( 'NONE', ( #1662, #1404, #885, #2467 ) ) ;
#1352 = CARTESIAN_POINT ( 'NONE',  ( -0.9680408640501043660, 2.350000000000000533, 1.205000000000000737 ) ) ;
#1353 = CARTESIAN_POINT ( 'NONE',  ( -0.6599999999999995870, 2.550000000000000711, -0.5500000000000002665 ) ) ;
#1354 = EDGE_CURVE ( 'NONE', #1078, #299, #2526, .T. ) ;
#1355 = COLOUR_RGB ( '',0.2509803921568627416, 0.2509803921568627416, 0.2509803921568627416 ) ;
#1356 = VERTEX_POINT ( 'NONE', #1260 ) ;
#1357 = VECTOR ( 'NONE', #913, 1000.000000000000000 ) ;
#1358 = EDGE_CURVE ( 'NONE', #299, #587, #119, .T. ) ;
#1359 = CARTESIAN_POINT ( 'NONE',  ( -2.219999999999999751, 8.390000000000000568, -0.3200000000000001177 ) ) ;
#1360 = DIRECTION ( 'NONE',  ( -0.000000000000000000, -1.000000000000000000, -0.000000000000000000 ) ) ;
#1361 = DIRECTION ( 'NONE',  ( 0.000000000000000000, 0.000000000000000000, -1.000000000000000000 ) ) ;
#1362 = CARTESIAN_POINT ( 'NONE',  ( 2.860000000000000764, 2.350000000000000533, -0.3200000000000005618 ) ) ;
#1363 = ORIENTED_EDGE ( 'NONE', *, *, #344, .T. ) ;
#1364 = CIRCLE ( 'NONE', #1696, 0.2050000000000007649 ) ;
#1365 = ORIENTED_EDGE ( 'NONE', *, *, #2185, .F. ) ;
#1366 = DIRECTION ( 'NONE',  ( 0.000000000000000000, -0.9396926207859105373, -0.3420201433256626067 ) ) ;
#1367 = CARTESIAN_POINT ( 'NONE',  ( 0.6600000000000002531, 2.550000000000000711, 0.5500000000000003775 ) ) ;
#1368 = EDGE_LOOP ( 'NONE', ( #640, #1089, #1841, #226 ) ) ;
#1369 = CIRCLE ( 'NONE', #844, 0.2050000000000007649 ) ;
#1370 = ADVANCED_FACE ( 'NONE', ( #697 ), #2445, .T. ) ;
#1371 = VECTOR ( 'NONE', #322, 1000.000000000000000 ) ;
#1372 = ORIENTED_EDGE ( 'NONE', *, *, #2440, .T. ) ;
#1373 = CLOSED_SHELL ( 'NONE', ( #2015, #2144, #1799, #1588, #1370, #946, #517, #765, #2160, #1543, #2127, #685, #453, #1890 ) ) ;
#1374 = CARTESIAN_POINT ( 'NONE',  ( 2.540000000000000036, 0.2000000000000000944, -0.3200000000000005063 ) ) ;
#1375 = LINE ( 'NONE', #400, #2333 ) ;
#1376 = CARTESIAN_POINT ( 'NONE',  ( -3.199999999999999734, 2.350000000000000533, -0.7550000000000007816 ) ) ;
#1377 = LINE ( 'NONE', #1758, #700 ) ;
#1378 = EDGE_LOOP ( 'NONE', ( #575, #1365 ) ) ;
#1379 = CARTESIAN_POINT ( 'NONE',  ( 0.000000000000000000, 0.000000000000000000, 0.000000000000000000 ) ) ;
#1380 = ORIENTED_EDGE ( 'NONE', *, *, #225, .F. ) ;
#1381 = ORIENTED_EDGE ( 'NONE', *, *, #2458, .T. ) ;
#1382 = DIRECTION ( 'NONE',  ( 0.000000000000000000, 0.000000000000000000, -1.000000000000000000 ) ) ;
#1383 = CARTESIAN_POINT ( 'NONE',  ( -1.879999999999999893, 2.550000000000000711, 0.5500000000000005995 ) ) ;
#1384 =( NAMED_UNIT ( * ) PLANE_ANGLE_UNIT ( ) SI_UNIT ( $, .RADIAN. ) );
#1385 =( NAMED_UNIT ( * ) PLANE_ANGLE_UNIT ( ) SI_UNIT ( $, .RADIAN. ) );
#1386 = ORIENTED_EDGE ( 'NONE', *, *, #2107, .T. ) ;
#1387 = EDGE_CURVE ( 'NONE', #782, #1969, #2055, .T. ) ;
#1388 = CARTESIAN_POINT ( 'NONE',  ( -3.199999999999999734, 2.550000000000000711, -0.5500000000000000444 ) ) ;
#1389 = DIRECTION ( 'NONE',  ( -0.000000000000000000, -1.000000000000000000, -0.000000000000000000 ) ) ;
#1390 = ORIENTED_EDGE ( 'NONE', *, *, #300, .T. ) ;
#1391 = VECTOR ( 'NONE', #1010, 1000.000000000000000 ) ;
#1392 = LINE ( 'NONE', #449, #97 ) ;
#1393 = CIRCLE ( 'NONE', #297, 0.2050000000000007649 ) ;
#1394 = ORIENTED_EDGE ( 'NONE', *, *, #2255, .T. ) ;
#1395 = VECTOR ( 'NONE', #1681, 1000.000000000000000 ) ;
#1396 = FACE_BOUND ( 'NONE', #947, .T. ) ;
#1397 = CIRCLE ( 'NONE', #343, 0.2050000000000007649 ) ;
#1398 = ADVANCED_FACE ( 'NONE', ( #289 ), #879, .T. ) ;
#1399 = DIRECTION ( 'NONE',  ( 1.000000000000000000, 0.000000000000000000, -1.694065894508600925E-16 ) ) ;
#1400 = DIRECTION ( 'NONE',  ( 0.000000000000000000, 0.000000000000000000, 1.000000000000000000 ) ) ;
#1401 = ORIENTED_EDGE ( 'NONE', *, *, #563, .T. ) ;
#1402 = VECTOR ( 'NONE', #1460, 1000.000000000000114 ) ;
#1403 = CARTESIAN_POINT ( 'NONE',  ( -1.269999999999998908, 0.000000000000000000, -0.5500000000000004885 ) ) ;
#1404 = ORIENTED_EDGE ( 'NONE', *, *, #1966, .F. ) ;
#1405 = VECTOR ( 'NONE', #487, 1000.000000000000227 ) ;
#1406 = DIRECTION ( 'NONE',  ( -0.000000000000000000, 1.000000000000000000, 0.000000000000000000 ) ) ;
#1407 = VERTEX_POINT ( 'NONE', #2080 ) ;
#1408 = VECTOR ( 'NONE', #2132, 1000.000000000000000 ) ;
#1409 = VECTOR ( 'NONE', #1855, 1000.000000000000000 ) ;
#1410 = CARTESIAN_POINT ( 'NONE',  ( 1.256511151229675383, 0.2000000000000000944, 0.5792595748652211718 ) ) ;
#1411 = PLANE ( 'NONE',  #1988 ) ;
#1412 = DIRECTION ( 'NONE',  ( 0.000000000000000000, 0.000000000000000000, -1.000000000000000000 ) ) ;
#1413 = DIRECTION ( 'NONE',  ( -0.000000000000000000, -1.000000000000000000, -0.000000000000000000 ) ) ;
#1414 = ORIENTED_EDGE ( 'NONE', *, *, #469, .F. ) ;
#1415 = LINE ( 'NONE', #2220, #1409 ) ;
#1416 = FACE_OUTER_BOUND ( 'NONE', #1649, .T. ) ;
#1417 = FILL_AREA_STYLE ('',( #1641 ) ) ;
#1418 = VERTEX_POINT ( 'NONE', #1066 ) ;
#1419 = EDGE_CURVE ( 'NONE', #2260, #986, #1092, .T. ) ;
#1420 = LINE ( 'NONE', #1465, #2207 ) ;
#1421 = CARTESIAN_POINT ( 'NONE',  ( 2.220000000000000639, 0.2000000000000000944, -4.336808689942017736E-16 ) ) ;
#1422 = PRODUCT_CONTEXT ( 'NONE', #707, 'mechanical' ) ;
#1423 = ORIENTED_EDGE ( 'NONE', *, *, #1294, .T. ) ;
#1424 = LINE ( 'NONE', #1843, #1643 ) ;
#1425 = ORIENTED_EDGE ( 'NONE', *, *, #396, .F. ) ;
#1426 =( LENGTH_UNIT ( ) NAMED_UNIT ( * ) SI_UNIT ( .MILLI., .METRE. ) );
#1427 = ADVANCED_FACE ( 'NONE', ( #661 ), #1054, .F. ) ;
#1428 = VECTOR ( 'NONE', #2285, 1000.000000000000000 ) ;
#1429 = EDGE_CURVE ( 'NONE', #1418, #1056, #134, .T. ) ;
#1430 = LINE ( 'NONE', #1838, #1865 ) ;
#1431 = EDGE_CURVE ( 'NONE', #1997, #587, #995, .T. ) ;
#1432 =( NAMED_UNIT ( * ) SI_UNIT ( $, .STERADIAN. ) SOLID_ANGLE_UNIT ( ) );
#1433 = DIRECTION ( 'NONE',  ( 1.000000000000000000, 0.000000000000000000, 0.000000000000000000 ) ) ;
#1434 = VECTOR ( 'NONE', #2382, 1000.000000000000000 ) ;
#1435 = VERTEX_POINT ( 'NONE', #2050 ) ;
#1436 = CARTESIAN_POINT ( 'NONE',  ( -2.859999999999999876, 0.2000000000000000944, 0.3199999999999999512 ) ) ;
#1437 = ORIENTED_EDGE ( 'NONE', *, *, #1354, .T. ) ;
#1438 = FACE_OUTER_BOUND ( 'NONE', #206, .T. ) ;
#1439 = DIRECTION ( 'NONE',  ( 0.000000000000000000, 0.000000000000000000, 1.000000000000000000 ) ) ;
#1440 = VERTEX_POINT ( 'NONE', #1827 ) ;
#1441 = EDGE_CURVE ( 'NONE', #1729, #1140, #1520, .T. ) ;
#1442 = DIRECTION ( 'NONE',  ( 0.000000000000000000, 0.000000000000000000, 1.000000000000000000 ) ) ;
#1443 = AXIS2_PLACEMENT_3D ( 'NONE', #2208, #52, #825 ) ;
#1444 = FACE_BOUND ( 'NONE', #2518, .T. ) ;
#1445 = EDGE_LOOP ( 'NONE', ( #594, #2108, #2094, #509 ) ) ;
#1446 = CARTESIAN_POINT ( 'NONE',  ( 3.810000000000000497, 2.350000000000000533, -1.205000000000000293 ) ) ;
#1447 = CARTESIAN_POINT ( 'NONE',  ( -2.219999999999999751, 2.350000000000000533, 0.3199999999999998401 ) ) ;
#1448 = ORIENTED_EDGE ( 'NONE', *, *, #1793, .F. ) ;
#1449 = DIRECTION ( 'NONE',  ( 1.591901220194815334E-16, 0.3420201433256626622, 0.9396926207859106484 ) ) ;
#1450 = CARTESIAN_POINT ( 'NONE',  ( 1.880000000000000560, 2.550000000000000711, -0.7550000000000012257 ) ) ;
#1451 =( LENGTH_UNIT ( ) NAMED_UNIT ( * ) SI_UNIT ( .MILLI., .METRE. ) );
#1452 = VERTEX_POINT ( 'NONE', #1845 ) ;
#1453 = CARTESIAN_POINT ( 'NONE',  ( -2.219999999999999751, 2.350000000000000533, 0.3199999999999998401 ) ) ;
#1454 = FACE_BOUND ( 'NONE', #888, .T. ) ;
#1455 = ORIENTED_EDGE ( 'NONE', *, *, #818, .T. ) ;
#1456 = DIRECTION ( 'NONE',  ( 0.000000000000000000, -0.000000000000000000, 1.000000000000000000 ) ) ;
#1457 = CARTESIAN_POINT ( 'NONE',  ( 2.860000000000000764, 2.350000000000000533, 0.3199999999999994515 ) ) ;
#1458 = EDGE_CURVE ( 'NONE', #116, #1262, #1899, .T. ) ;
#1459 = ORIENTED_EDGE ( 'NONE', *, *, #876, .T. ) ;
#1460 = DIRECTION ( 'NONE',  ( 0.4186597375374293550, -0.000000000000000000, 0.9081431738250806962 ) ) ;
#1461 = LINE ( 'NONE', #1873, #792 ) ;
#1462 = ADVANCED_FACE ( 'NONE', ( #658 ), #875, .F. ) ;
#1463 = CARTESIAN_POINT ( 'NONE',  ( 0.000000000000000000, 0.000000000000000000, 0.000000000000000000 ) ) ;
#1464 = ORIENTED_EDGE ( 'NONE', *, *, #1222, .F. ) ;
#1465 = CARTESIAN_POINT ( 'NONE',  ( 5.421010862427514158E-17, 0.2000000000000000944, 0.3199999999999995071 ) ) ;
#1466 = AXIS2_PLACEMENT_3D ( 'NONE', #212, #1618, #609 ) ;
#1467 = CARTESIAN_POINT ( 'NONE',  ( -0.6599999999999995870, 2.550000000000000711, -0.7550000000000010036 ) ) ;
#1468 = EDGE_LOOP ( 'NONE', ( #562, #630, #4, #2157 ) ) ;
#1469 = VERTEX_POINT ( 'NONE', #1564 ) ;
#1470 = EDGE_CURVE ( 'NONE', #2199, #782, #2453, .T. ) ;
#1471 = LINE ( 'NONE', #1070, #399 ) ;
#1472 = CARTESIAN_POINT ( 'NONE',  ( 1.880000000000000560, 2.550000000000000711, -0.5500000000000004885 ) ) ;
#1473 = ORIENTED_EDGE ( 'NONE', *, *, #1713, .T. ) ;
#1474 = CARTESIAN_POINT ( 'NONE',  ( -1.571959135949892783, 2.350000000000000533, -1.204999999999999849 ) ) ;
#1475 = PLANE ( 'NONE',  #1688 ) ;
#1476 = EDGE_LOOP ( 'NONE', ( #403, #1074 ) ) ;
#1477 = PRODUCT_DEFINITION_CONTEXT ( 'detailed design', #1478, 'design' ) ;
#1478 = APPLICATION_CONTEXT ( 'automotive_design' ) ;
#1479 = VECTOR ( 'NONE', #862, 1000.000000000000000 ) ;
#1480 = DIRECTION ( 'NONE',  ( 0.000000000000000000, 0.000000000000000000, 1.000000000000000000 ) ) ;
#1481 = DIRECTION ( 'NONE',  ( 0.000000000000000000, -0.000000000000000000, 1.000000000000000000 ) ) ;
#1482 = DIRECTION ( 'NONE',  ( -0.4186597375374292440, 0.000000000000000000, 0.9081431738250808072 ) ) ;
#1483 = ORIENTED_EDGE ( 'NONE', *, *, #1691, .F. ) ;
#1484 = VERTEX_POINT ( 'NONE', #1450 ) ;
#1485 = VECTOR ( 'NONE', #1842, 1000.000000000000000 ) ;
#1486 = PLANE ( 'NONE',  #2380 ) ;
#1487 = LINE ( 'NONE', #1315, #2438 ) ;
#1488 = ORIENTED_EDGE ( 'NONE', *, *, #2287, .T. ) ;
#1489 = EDGE_LOOP ( 'NONE', ( #250, #520 ) ) ;
#1490 = CARTESIAN_POINT ( 'NONE',  ( 1.880000000000000560, 2.550000000000000711, -0.5500000000000004885 ) ) ;
#1491 = PLANE ( 'NONE',  #544 ) ;
#1492 =( NAMED_UNIT ( * ) PLANE_ANGLE_UNIT ( ) SI_UNIT ( $, .RADIAN. ) );
#1493 = ORIENTED_EDGE ( 'NONE', *, *, #1230, .T. ) ;
#1494 = EDGE_CURVE ( 'NONE', #1791, #412, #23, .T. ) ;
#1495 = DIRECTION ( 'NONE',  ( 0.000000000000000000, -1.000000000000000000, 0.000000000000000000 ) ) ;
#1496 = DIRECTION ( 'NONE',  ( -8.537024980200822558E-17, 0.000000000000000000, -1.000000000000000000 ) ) ;
#1497 = VERTEX_POINT ( 'NONE', #2419 ) ;
#1498 = EDGE_LOOP ( 'NONE', ( #1884, #513, #99, #2184 ) ) ;
#1499 = DIRECTION ( 'NONE',  ( -0.000000000000000000, -1.000000000000000000, -0.000000000000000000 ) ) ;
#1500 = CARTESIAN_POINT ( 'NONE',  ( -2.859999999999999432, -1.984140999984526310, 0.3200000000000003952 ) ) ;
#1501 = ORIENTED_EDGE ( 'NONE', *, *, #328, .T. ) ;
#1502 = DIRECTION ( 'NONE',  ( -0.000000000000000000, -1.000000000000000000, -0.000000000000000000 ) ) ;
#1503 = DIRECTION ( 'NONE',  ( 8.537024980200822558E-17, -0.000000000000000000, 1.000000000000000000 ) ) ;
#1504 = ORIENTED_EDGE ( 'NONE', *, *, #835, .T. ) ;
#1505 = ADVANCED_FACE ( 'NONE', ( #647 ), #1491, .F. ) ;
#1506 = CARTESIAN_POINT ( 'NONE',  ( -0.6599999999999995870, 2.550000000000000711, -0.3449999999999994738 ) ) ;
#1507 = EDGE_CURVE ( 'NONE', #539, #572, #1128, .T. ) ;
#1508 = EDGE_CURVE ( 'NONE', #771, #412, #1917, .T. ) ;
#1509 = CYLINDRICAL_SURFACE ( 'NONE', #1934, 0.2050000000000007649 ) ;
#1510 = PRESENTATION_LAYER_ASSIGNMENT (  '', '', ( #1270 ) ) ;
#1511 = ORIENTED_EDGE ( 'NONE', *, *, #1187, .F. ) ;
#1512 = VERTEX_POINT ( 'NONE', #2076 ) ;
#1513 = VECTOR ( 'NONE', #556, 1000.000000000000000 ) ;
#1514 = DIRECTION ( 'NONE',  ( -0.000000000000000000, -1.000000000000000000, -0.000000000000000000 ) ) ;
#1515 = DIRECTION ( 'NONE',  ( 0.000000000000000000, -1.000000000000000000, 0.000000000000000000 ) ) ;
#1516 = ORIENTED_EDGE ( 'NONE', *, *, #808, .F. ) ;
#1517 = DIRECTION ( 'NONE',  ( -0.9396926207859106484, 0.3420201433256626622, 0.000000000000000000 ) ) ;
#1518 = CARTESIAN_POINT ( 'NONE',  ( -1.879999999999999893, 2.550000000000000711, 0.5500000000000005995 ) ) ;
#1519 = ORIENTED_EDGE ( 'NONE', *, *, #902, .T. ) ;
#1520 = CIRCLE ( 'NONE', #1239, 0.2050000000000007649 ) ;
#1521 = ADVANCED_FACE ( 'NONE', ( #2312 ), #1475, .T. ) ;
#1522 = LINE ( 'NONE', #2334, #799 ) ;
#1523 = CIRCLE ( 'NONE', #431, 0.2050000000000007649 ) ;
#1524 = DIRECTION ( 'NONE',  ( 0.000000000000000000, 0.000000000000000000, -1.000000000000000000 ) ) ;
#1525 = DIRECTION ( 'NONE',  ( -0.000000000000000000, -1.000000000000000000, -0.000000000000000000 ) ) ;
#1526 = DIRECTION ( 'NONE',  ( 0.000000000000000000, 1.000000000000000000, 0.000000000000000000 ) ) ;
#1527 = ORIENTED_EDGE ( 'NONE', *, *, #1259, .F. ) ;
#1528 = ORIENTED_EDGE ( 'NONE', *, *, #227, .F. ) ;
#1529 = FACE_OUTER_BOUND ( 'NONE', #570, .T. ) ;
#1530 = FACE_OUTER_BOUND ( 'NONE', #243, .T. ) ;
#1531 = AXIS2_PLACEMENT_3D ( 'NONE', #2019, #1823, #1024 ) ;
#1532 = ORIENTED_EDGE ( 'NONE', *, *, #1507, .F. ) ;
#1533 = CARTESIAN_POINT ( 'NONE',  ( 3.200000000000000622, 2.350000000000000533, 0.5500000000000001554 ) ) ;
#1534 = LINE ( 'NONE', #358, #665 ) ;
#1535 = ORIENTED_EDGE ( 'NONE', *, *, #303, .T. ) ;
#1536 = EDGE_CURVE ( 'NONE', #1665, #2393, #127, .T. ) ;
#1537 = FACE_OUTER_BOUND ( 'NONE', #1040, .T. ) ;
#1538 = CARTESIAN_POINT ( 'NONE',  ( -2.859999999999999876, 2.350000000000000533, 0.3199999999999999512 ) ) ;
#1539 = SHAPE_REPRESENTATION_RELATIONSHIP ( 'NONE' , 'NONE' ,  #1220, #161 ) ;
#1540 = ORIENTED_EDGE ( 'NONE', *, *, #2255, .F. ) ;
#1541 = EDGE_LOOP ( 'NONE', ( #2319, #1342, #121, #1563 ) ) ;
#1542 = PLANE ( 'NONE',  #1249 ) ;
#1543 = ADVANCED_FACE ( 'NONE', ( #1692 ), #2128, .T. ) ;
#1544 = LINE ( 'NONE', #1139, #1081 ) ;
#1545 = ORIENTED_EDGE ( 'NONE', *, *, #2138, .T. ) ;
#1546 = EDGE_CURVE ( 'NONE', #1893, #1585, #941, .T. ) ;
#1547 = DIRECTION ( 'NONE',  ( -0.000000000000000000, -0.000000000000000000, 1.000000000000000000 ) ) ;
#1548 = CARTESIAN_POINT ( 'NONE',  ( -0.9680408640501043660, 2.350000000000000533, -1.205000000000000737 ) ) ;
#1549 = DIRECTION ( 'NONE',  ( 0.9081431738250808072, 0.000000000000000000, 0.4186597375374293550 ) ) ;
#1550 = DIRECTION ( 'NONE',  ( 0.000000000000000000, 0.9396926207859105373, -0.3420201433256626067 ) ) ;
#1551 = PRESENTATION_STYLE_ASSIGNMENT (( #278 ) ) ;
#1552 = EDGE_LOOP ( 'NONE', ( #1504, #2271, #1516, #2512 ) ) ;
#1553 = EDGE_CURVE ( 'NONE', #535, #2383, #898, .T. ) ;
#1554 = AXIS2_PLACEMENT_3D ( 'NONE', #1097, #534, #2298 ) ;
#1555 = ORIENTED_EDGE ( 'NONE', *, *, #2412, .T. ) ;
#1556 = PLANE ( 'NONE',  #2040 ) ;
#1557 = DIRECTION ( 'NONE',  ( -0.000000000000000000, -1.000000000000000000, -0.000000000000000000 ) ) ;
#1558 = VECTOR ( 'NONE', #712, 1000.000000000000000 ) ;
#1559 = VERTEX_POINT ( 'NONE', #537 ) ;
#1560 = EDGE_CURVE ( 'NONE', #321, #1229, #733, .T. ) ;
#1561 = STYLED_ITEM ( 'NONE', ( #1951 ), #2129 ) ;
#1562 = VECTOR ( 'NONE', #1614, 1000.000000000000000 ) ;
#1563 = ORIENTED_EDGE ( 'NONE', *, *, #909, .F. ) ;
#1564 = CARTESIAN_POINT ( 'NONE',  ( -0.9680408640501043660, 0.2000000000000000944, -1.205000000000000737 ) ) ;
#1565 = FACE_OUTER_BOUND ( 'NONE', #209, .T. ) ;
#1566 = CARTESIAN_POINT ( 'NONE',  ( 2.860000000000000764, 2.350000000000000533, 0.3199999999999994515 ) ) ;
#1567 = PRESENTATION_LAYER_ASSIGNMENT (  '', '', ( #2416 ) ) ;
#1568 = DIRECTION ( 'NONE',  ( -0.000000000000000000, -1.000000000000000000, -0.000000000000000000 ) ) ;
#1569 = LINE ( 'NONE', #179, #84 ) ;
#1570 = CARTESIAN_POINT ( 'NONE',  ( 0.000000000000000000, 0.000000000000000000, 0.000000000000000000 ) ) ;
#1571 = ORIENTED_EDGE ( 'NONE', *, *, #2058, .F. ) ;
#1572 = DIRECTION ( 'NONE',  ( -0.3420201433256626067, -0.9396926207859105373, 0.000000000000000000 ) ) ;
#1573 = PRODUCT_RELATED_PRODUCT_CATEGORY ( 'part', '', ( #2201 ) ) ;
#1574 = DIRECTION ( 'NONE',  ( 0.000000000000000000, 0.000000000000000000, 1.000000000000000000 ) ) ;
#1575 = ORIENTED_EDGE ( 'NONE', *, *, #93, .F. ) ;
#1576 = ORIENTED_EDGE ( 'NONE', *, *, #1297, .T. ) ;
#1577 = EDGE_CURVE ( 'NONE', #1512, #2000, #1461, .T. ) ;
#1578 = CARTESIAN_POINT ( 'NONE',  ( 0.000000000000000000, 2.350000000000000533, 0.000000000000000000 ) ) ;
#1579 = CARTESIAN_POINT ( 'NONE',  ( -3.199999999999999734, 2.550000000000000711, -0.5500000000000000444 ) ) ;
#1580 = CARTESIAN_POINT ( 'NONE',  ( 2.860000000000000764, 2.350000000000000533, -0.3200000000000005618 ) ) ;
#1581 = VERTEX_POINT ( 'NONE', #515 ) ;
#1582 = CARTESIAN_POINT ( 'NONE',  ( 2.220000000000000639, 0.2000000000000000944, 0.3199999999999995626 ) ) ;
#1583 = CARTESIAN_POINT ( 'NONE',  ( 1.880000000000000560, 2.550000000000000711, -0.3449999999999996958 ) ) ;
#1584 = ORIENTED_EDGE ( 'NONE', *, *, #2131, .T. ) ;
#1585 = VERTEX_POINT ( 'NONE', #1306 ) ;
#1586 = CARTESIAN_POINT ( 'NONE',  ( -2.219999999999999751, 2.350000000000000533, -0.3200000000000001177 ) ) ;
#1587 = FACE_OUTER_BOUND ( 'NONE', #352, .T. ) ;
#1588 = ADVANCED_FACE ( 'NONE', ( #1677 ), #2477, .F. ) ;
#1589 = LINE ( 'NONE', #1212, #2321 ) ;
#1590 = DIRECTION ( 'NONE',  ( -0.000000000000000000, -1.000000000000000000, -0.000000000000000000 ) ) ;
#1591 = PRODUCT_CONTEXT ( 'NONE', #1144, 'mechanical' ) ;
#1592 = VERTEX_POINT ( 'NONE', #2506 ) ;
#1593 = LINE ( 'NONE', #2414, #1615 ) ;
#1594 = PLANE ( 'NONE',  #2346 ) ;
#1595 = VERTEX_POINT ( 'NONE', #1116 ) ;
#1596 = AXIS2_PLACEMENT_3D ( 'NONE', #217, #1526, #769 ) ;
#1597 = CYLINDRICAL_SURFACE ( 'NONE', #2371, 0.2050000000000007649 ) ;
#1598 = VECTOR ( 'NONE', #1160, 1000.000000000000000 ) ;
#1599 = ORIENTED_EDGE ( 'NONE', *, *, #1983, .F. ) ;
#1600 = VECTOR ( 'NONE', #1019, 1000.000000000000000 ) ;
#1601 = EDGE_CURVE ( 'NONE', #694, #2448, #2239, .T. ) ;
#1602 = DIRECTION ( 'NONE',  ( 0.000000000000000000, -1.000000000000000000, 0.000000000000000000 ) ) ;
#1603 = LINE ( 'NONE', #35, #473 ) ;
#1604 = LINE ( 'NONE', #2409, #1318 ) ;
#1605 = SURFACE_STYLE_USAGE ( .BOTH. , #474 ) ;
#1606 = ITEM_DEFINED_TRANSFORMATION ( 'NONE', 'NONE', #501,  #2480 ) ;
#1607 = EDGE_LOOP ( 'NONE', ( #1493, #975, #1002, #54 ) ) ;
#1608 = AXIS2_PLACEMENT_3D ( 'NONE', #1490, #2115, #1126 ) ;
#1609 = CARTESIAN_POINT ( 'NONE',  ( 3.508040864050106400, 2.350000000000000533, 1.204999999999999849 ) ) ;
#1610 = FACE_OUTER_BOUND ( 'NONE', #737, .T. ) ;
#1611 = EDGE_CURVE ( 'NONE', #1559, #525, #1118, .T. ) ;
#1612 = ORIENTED_EDGE ( 'NONE', *, *, #893, .T. ) ;
#1613 =( NAMED_UNIT ( * ) SI_UNIT ( $, .STERADIAN. ) SOLID_ANGLE_UNIT ( ) );
#1614 = DIRECTION ( 'NONE',  ( -1.000000000000000000, 0.000000000000000000, 8.470329472543004623E-17 ) ) ;
#1615 = VECTOR ( 'NONE', #274, 1000.000000000000114 ) ;
#1616 = ORIENTED_EDGE ( 'NONE', *, *, #530, .F. ) ;
#1617 = COLOUR_RGB ( '',0.7960784313725489669, 0.8235294117647058432, 0.9372549019607843146 ) ;
#1618 = DIRECTION ( 'NONE',  ( 0.000000000000000000, 1.000000000000000000, 0.000000000000000000 ) ) ;
#1619 = DIRECTION ( 'NONE',  ( 0.3236155771181794538, 0.8891264907159920350, -0.3236155771181795093 ) ) ;
#1620 = EDGE_CURVE ( 'NONE', #2169, #2057, #1903, .T. ) ;
#1621 = CARTESIAN_POINT ( 'NONE',  ( -0.6599999999999995870, 2.550000000000000711, -0.7550000000000010036 ) ) ;
#1622 = CARTESIAN_POINT ( 'NONE',  ( 0.3200000000000003952, 0.2000000000000000944, -0.3200000000000003397 ) ) ;
#1623 = VERTEX_POINT ( 'NONE', #1279 ) ;
#1624 = ADVANCED_FACE ( 'NONE', ( #145 ), #1886, .F. ) ;
#1625 = CARTESIAN_POINT ( 'NONE',  ( -3.809999999999999165, 0.000000000000000000, 0.5500000000000007105 ) ) ;
#1626 = CARTESIAN_POINT ( 'NONE',  ( -0.6599999999999995870, 0.000000000000000000, -0.7550000000000010036 ) ) ;
#1627 = ORIENTED_EDGE ( 'NONE', *, *, #2122, .F. ) ;
#1628 = PRESENTATION_STYLE_ASSIGNMENT (( #2038 ) ) ;
#1629 = DIRECTION ( 'NONE',  ( 0.000000000000000000, 0.000000000000000000, 1.000000000000000000 ) ) ;
#1630 = VERTEX_POINT ( 'NONE', #355 ) ;
#1631 = EDGE_CURVE ( 'NONE', #771, #1452, #1723, .T. ) ;
#1632 = CARTESIAN_POINT ( 'NONE',  ( -2.374999999999997780, -2.410000000000000142, 0.1650000000000014511 ) ) ;
#1633 = DIRECTION ( 'NONE',  ( -0.000000000000000000, -1.000000000000000000, -0.000000000000000000 ) ) ;
#1634 = CARTESIAN_POINT ( 'NONE',  ( -0.6599999999999995870, 0.000000000000000000, -0.3449999999999994738 ) ) ;
#1635 = APPLICATION_PROTOCOL_DEFINITION ( 'draft international standard', 'automotive_design', 1998, #707 ) ;
#1636 = EDGE_LOOP ( 'NONE', ( #417, #1652, #2249, #688 ) ) ;
#1637 = DIRECTION ( 'NONE',  ( 1.000000000000000000, 0.000000000000000000, -8.537024980200822558E-17 ) ) ;
#1638 = CARTESIAN_POINT ( 'NONE',  ( 3.810000000000000941, 0.000000000000000000, 0.5499999999999993783 ) ) ;
#1639 = ADVANCED_FACE ( 'NONE', ( #1939 ), #20, .T. ) ;
#1640 = VERTEX_POINT ( 'NONE', #1943 ) ;
#1641 = FILL_AREA_STYLE_COLOUR ( '', #1617 ) ;
#1642 = PRODUCT_DEFINITION_CONTEXT ( 'detailed design', #1762, 'design' ) ;
#1643 = VECTOR ( 'NONE', #1039, 1000.000000000000000 ) ;
#1644 = CIRCLE ( 'NONE', #498, 0.2050000000000007649 ) ;
#1645 = CARTESIAN_POINT ( 'NONE',  ( -1.879999999999999893, 2.350000000000000533, 0.5500000000000005995 ) ) ;
#1646 = CARTESIAN_POINT ( 'NONE',  ( 1.880000000000000560, 2.550000000000000711, -0.3449999999999996958 ) ) ;
#1647 = DIRECTION ( 'NONE',  ( -0.3236155771181794538, 0.8891264907159920350, -0.3236155771181794538 ) ) ;
#1648 = VECTOR ( 'NONE', #1557, 1000.000000000000000 ) ;
#1649 = EDGE_LOOP ( 'NONE', ( #1797, #105, #287, #359 ) ) ;
#1650 = DIRECTION ( 'NONE',  ( 0.000000000000000000, 1.000000000000000000, 0.000000000000000000 ) ) ;
#1651 = FACE_OUTER_BOUND ( 'NONE', #1715, .T. ) ;
#1652 = ORIENTED_EDGE ( 'NONE', *, *, #1668, .T. ) ;
#1653 = DIRECTION ( 'NONE',  ( 0.3420201433256626067, -0.9396926207859105373, 0.000000000000000000 ) ) ;
#1654 = DIRECTION ( 'NONE',  ( -1.000000000000000000, 0.000000000000000000, 8.537024980200822558E-17 ) ) ;
#1655 = ORIENTED_EDGE ( 'NONE', *, *, #1745, .F. ) ;
#1656 = AXIS2_PLACEMENT_3D ( 'NONE', #2140, #589, #1138 ) ;
#1657 = DIRECTION ( 'NONE',  ( -0.3236155771181794538, 0.8891264907159920350, 0.3236155771181795093 ) ) ;
#1658 = EDGE_CURVE ( 'NONE', #1857, #1585, #1397, .T. ) ;
#1659 = DIRECTION ( 'NONE',  ( 0.000000000000000000, -1.000000000000000000, 0.000000000000000000 ) ) ;
#1660 = CYLINDRICAL_SURFACE ( 'NONE', #2521, 0.2050000000000007649 ) ;
#1661 = SHAPE_REPRESENTATION ( 'pin^68000 Tin', ( #2480 ), #2278 ) ;
#1662 = ORIENTED_EDGE ( 'NONE', *, *, #111, .F. ) ;
#1663 = CARTESIAN_POINT ( 'NONE',  ( -1.879999999999999893, 2.550000000000000711, 0.3449999999999998068 ) ) ;
#1664 = CARTESIAN_POINT ( 'NONE',  ( 1.270000000000001128, 0.000000000000000000, 0.5499999999999998224 ) ) ;
#1665 = VERTEX_POINT ( 'NONE', #6 ) ;
#1666 = CARTESIAN_POINT ( 'NONE',  ( 1.270000000000001128, 0.000000000000000000, -0.5500000000000009326 ) ) ;
#1667 = CARTESIAN_POINT ( 'NONE',  ( 5.080000000000000071, 0.2000000000000000944, -0.3200000000000007283 ) ) ;
#1668 = EDGE_CURVE ( 'NONE', #199, #892, #2181, .T. ) ;
#1669 = CARTESIAN_POINT ( 'NONE',  ( -1.269999999999998908, 0.000000000000000000, 0.5500000000000002665 ) ) ;
#1670 = LINE ( 'NONE', #2470, #2317 ) ;
#1671 = ORIENTED_EDGE ( 'NONE', *, *, #1977, .F. ) ;
#1672 = EDGE_CURVE ( 'NONE', #2147, #1893, #2026, .T. ) ;
#1673 = CARTESIAN_POINT ( 'NONE',  ( -0.3199999999999995626, 0.2000000000000000944, 0.3199999999999997291 ) ) ;
#1674 = CARTESIAN_POINT ( 'NONE',  ( -2.219999999999999751, 2.350000000000000533, 0.3199999999999998401 ) ) ;
#1675 = ORIENTED_EDGE ( 'NONE', *, *, #1601, .T. ) ;
#1676 = FACE_OUTER_BOUND ( 'NONE', #648, .T. ) ;
#1677 = FACE_OUTER_BOUND ( 'NONE', #2368, .T. ) ;
#1678 = EDGE_LOOP ( 'NONE', ( #1011, #2130, #1049, #1834 ) ) ;
#1679 = CYLINDRICAL_SURFACE ( 'NONE', #267, 0.2050000000000007649 ) ;
#1680 = VECTOR ( 'NONE', #655, 1000.000000000000000 ) ;
#1681 = DIRECTION ( 'NONE',  ( -0.000000000000000000, 1.000000000000000000, 0.000000000000000000 ) ) ;
#1682 = CIRCLE ( 'NONE', #578, 0.2050000000000007649 ) ;
#1683 = CARTESIAN_POINT ( 'NONE',  ( -1.269999999999998908, 2.350000000000000533, 0.5500000000000002665 ) ) ;
#1684 = VERTEX_POINT ( 'NONE', #966 ) ;
#1685 = ORIENTED_EDGE ( 'NONE', *, *, #80, .T. ) ;
#1686 = CARTESIAN_POINT ( 'NONE',  ( -2.219999999999999751, 8.390000000000000568, -0.1649999999999997857 ) ) ;
#1687 = LINE ( 'NONE', #1664, #1109 ) ;
#1688 = AXIS2_PLACEMENT_3D ( 'NONE', #1518, #2330, #2517 ) ;
#1689 = ORIENTED_EDGE ( 'NONE', *, *, #397, .F. ) ;
#1690 = DIRECTION ( 'NONE',  ( -0.000000000000000000, -1.000000000000000000, -0.000000000000000000 ) ) ;
#1691 = EDGE_CURVE ( 'NONE', #44, #899, #198, .T. ) ;
#1692 = FACE_OUTER_BOUND ( 'NONE', #1636, .T. ) ;
#1693 = FILL_AREA_STYLE_COLOUR ( '', #1032 ) ;
#1694 = ORIENTED_EDGE ( 'NONE', *, *, #835, .F. ) ;
#1695 = VECTOR ( 'NONE', #1480, 1000.000000000000000 ) ;
#1696 = AXIS2_PLACEMENT_3D ( 'NONE', #843, #660, #1258 ) ;
#1697 = FACE_OUTER_BOUND ( 'NONE', #1445, .T. ) ;
#1698 = DIRECTION ( 'NONE',  ( -0.000000000000000000, -1.000000000000000000, -0.000000000000000000 ) ) ;
#1699 = CARTESIAN_POINT ( 'NONE',  ( -0.6599999999999995870, 2.550000000000000711, -0.5500000000000002665 ) ) ;
#1700 = ORIENTED_EDGE ( 'NONE', *, *, #1073, .F. ) ;
#1701 = VECTOR ( 'NONE', #168, 1000.000000000000000 ) ;
#1702 = VERTEX_POINT ( 'NONE', #774 ) ;
#1703 = LINE ( 'NONE', #2308, #152 ) ;
#1704 = DIRECTION ( 'NONE',  ( -0.9081431738250808072, 0.000000000000000000, 0.4186597375374293550 ) ) ;
#1705 = EDGE_LOOP ( 'NONE', ( #850, #2007, #740, #2247 ) ) ;
#1706 = EDGE_CURVE ( 'NONE', #436, #896, #2141, .T. ) ;
#1707 = CARTESIAN_POINT ( 'NONE',  ( -3.199999999999999734, 2.350000000000000533, -0.3449999999999992517 ) ) ;
#1708 =( REPRESENTATION_RELATIONSHIP ('NONE','NONE', #2033, #1661 ) REPRESENTATION_RELATIONSHIP_WITH_TRANSFORMATION ( #445 )SHAPE_REPRESENTATION_RELATIONSHIP( ) );
#1709 = DIRECTION ( 'NONE',  ( 0.000000000000000000, -0.000000000000000000, 1.000000000000000000 ) ) ;
#1710 = ORIENTED_EDGE ( 'NONE', *, *, #1825, .F. ) ;
#1711 = ADVANCED_FACE ( 'NONE', ( #1530 ), #2170, .F. ) ;
#1712 = LINE ( 'NONE', #2305, #1858 ) ;
#1713 = EDGE_CURVE ( 'NONE', #539, #1807, #2325, .T. ) ;
#1714 = CARTESIAN_POINT ( 'NONE',  ( -1.571959135949893671, 0.2000000000000000944, 1.205000000000000737 ) ) ;
#1715 = EDGE_LOOP ( 'NONE', ( #1685, #2114, #497, #1122 ) ) ;
#1716 = ORIENTED_EDGE ( 'NONE', *, *, #988, .T. ) ;
#1717 = DIRECTION ( 'NONE',  ( -0.000000000000000000, -1.000000000000000000, -0.000000000000000000 ) ) ;
#1718 = DIRECTION ( 'NONE',  ( 0.000000000000000000, 1.000000000000000000, 0.000000000000000000 ) ) ;
#1719 = VERTEX_POINT ( 'NONE', #415 ) ;
#1720 = DIRECTION ( 'NONE',  ( -0.000000000000000000, -1.000000000000000000, -0.000000000000000000 ) ) ;
#1721 = EDGE_CURVE ( 'NONE', #1933, #2383, #95, .T. ) ;
#1722 = PRODUCT_DEFINITION_SHAPE ( 'NONE', 'NONE',  #2551 ) ;
#1723 = LINE ( 'NONE', #591, #1434 ) ;
#1724 = ORIENTED_EDGE ( 'NONE', *, *, #1176, .F. ) ;
#1725 = LINE ( 'NONE', #746, #380 ) ;
#1726 = CARTESIAN_POINT ( 'NONE',  ( -3.809999999999999165, 0.2000000000000000944, -1.204999999999999627 ) ) ;
#1727 = DIRECTION ( 'NONE',  ( -0.000000000000000000, -1.000000000000000000, -0.000000000000000000 ) ) ;
#1728 = VECTOR ( 'NONE', #205, 1000.000000000000000 ) ;
#1729 = VERTEX_POINT ( 'NONE', #1978 ) ;
#1730 = ORIENTED_EDGE ( 'NONE', *, *, #2058, .T. ) ;
#1731 = VECTOR ( 'NONE', #1299, 1000.000000000000000 ) ;
#1732 = FACE_OUTER_BOUND ( 'NONE', #2053, .T. ) ;
#1733 = CARTESIAN_POINT ( 'NONE',  ( -2.219999999999999751, -2.410000000000000586, -0.1650000000000010902 ) ) ;
#1734 = ORIENTED_EDGE ( 'NONE', *, *, #1419, .F. ) ;
#1735 = ORIENTED_EDGE ( 'NONE', *, *, #1745, .T. ) ;
#1736 = AXIS2_PLACEMENT_3D ( 'NONE', #2323, #1525, #2396 ) ;
#1737 = CARTESIAN_POINT ( 'NONE',  ( 3.200000000000000622, 0.000000000000000000, 0.5500000000000001554 ) ) ;
#1738 = DIRECTION ( 'NONE',  ( 0.000000000000000000, 0.000000000000000000, 1.000000000000000000 ) ) ;
#1739 = ORIENTED_EDGE ( 'NONE', *, *, #719, .T. ) ;
#1740 = LINE ( 'NONE', #1283, #968 ) ;
#1741 = VECTOR ( 'NONE', #314, 1000.000000000000000 ) ;
#1742 = DIRECTION ( 'NONE',  ( 0.000000000000000000, 0.000000000000000000, -1.000000000000000000 ) ) ;
#1743 = AXIS2_PLACEMENT_3D ( 'NONE', #1794, #777, #602 ) ;
#1744 = DIRECTION ( 'NONE',  ( 0.000000000000000000, 1.000000000000000000, 0.000000000000000000 ) ) ;
#1745 = EDGE_CURVE ( 'NONE', #1484, #116, #1544, .T. ) ;
#1746 = DIRECTION ( 'NONE',  ( 0.000000000000000000, 0.000000000000000000, 1.000000000000000000 ) ) ;
#1747 = AXIS2_PLACEMENT_3D ( 'NONE', #1942, #2126, #1180 ) ;
#1748 = FACE_OUTER_BOUND ( 'NONE', #546, .T. ) ;
#1749 = EDGE_LOOP ( 'NONE', ( #1146, #1896, #1483, #1763 ) ) ;
#1750 = ORIENTED_EDGE ( 'NONE', *, *, #2063, .F. ) ;
#1751 = CARTESIAN_POINT ( 'NONE',  ( -3.199999999999999734, 2.550000000000000711, -0.5500000000000000444 ) ) ;
#1752 = VERTEX_POINT ( 'NONE', #377 ) ;
#1753 = EDGE_CURVE ( 'NONE', #146, #896, #309, .T. ) ;
#1754 = PLANE ( 'NONE',  #1113 ) ;
#1755 = FACE_OUTER_BOUND ( 'NONE', #1789, .T. ) ;
#1756 = CARTESIAN_POINT ( 'NONE',  ( 1.880000000000000560, 0.2000000000000000944, -0.7550000000000012257 ) ) ;
#1757 = ADVANCED_FACE ( 'NONE', ( #1765 ), #1154, .T. ) ;
#1758 = CARTESIAN_POINT ( 'NONE',  ( 2.860000000000000764, 2.350000000000000533, 0.3199999999999994515 ) ) ;
#1759 = FILL_AREA_STYLE ('',( #1693 ) ) ;
#1760 = EDGE_CURVE ( 'NONE', #771, #2125, #784, .T. ) ;
#1761 = VERTEX_POINT ( 'NONE', #1583 ) ;
#1762 = APPLICATION_CONTEXT ( 'automotive_design' ) ;
#1763 = ORIENTED_EDGE ( 'NONE', *, *, #1864, .F. ) ;
#1764 = FACE_OUTER_BOUND ( 'NONE', #1915, .T. ) ;
#1765 = FACE_OUTER_BOUND ( 'NONE', #1351, .T. ) ;
#1766 = VERTEX_POINT ( 'NONE', #2391 ) ;
#1767 = CARTESIAN_POINT ( 'NONE',  ( -3.809999999999999165, 2.350000000000000533, 1.205000000000000515 ) ) ;
#1768 = LINE ( 'NONE', #790, #788 ) ;
#1769 = DIRECTION ( 'NONE',  ( 0.4186597375374292995, -0.000000000000000000, 0.9081431738250806962 ) ) ;
#1770 = CARTESIAN_POINT ( 'NONE',  ( -3.199999999999999734, 0.000000000000000000, -0.5500000000000000444 ) ) ;
#1771 = DIRECTION ( 'NONE',  ( -0.000000000000000000, -1.000000000000000000, -0.000000000000000000 ) ) ;
#1772 =( NAMED_UNIT ( * ) SI_UNIT ( $, .STERADIAN. ) SOLID_ANGLE_UNIT ( ) );
#1773 = ORIENTED_EDGE ( 'NONE', *, *, #976, .T. ) ;
#1774 = VECTOR ( 'NONE', #373, 1000.000000000000000 ) ;
#1775 = LINE ( 'NONE', #2549, #476 ) ;
#1776 = CARTESIAN_POINT ( 'NONE',  ( -2.219999999999998863, -1.984140999984526310, -0.3200000000000006173 ) ) ;
#1777 = ORIENTED_EDGE ( 'NONE', *, *, #770, .F. ) ;
#1778 = VECTOR ( 'NONE', #1399, 1000.000000000000000 ) ;
#1779 = EDGE_CURVE ( 'NONE', #1140, #1435, #616, .T. ) ;
#1780 = AXIS2_PLACEMENT_3D ( 'NONE', #2494, #1100, #553 ) ;
#1781 = ORIENTED_EDGE ( 'NONE', *, *, #1788, .F. ) ;
#1782 = DIRECTION ( 'NONE',  ( 0.000000000000000000, 1.000000000000000000, 0.000000000000000000 ) ) ;
#1783 = CARTESIAN_POINT ( 'NONE',  ( -3.199999999999999734, 2.550000000000000711, -0.5500000000000000444 ) ) ;
#1784 = CARTESIAN_POINT ( 'NONE',  ( -2.219999999999999751, 2.350000000000000533, 0.3199999999999998401 ) ) ;
#1785 = ORIENTED_EDGE ( 'NONE', *, *, #2029, .F. ) ;
#1786 = CARTESIAN_POINT ( 'NONE',  ( -3.809999999999999165, 0.2000000000000000944, 1.205000000000000515 ) ) ;
#1787 = DIRECTION ( 'NONE',  ( 0.000000000000000000, 1.000000000000000000, 0.000000000000000000 ) ) ;
#1788 = EDGE_CURVE ( 'NONE', #1630, #1063, #208, .T. ) ;
#1789 = EDGE_LOOP ( 'NONE', ( #347, #171, #1811, #181 ) ) ;
#1790 = VECTOR ( 'NONE', #325, 1000.000000000000000 ) ;
#1791 = VERTEX_POINT ( 'NONE', #1776 ) ;
#1792 = DIRECTION ( 'NONE',  ( -1.000000000000000000, 0.000000000000000000, 8.470329472543004623E-17 ) ) ;
#1793 = EDGE_CURVE ( 'NONE', #2393, #199, #954, .T. ) ;
#1794 = CARTESIAN_POINT ( 'NONE',  ( -3.199999999999999734, 0.2000000000000000944, -0.5500000000000000444 ) ) ;
#1795 = DIRECTION ( 'NONE',  ( -1.000000000000000000, 0.000000000000000000, 8.537024980200822558E-17 ) ) ;
#1796 = CARTESIAN_POINT ( 'NONE',  ( 0.000000000000000000, 8.390000000000000568, 0.000000000000000000 ) ) ;
#1797 = ORIENTED_EDGE ( 'NONE', *, *, #220, .F. ) ;
#1798 = DIRECTION ( 'NONE',  ( 0.9081431738250808072, 0.000000000000000000, 0.4186597375374293550 ) ) ;
#1799 = ADVANCED_FACE ( 'NONE', ( #1610 ), #644, .F. ) ;
#1800 = FACE_OUTER_BOUND ( 'NONE', #2350, .T. ) ;
#1801 = VERTEX_POINT ( 'NONE', #1626 ) ;
#1802 = DIRECTION ( 'NONE',  ( 0.000000000000000000, 0.000000000000000000, -1.000000000000000000 ) ) ;
#1803 = ORIENTED_EDGE ( 'NONE', *, *, #441, .F. ) ;
#1804 = ADVANCED_FACE ( 'NONE', ( #1995 ), #75, .F. ) ;
#1805 = LINE ( 'NONE', #1973, #1600 ) ;
#1806 = CARTESIAN_POINT ( 'NONE',  ( -1.879999999999999893, 0.2000000000000000944, 0.5500000000000005995 ) ) ;
#1807 = VERTEX_POINT ( 'NONE', #249 ) ;
#1808 = DIRECTION ( 'NONE',  ( -1.694065894508600925E-16, 0.000000000000000000, -1.000000000000000000 ) ) ;
#1809 = LINE ( 'NONE', #1609, #2456 ) ;
#1810 = LINE ( 'NONE', #283, #2065 ) ;
#1811 = ORIENTED_EDGE ( 'NONE', *, *, #1577, .T. ) ;
#1812 =( GEOMETRIC_REPRESENTATION_CONTEXT ( 3 ) GLOBAL_UNCERTAINTY_ASSIGNED_CONTEXT ( ( #516 ) ) GLOBAL_UNIT_ASSIGNED_CONTEXT ( ( #1237, #1384, #1432 ) ) REPRESENTATION_CONTEXT ( 'NONE', 'WORKASPACE' ) );
#1813 = PRODUCT_DEFINITION ( 'UNKNOWN', '', #1814, #1477 ) ;
#1814 = PRODUCT_DEFINITION_FORMATION_WITH_SPECIFIED_SOURCE ( 'ANY', '', #2201, .NOT_KNOWN. ) ;
#1815 = AXIS2_PLACEMENT_3D ( 'NONE', #2376, #193, #972 ) ;
#1816 = ADVANCED_FACE ( 'NONE', ( #1050 ), #65, .F. ) ;
#1817 = CARTESIAN_POINT ( 'NONE',  ( 3.200000000000000622, 2.550000000000000711, 0.5500000000000001554 ) ) ;
#1818 = LINE ( 'NONE', #2204, #1036 ) ;
#1819 = LINE ( 'NONE', #63, #2022 ) ;
#1820 = ORIENTED_EDGE ( 'NONE', *, *, #1601, .F. ) ;
#1821 = ADVANCED_FACE ( 'NONE', ( #826 ), #1594, .F. ) ;
#1822 = DIRECTION ( 'NONE',  ( -0.4186597375374292440, 0.000000000000000000, -0.9081431738250808072 ) ) ;
#1823 = DIRECTION ( 'NONE',  ( 0.000000000000000000, 1.000000000000000000, 0.000000000000000000 ) ) ;
#1824 = VECTOR ( 'NONE', #1030, 1000.000000000000000 ) ;
#1825 = EDGE_CURVE ( 'NONE', #606, #307, #2415, .T. ) ;
#1826 = DIRECTION ( 'NONE',  ( -0.000000000000000000, -1.000000000000000000, -0.000000000000000000 ) ) ;
#1827 = CARTESIAN_POINT ( 'NONE',  ( 0.9680408640501069195, 0.2000000000000000944, -1.205000000000000071 ) ) ;
#1828 = AXIS2_PLACEMENT_3D ( 'NONE', #85, #1499, #2096 ) ;
#1829 = DIRECTION ( 'NONE',  ( 0.000000000000000000, 0.000000000000000000, -1.000000000000000000 ) ) ;
#1830 = EDGE_CURVE ( 'NONE', #374, #939, #2006, .T. ) ;
#1831 = CARTESIAN_POINT ( 'NONE',  ( 3.810000000000000941, 0.2000000000000000944, -0.5500000000000013767 ) ) ;
#1832 = CARTESIAN_POINT ( 'NONE',  ( -3.809999999999999165, 0.000000000000000000, 0.5500000000000007105 ) ) ;
#1833 = CONTEXT_DEPENDENT_SHAPE_REPRESENTATION ( #2025, #354 ) ;
#1834 = ORIENTED_EDGE ( 'NONE', *, *, #877, .F. ) ;
#1835 = DIRECTION ( 'NONE',  ( 0.000000000000000000, 0.000000000000000000, 1.000000000000000000 ) ) ;
#1836 = DIRECTION ( 'NONE',  ( 0.000000000000000000, 0.000000000000000000, 1.000000000000000000 ) ) ;
#1837 = EDGE_LOOP ( 'NONE', ( #633, #1401, #1616, #1575 ) ) ;
#1838 = CARTESIAN_POINT ( 'NONE',  ( -2.425792615250461637, -2.549551563475698224, -0.1142073847495383432 ) ) ;
#1839 = CARTESIAN_POINT ( 'NONE',  ( 1.571959135949895447, 2.350000000000000533, -1.205000000000000071 ) ) ;
#1840 = CARTESIAN_POINT ( 'NONE',  ( -3.809999999999999165, 2.350000000000000533, -0.5500000000000000444 ) ) ;
#1841 = ORIENTED_EDGE ( 'NONE', *, *, #251, .T. ) ;
#1842 = DIRECTION ( 'NONE',  ( 1.000000000000000000, -0.000000000000000000, -1.694065894508600925E-16 ) ) ;
#1843 = CARTESIAN_POINT ( 'NONE',  ( -2.710505431213764167E-17, 0.2000000000000000944, -0.3200000000000002842 ) ) ;
#1844 = VERTEX_POINT ( 'NONE', #1436 ) ;
#1845 = CARTESIAN_POINT ( 'NONE',  ( -2.859999999999999876, 7.964140999984524072, 0.3199999999999999512 ) ) ;
#1846 = AXIS2_PLACEMENT_3D ( 'NONE', #310, #1870, #1898 ) ;
#1847 = ORIENTED_EDGE ( 'NONE', *, *, #1958, .T. ) ;
#1848 = EDGE_CURVE ( 'NONE', #1440, #1469, #86, .T. ) ;
#1849 = AXIS2_PLACEMENT_3D ( 'NONE', #1832, #663, #812 ) ;
#1850 = LINE ( 'NONE', #878, #1042 ) ;
#1851 = VECTOR ( 'NONE', #2217, 1000.000000000000114 ) ;
#1852 = PLANE ( 'NONE',  #743 ) ;
#1853 = AXIS2_PLACEMENT_3D ( 'NONE', #721, #930, #1709 ) ;
#1854 = ORIENTED_EDGE ( 'NONE', *, *, #988, .F. ) ;
#1855 = DIRECTION ( 'NONE',  ( -0.4186597375374292440, 0.000000000000000000, 0.9081431738250808072 ) ) ;
#1856 = PLANE ( 'NONE',  #292 ) ;
#1857 = VERTEX_POINT ( 'NONE', #2427 ) ;
#1858 = VECTOR ( 'NONE', #1495, 1000.000000000000000 ) ;
#1859 = DIRECTION ( 'NONE',  ( -1.000000000000000000, 0.000000000000000000, 8.470329472543004623E-17 ) ) ;
#1860 = ADVANCED_FACE ( 'NONE', ( #1227 ), #1204, .F. ) ;
#1861 = CARTESIAN_POINT ( 'NONE',  ( -1.879999999999999893, 2.550000000000000711, 0.7550000000000013367 ) ) ;
#1862 = AXIS2_PLACEMENT_3D ( 'NONE', #1669, #2444, #255 ) ;
#1863 = EDGE_CURVE ( 'NONE', #2125, #1684, #1810, .T. ) ;
#1864 = EDGE_CURVE ( 'NONE', #1194, #44, #1424, .T. ) ;
#1865 = VECTOR ( 'NONE', #1619, 1000.000000000000114 ) ;
#1866 = DIRECTION ( 'NONE',  ( 0.000000000000000000, 1.000000000000000000, 0.000000000000000000 ) ) ;
#1867 = DIRECTION ( 'NONE',  ( 0.000000000000000000, 1.000000000000000000, 0.000000000000000000 ) ) ;
#1868 = ORIENTED_EDGE ( 'NONE', *, *, #204, .T. ) ;
#1869 = CARTESIAN_POINT ( 'NONE',  ( -3.199999999999999734, 0.000000000000000000, -0.7550000000000007816 ) ) ;
#1870 = DIRECTION ( 'NONE',  ( 0.000000000000000000, 1.000000000000000000, 0.000000000000000000 ) ) ;
#1871 = ORIENTED_EDGE ( 'NONE', *, *, #1760, .F. ) ;
#1872 = DIRECTION ( 'NONE',  ( 0.000000000000000000, -0.9396926207859105373, 0.3420201433256626067 ) ) ;
#1873 = CARTESIAN_POINT ( 'NONE',  ( 2.220000000000000639, 2.350000000000000533, 0.3199999999999995626 ) ) ;
#1874 = ORIENTED_EDGE ( 'NONE', *, *, #2412, .F. ) ;
#1875 = EDGE_CURVE ( 'NONE', #1229, #2339, #2209, .T. ) ;
#1876 = LINE ( 'NONE', #944, #313 ) ;
#1877 = DIRECTION ( 'NONE',  ( -0.000000000000000000, 1.000000000000000000, -0.000000000000000000 ) ) ;
#1878 = DIRECTION ( 'NONE',  ( 0.000000000000000000, -1.000000000000000000, 0.000000000000000000 ) ) ;
#1879 = ORIENTED_EDGE ( 'NONE', *, *, #861, .F. ) ;
#1880 = VERTEX_POINT ( 'NONE', #666 ) ;
#1881 = ADVANCED_FACE ( 'NONE', ( #1416 ), #2221, .F. ) ;
#1882 = CARTESIAN_POINT ( 'NONE',  ( -2.374999999999999112, 8.390000000000000568, -0.1650000000000001188 ) ) ;
#1883 = FACE_OUTER_BOUND ( 'NONE', #932, .T. ) ;
#1884 = ORIENTED_EDGE ( 'NONE', *, *, #1864, .T. ) ;
#1885 = CARTESIAN_POINT ( 'NONE',  ( -2.859999999999999432, 8.390000000000000568, 0.1649999999999993416 ) ) ;
#1886 = PLANE ( 'NONE',  #1853 ) ;
#1887 = ORIENTED_EDGE ( 'NONE', *, *, #117, .T. ) ;
#1888 = DIRECTION ( 'NONE',  ( 0.000000000000000000, 0.000000000000000000, 1.000000000000000000 ) ) ;
#1889 = VECTOR ( 'NONE', #690, 1000.000000000000000 ) ;
#1890 = ADVANCED_FACE ( 'NONE', ( #439 ), #53, .F. ) ;
#1891 = VECTOR ( 'NONE', #541, 1000.000000000000000 ) ;
#1892 = CARTESIAN_POINT ( 'NONE',  ( 1.880000000000000560, 2.550000000000000711, -0.3449999999999996958 ) ) ;
#1893 = VERTEX_POINT ( 'NONE', #2047 ) ;
#1894 = VERTEX_POINT ( 'NONE', #869 ) ;
#1895 = VECTOR ( 'NONE', #2030, 1000.000000000000000 ) ;
#1896 = ORIENTED_EDGE ( 'NONE', *, *, #240, .F. ) ;
#1897 = CARTESIAN_POINT ( 'NONE',  ( -2.859999999999999876, 8.390000000000000568, 0.3199999999999999512 ) ) ;
#1898 = DIRECTION ( 'NONE',  ( 0.000000000000000000, 0.000000000000000000, 1.000000000000000000 ) ) ;
#1899 = CIRCLE ( 'NONE', #2529, 0.2050000000000007649 ) ;
#1900 = ADVANCED_FACE ( 'NONE', ( #1651 ), #2450, .T. ) ;
#1901 = VERTEX_POINT ( 'NONE', #2502 ) ;
#1902 = DIRECTION ( 'NONE',  ( 1.000000000000000000, 0.000000000000000000, -8.470329472543004623E-17 ) ) ;
#1903 = LINE ( 'NONE', #1332, #18 ) ;
#1904 = ORIENTED_EDGE ( 'NONE', *, *, #2122, .T. ) ;
#1905 = PRODUCT_DEFINITION_CONTEXT ( 'detailed design', #1274, 'design' ) ;
#1906 = AXIS2_PLACEMENT_3D ( 'NONE', #133, #2103, #917 ) ;
#1907 = PRODUCT_DEFINITION_SHAPE ( 'NONE', 'NONE',  #2554 ) ;
#1908 = LINE ( 'NONE', #118, #2492 ) ;
#1909 = CARTESIAN_POINT ( 'NONE',  ( -0.6599999999999995870, 2.550000000000000711, -0.7550000000000010036 ) ) ;
#1910 = ORIENTED_EDGE ( 'NONE', *, *, #236, .T. ) ;
#1911 = ORIENTED_EDGE ( 'NONE', *, *, #2062, .T. ) ;
#1912 = ADVANCED_FACE ( 'NONE', ( #1883 ), #2060, .T. ) ;
#1913 = DIRECTION ( 'NONE',  ( -0.000000000000000000, -1.000000000000000000, -0.000000000000000000 ) ) ;
#1914 = FACE_OUTER_BOUND ( 'NONE', #460, .T. ) ;
#1915 = EDGE_LOOP ( 'NONE', ( #963, #356, #1612, #1380 ) ) ;
#1916 = CARTESIAN_POINT ( 'NONE',  ( -3.199999999999999734, 2.550000000000000711, -0.3449999999999992517 ) ) ;
#1917 = LINE ( 'NONE', #708, #2364 ) ;
#1918 = ORIENTED_EDGE ( 'NONE', *, *, #1206, .F. ) ;
#1919 = CARTESIAN_POINT ( 'NONE',  ( 0.6600000000000002531, 2.550000000000000711, 0.3449999999999995848 ) ) ;
#1920 = CARTESIAN_POINT ( 'NONE',  ( -1.269999999999998908, 2.350000000000000533, -0.5500000000000004885 ) ) ;
#1921 = ORIENTED_EDGE ( 'NONE', *, *, #2062, .F. ) ;
#1922 = FACE_OUTER_BOUND ( 'NONE', #1169, .T. ) ;
#1923 = PLANE ( 'NONE',  #1197 ) ;
#1924 = CARTESIAN_POINT ( 'NONE',  ( -0.6599999999999995870, 0.2000000000000000944, -0.5500000000000002665 ) ) ;
#1925 = ORIENTED_EDGE ( 'NONE', *, *, #976, .F. ) ;
#1926 = DIRECTION ( 'NONE',  ( 0.000000000000000000, 0.000000000000000000, -1.000000000000000000 ) ) ;
#1927 = DIRECTION ( 'NONE',  ( 0.000000000000000000, -0.000000000000000000, 1.000000000000000000 ) ) ;
#1928 = EDGE_LOOP ( 'NONE', ( #1975, #2487, #2034, #1750 ) ) ;
#1929 = EDGE_CURVE ( 'NONE', #1161, #1880, #2097, .T. ) ;
#1930 = CARTESIAN_POINT ( 'NONE',  ( 0.6600000000000002531, 2.550000000000000711, 0.5500000000000003775 ) ) ;
#1931 = CARTESIAN_POINT ( 'NONE',  ( -2.219999999999999751, -2.410000000000000586, -0.1650000000000010902 ) ) ;
#1932 = AXIS2_PLACEMENT_3D ( 'NONE', #2424, #1590, #232 ) ;
#1933 = VERTEX_POINT ( 'NONE', #112 ) ;
#1934 = AXIS2_PLACEMENT_3D ( 'NONE', #2318, #1727, #1524 ) ;
#1935 = CARTESIAN_POINT ( 'NONE',  ( 3.200000000000000622, 2.550000000000000711, 0.5500000000000001554 ) ) ;
#1936 = DIRECTION ( 'NONE',  ( -0.000000000000000000, -1.000000000000000000, -0.000000000000000000 ) ) ;
#1937 = SHAPE_REPRESENTATION_RELATIONSHIP ( 'NONE' , 'NONE' ,  #1661, #2129 ) ;
#1938 = VERTEX_POINT ( 'NONE', #511 ) ;
#1939 = FACE_OUTER_BOUND ( 'NONE', #2154, .T. ) ;
#1940 = VERTEX_POINT ( 'NONE', #717 ) ;
#1941 = VECTOR ( 'NONE', #1698, 1000.000000000000000 ) ;
#1942 = CARTESIAN_POINT ( 'NONE',  ( 2.860000000000000764, 2.350000000000000533, 0.3199999999999994515 ) ) ;
#1943 = CARTESIAN_POINT ( 'NONE',  ( 3.200000000000000622, 2.550000000000000711, 0.3449999999999993627 ) ) ;
#1944 = VERTEX_POINT ( 'NONE', #1111 ) ;
#1945 = VECTOR ( 'NONE', #735, 1000.000000000000000 ) ;
#1946 = DIRECTION ( 'NONE',  ( 0.000000000000000000, 1.000000000000000000, 0.000000000000000000 ) ) ;
#1947 = LINE ( 'NONE', #791, #1001 ) ;
#1948 = CARTESIAN_POINT ( 'NONE',  ( -3.809999999999999165, 2.350000000000000533, -1.204999999999999627 ) ) ;
#1949 = VECTOR ( 'NONE', #783, 1000.000000000000000 ) ;
#1950 = CARTESIAN_POINT ( 'NONE',  ( 0.3200000000000003952, 2.350000000000000533, 0.3199999999999996736 ) ) ;
#1951 = PRESENTATION_STYLE_ASSIGNMENT (( #411 ) ) ;
#1952 = ORIENTED_EDGE ( 'NONE', *, *, #2547, .T. ) ;
#1953 = EDGE_LOOP ( 'NONE', ( #557, #1473 ) ) ;
#1954 = LINE ( 'NONE', #19, #1949 ) ;
#1955 = DIRECTION ( 'NONE',  ( 1.000000000000000000, 0.000000000000000000, 0.000000000000000000 ) ) ;
#1956 = VECTOR ( 'NONE', #367, 1000.000000000000000 ) ;
#1957 = ORIENTED_EDGE ( 'NONE', *, *, #2440, .F. ) ;
#1958 = EDGE_CURVE ( 'NONE', #1702, #2206, #124, .T. ) ;
#1959 = CARTESIAN_POINT ( 'NONE',  ( -3.199999999999999734, 2.550000000000000711, -0.5500000000000000444 ) ) ;
#1960 = ADVANCED_FACE ( 'NONE', ( #1276 ), #2072, .T. ) ;
#1961 = FACE_BOUND ( 'NONE', #1489, .T. ) ;
#1962 = CARTESIAN_POINT ( 'NONE',  ( 1.270000000000001128, 0.000000000000000000, -0.5500000000000009326 ) ) ;
#1963 = LINE ( 'NONE', #1950, #1728 ) ;
#1964 = DIRECTION ( 'NONE',  ( 1.000000000000000000, 0.000000000000000000, 0.000000000000000000 ) ) ;
#1965 = ORIENTED_EDGE ( 'NONE', *, *, #2547, .F. ) ;
#1966 = EDGE_CURVE ( 'NONE', #2307, #2437, #2146, .T. ) ;
#1967 = FACE_OUTER_BOUND ( 'NONE', #2268, .T. ) ;
#1968 = CARTESIAN_POINT ( 'NONE',  ( -2.219999999999999751, 0.2000000000000000944, 0.000000000000000000 ) ) ;
#1969 = VERTEX_POINT ( 'NONE', #895 ) ;
#1970 = ORIENTED_EDGE ( 'NONE', *, *, #629, .T. ) ;
#1971 = LINE ( 'NONE', #2406, #1079 ) ;
#1972 = EDGE_CURVE ( 'NONE', #2120, #899, #1291, .T. ) ;
#1973 = CARTESIAN_POINT ( 'NONE',  ( -1.256511151229673606, 0.2000000000000000944, 0.5792595748652203946 ) ) ;
#1974 = CARTESIAN_POINT ( 'NONE',  ( -2.704999999999999183, 8.390000000000000568, -0.1649999999999998412 ) ) ;
#1975 = ORIENTED_EDGE ( 'NONE', *, *, #889, .F. ) ;
#1976 = LINE ( 'NONE', #573, #1046 ) ;
#1977 = EDGE_CURVE ( 'NONE', #1262, #116, #620, .T. ) ;
#1978 = CARTESIAN_POINT ( 'NONE',  ( -1.879999999999999893, 0.2000000000000000944, 0.7550000000000013367 ) ) ;
#1979 = AXIS2_PLACEMENT_3D ( 'NONE', #1806, #854, #832 ) ;
#1980 = VERTEX_POINT ( 'NONE', #101 ) ;
#1981 = AXIS2_PLACEMENT_3D ( 'NONE', #435, #409, #1236 ) ;
#1982 = PRESENTATION_LAYER_ASSIGNMENT (  '', '', ( #1561 ) ) ;
#1983 = EDGE_CURVE ( 'NONE', #691, #1901, #1487, .T. ) ;
#1984 = VECTOR ( 'NONE', #158, 1000.000000000000000 ) ;
#1985 = ORIENTED_EDGE ( 'NONE', *, *, #1577, .F. ) ;
#1986 = AXIS2_PLACEMENT_3D ( 'NONE', #724, #711, #2520 ) ;
#1987 = FACE_BOUND ( 'NONE', #1476, .T. ) ;
#1988 = AXIS2_PLACEMENT_3D ( 'NONE', #820, #1198, #1802 ) ;
#1989 = DIRECTION ( 'NONE',  ( 0.000000000000000000, 1.000000000000000000, 0.000000000000000000 ) ) ;
#1990 = DIRECTION ( 'NONE',  ( 0.000000000000000000, -0.000000000000000000, 1.000000000000000000 ) ) ;
#1991 = ORIENTED_EDGE ( 'NONE', *, *, #2095, .T. ) ;
#1992 = ADVANCED_FACE ( 'NONE', ( #2473 ), #141, .F. ) ;
#1993 = CIRCLE ( 'NONE', #188, 0.2050000000000007649 ) ;
#1994 = LINE ( 'NONE', #1252, #597 ) ;
#1995 = FACE_OUTER_BOUND ( 'NONE', #2451, .T. ) ;
#1996 = AXIS2_PLACEMENT_3D ( 'NONE', #1053, #890, #2068 ) ;
#1997 = VERTEX_POINT ( 'NONE', #884 ) ;
#1998 = EDGE_CURVE ( 'NONE', #374, #1592, #323, .T. ) ;
#1999 = SURFACE_STYLE_FILL_AREA ( #1417 ) ;
#2000 = VERTEX_POINT ( 'NONE', #925 ) ;
#2001 = LINE ( 'NONE', #1410, #1891 ) ;
#2002 = DIRECTION ( 'NONE',  ( -1.000000000000000000, 0.000000000000000000, -0.000000000000000000 ) ) ;
#2003 = VERTEX_POINT ( 'NONE', #334 ) ;
#2004 = DIRECTION ( 'NONE',  ( -0.000000000000000000, -1.000000000000000000, -0.000000000000000000 ) ) ;
#2005 = VERTEX_POINT ( 'NONE', #349 ) ;
#2006 = LINE ( 'NONE', #679, #2021 ) ;
#2007 = ORIENTED_EDGE ( 'NONE', *, *, #1508, .F. ) ;
#2008 = CIRCLE ( 'NONE', #2182, 0.2050000000000007649 ) ;
#2009 = CARTESIAN_POINT ( 'NONE',  ( -0.6599999999999995870, 0.000000000000000000, -0.5500000000000002665 ) ) ;
#2010 = EDGE_CURVE ( 'NONE', #1585, #1857, #577, .T. ) ;
#2011 = VERTEX_POINT ( 'NONE', #1071 ) ;
#2012 = EDGE_CURVE ( 'NONE', #2142, #691, #1687, .T. ) ;
#2013 = DIRECTION ( 'NONE',  ( 0.000000000000000000, 0.000000000000000000, -1.000000000000000000 ) ) ;
#2014 = FACE_OUTER_BOUND ( 'NONE', #718, .T. ) ;
#2015 = ADVANCED_FACE ( 'NONE', ( #1914 ), #1856, .F. ) ;
#2016 = PRESENTATION_STYLE_ASSIGNMENT (( #1605 ) ) ;
#2017 =( NAMED_UNIT ( * ) PLANE_ANGLE_UNIT ( ) SI_UNIT ( $, .RADIAN. ) );
#2018 = EDGE_LOOP ( 'NONE', ( #1519, #1151 ) ) ;
#2019 = CARTESIAN_POINT ( 'NONE',  ( 0.000000000000000000, 0.000000000000000000, 0.000000000000000000 ) ) ;
#2020 = ORIENTED_EDGE ( 'NONE', *, *, #2508, .F. ) ;
#2021 = VECTOR ( 'NONE', #849, 1000.000000000000000 ) ;
#2022 = VECTOR ( 'NONE', #847, 1000.000000000000000 ) ;
#2023 = ORIENTED_EDGE ( 'NONE', *, *, #1672, .F. ) ;
#2024 = EDGE_CURVE ( 'NONE', #1640, #1630, #419, .T. ) ;
#2025 =( REPRESENTATION_RELATIONSHIP ('NONE','NONE', #2033, #1661 ) REPRESENTATION_RELATIONSHIP_WITH_TRANSFORMATION ( #2032 )SHAPE_REPRESENTATION_RELATIONSHIP( ) );
#2026 = CIRCLE ( 'NONE', #2442, 0.2050000000000007649 ) ;
#2027 = CARTESIAN_POINT ( 'NONE',  ( -2.219999999999999751, 2.350000000000000533, -0.3200000000000001177 ) ) ;
#2028 = PLANE ( 'NONE',  #1044 ) ;
#2029 = EDGE_CURVE ( 'NONE', #935, #2426, #863, .T. ) ;
#2030 = DIRECTION ( 'NONE',  ( -0.000000000000000000, -1.000000000000000000, -0.000000000000000000 ) ) ;
#2031 = SURFACE_STYLE_FILL_AREA ( #38 ) ;
#2032 = ITEM_DEFINED_TRANSFORMATION ( 'NONE', 'NONE', #2441,  #2480 ) ;
#2033 = SHAPE_REPRESENTATION ( '68000-403HLF', ( #463, #219, #2441, #501, #1235 ), #993 ) ;
#2034 = ORIENTED_EDGE ( 'NONE', *, *, #1137, .F. ) ;
#2035 = VECTOR ( 'NONE', #148, 1000.000000000000000 ) ;
#2036 = CARTESIAN_POINT ( 'NONE',  ( -3.809999999999999165, 0.000000000000000000, -0.5500000000000000444 ) ) ;
#2037 = ORIENTED_EDGE ( 'NONE', *, *, #1263, .T. ) ;
#2038 = SURFACE_STYLE_USAGE ( .BOTH. , #2439 ) ;
#2039 = SURFACE_STYLE_FILL_AREA ( #1245 ) ;
#2040 = AXIS2_PLACEMENT_3D ( 'NONE', #376, #1192, #1366 ) ;
#2041 = AXIS2_PLACEMENT_3D ( 'NONE', #2194, #235, #275 ) ;
#2042 = LINE ( 'NONE', #2240, #1824 ) ;
#2043 = DIRECTION ( 'NONE',  ( -0.3420201433256626067, 0.9396926207859105373, 0.000000000000000000 ) ) ;
#2044 = DIRECTION ( 'NONE',  ( 8.537024980200822558E-17, -0.000000000000000000, 1.000000000000000000 ) ) ;
#2045 = VERTEX_POINT ( 'NONE', #1164 ) ;
#2046 = DIRECTION ( 'NONE',  ( -0.000000000000000000, 1.000000000000000000, -0.000000000000000000 ) ) ;
#2047 = CARTESIAN_POINT ( 'NONE',  ( 0.6600000000000002531, 2.550000000000000711, 0.7550000000000011147 ) ) ;
#2048 = ADVANCED_FACE ( 'NONE', ( #410 ), #779, .T. ) ;
#2049 = ORIENTED_EDGE ( 'NONE', *, *, #1825, .T. ) ;
#2050 = CARTESIAN_POINT ( 'NONE',  ( -1.879999999999999893, 0.000000000000000000, 0.3449999999999998068 ) ) ;
#2051 = ADVANCED_FACE ( 'NONE', ( #1328 ), #1178, .T. ) ;
#2052 =( NAMED_UNIT ( * ) PLANE_ANGLE_UNIT ( ) SI_UNIT ( $, .RADIAN. ) );
#2053 = EDGE_LOOP ( 'NONE', ( #2020, #2310, #936, #1455 ) ) ;
#2054 = DIRECTION ( 'NONE',  ( 0.000000000000000000, 1.000000000000000000, 0.000000000000000000 ) ) ;
#2055 = LINE ( 'NONE', #1839, #1395 ) ;
#2056 = LINE ( 'NONE', #891, #540 ) ;
#2057 = VERTEX_POINT ( 'NONE', #1339 ) ;
#2058 = EDGE_CURVE ( 'NONE', #1407, #813, #739, .T. ) ;
#2059 = CARTESIAN_POINT ( 'NONE',  ( 3.810000000000000941, 0.000000000000000000, 0.5499999999999993783 ) ) ;
#2060 = CYLINDRICAL_SURFACE ( 'NONE', #2478, 0.2050000000000007649 ) ;
#2061 = ORIENTED_EDGE ( 'NONE', *, *, #87, .T. ) ;
#2062 = EDGE_CURVE ( 'NONE', #1944, #2169, #1135, .T. ) ;
#2063 = EDGE_CURVE ( 'NONE', #508, #1944, #1963, .T. ) ;
#2064 = LINE ( 'NONE', #298, #1003 ) ;
#2065 = VECTOR ( 'NONE', #1836, 1000.000000000000000 ) ;
#2066 = ORIENTED_EDGE ( 'NONE', *, *, #2287, .F. ) ;
#2067 = VECTOR ( 'NONE', #176, 1000.000000000000000 ) ;
#2068 = DIRECTION ( 'NONE',  ( 0.000000000000000000, 0.000000000000000000, 1.000000000000000000 ) ) ;
#2069 = CYLINDRICAL_SURFACE ( 'NONE', #911, 0.2050000000000007649 ) ;
#2070 = ORIENTED_EDGE ( 'NONE', *, *, #798, .T. ) ;
#2071 = LINE ( 'NONE', #2501, #1289 ) ;
#2072 = PLANE ( 'NONE',  #1065 ) ;
#2073 = ORIENTED_EDGE ( 'NONE', *, *, #1983, .T. ) ;
#2074 = AXIS2_PLACEMENT_3D ( 'NONE', #767, #191, #1175 ) ;
#2075 = CARTESIAN_POINT ( 'NONE',  ( -2.859999999999999876, 2.350000000000000533, -0.3200000000000000622 ) ) ;
#2076 = CARTESIAN_POINT ( 'NONE',  ( 2.220000000000000639, 2.350000000000000533, -0.3200000000000005063 ) ) ;
#2077 = AXIS2_PLACEMENT_3D ( 'NONE', #2213, #1243, #1653 ) ;
#2078 = EDGE_CURVE ( 'NONE', #2426, #935, #828, .T. ) ;
#2079 = DIRECTION ( 'NONE',  ( -0.000000000000000000, -1.000000000000000000, -0.000000000000000000 ) ) ;
#2080 = CARTESIAN_POINT ( 'NONE',  ( -2.859999999999999876, 2.350000000000000533, -0.3200000000000000622 ) ) ;
#2081 = FACE_BOUND ( 'NONE', #1350, .T. ) ;
#2082 = EDGE_LOOP ( 'NONE', ( #2299, #659 ) ) ;
#2083 = ORIENTED_EDGE ( 'NONE', *, *, #1354, .F. ) ;
#2084 = FACE_OUTER_BOUND ( 'NONE', #521, .T. ) ;
#2085 = DIRECTION ( 'NONE',  ( 0.4186597375374292995, 0.000000000000000000, 0.9081431738250806962 ) ) ;
#2086 = ORIENTED_EDGE ( 'NONE', *, *, #1658, .F. ) ;
#2087 = LINE ( 'NONE', #2075, #632 ) ;
#2088 = DIRECTION ( 'NONE',  ( -1.000000000000000000, 0.000000000000000000, 1.694065894508600925E-16 ) ) ;
#2089 = EDGE_LOOP ( 'NONE', ( #795, #1201, #2548, #1710 ) ) ;
#2090 = UNCERTAINTY_MEASURE_WITH_UNIT (LENGTH_MEASURE( 1.000000000000000082E-05 ), #974, 'distance_accuracy_value', 'NONE');
#2091 = CARTESIAN_POINT ( 'NONE',  ( -1.879999999999999893, 2.550000000000000711, 0.5500000000000005995 ) ) ;
#2092 = FACE_OUTER_BOUND ( 'NONE', #390, .T. ) ;
#2093 = ORIENTED_EDGE ( 'NONE', *, *, #914, .F. ) ;
#2094 = ORIENTED_EDGE ( 'NONE', *, *, #1779, .T. ) ;
#2095 = EDGE_CURVE ( 'NONE', #196, #2399, #194, .T. ) ;
#2096 = DIRECTION ( 'NONE',  ( 0.000000000000000000, 0.000000000000000000, 1.000000000000000000 ) ) ;
#2097 = LINE ( 'NONE', #1500, #1889 ) ;
#2098 = ORIENTED_EDGE ( 'NONE', *, *, #2212, .F. ) ;
#2099 = PLANE ( 'NONE',  #2202 ) ;
#2100 = DIRECTION ( 'NONE',  ( 1.000000000000000000, 0.000000000000000000, -8.537024980200822558E-17 ) ) ;
#2101 = ORIENTED_EDGE ( 'NONE', *, *, #590, .F. ) ;
#2102 = ADVANCED_FACE ( 'NONE', ( #569 ), #166, .T. ) ;
#2103 = DIRECTION ( 'NONE',  ( -0.000000000000000000, -1.000000000000000000, -0.000000000000000000 ) ) ;
#2104 = AXIS2_PLACEMENT_3D ( 'NONE', #1148, #1936, #363 ) ;
#2105 = VECTOR ( 'NONE', #1145, 1000.000000000000114 ) ;
#2106 = CARTESIAN_POINT ( 'NONE',  ( 2.860000000000000764, 0.2000000000000000944, 0.3199999999999994515 ) ) ;
#2107 = EDGE_CURVE ( 'NONE', #1581, #177, #1569, .T. ) ;
#2108 = ORIENTED_EDGE ( 'NONE', *, *, #1441, .T. ) ;
#2109 = ORIENTED_EDGE ( 'NONE', *, *, #1061, .T. ) ;
#2110 = AXIS2_PLACEMENT_3D ( 'NONE', #1383, #1989, #230 ) ;
#2111 = CARTESIAN_POINT ( 'NONE',  ( 1.880000000000000560, 2.550000000000000711, -0.5500000000000004885 ) ) ;
#2112 = CARTESIAN_POINT ( 'NONE',  ( -3.199999999999999734, 2.550000000000000711, -0.5500000000000000444 ) ) ;
#2113 = VECTOR ( 'NONE', #326, 1000.000000000000000 ) ;
#2114 = ORIENTED_EDGE ( 'NONE', *, *, #108, .T. ) ;
#2115 = DIRECTION ( 'NONE',  ( 0.000000000000000000, 1.000000000000000000, 0.000000000000000000 ) ) ;
#2116 = CARTESIAN_POINT ( 'NONE',  ( -0.6599999999999995870, 2.350000000000000533, -0.5500000000000002665 ) ) ;
#2117 = ORIENTED_EDGE ( 'NONE', *, *, #383, .F. ) ;
#2118 = DIRECTION ( 'NONE',  ( 0.000000000000000000, 0.000000000000000000, -1.000000000000000000 ) ) ;
#2119 = LINE ( 'NONE', #1374, #1598 ) ;
#2120 = VERTEX_POINT ( 'NONE', #1784 ) ;
#2121 = ORIENTED_EDGE ( 'NONE', *, *, #469, .T. ) ;
#2122 = EDGE_CURVE ( 'NONE', #1702, #2339, #1377, .T. ) ;
#2123 = LINE ( 'NONE', #2337, #2361 ) ;
#2124 = DIRECTION ( 'NONE',  ( 0.000000000000000000, 1.000000000000000000, 0.000000000000000000 ) ) ;
#2125 = VERTEX_POINT ( 'NONE', #1974 ) ;
#2126 = DIRECTION ( 'NONE',  ( -1.694065894508600925E-16, 0.000000000000000000, -1.000000000000000000 ) ) ;
#2127 = ADVANCED_FACE ( 'NONE', ( #1748 ), #2324, .T. ) ;
#2128 = PLANE ( 'NONE',  #426 ) ;
#2129 = ADVANCED_BREP_SHAPE_REPRESENTATION ( '', ( #472, #2480 ), #2278 ) ;
#2130 = ORIENTED_EDGE ( 'NONE', *, *, #914, .T. ) ;
#2131 = EDGE_CURVE ( 'NONE', #535, #1107, #787, .T. ) ;
#2132 = DIRECTION ( 'NONE',  ( -0.000000000000000000, -1.000000000000000000, -0.000000000000000000 ) ) ;
#2133 = CARTESIAN_POINT ( 'NONE',  ( -2.705000000000000515, -2.410000000000000586, 0.1650000000000007017 ) ) ;
#2134 = EDGE_LOOP ( 'NONE', ( #524, #1555, #1689, #656 ) ) ;
#2135 = DIRECTION ( 'NONE',  ( -1.000000000000000000, 0.000000000000000000, 8.470329472543004623E-17 ) ) ;
#2136 = CARTESIAN_POINT ( 'NONE',  ( 0.3200000000000003952, 2.350000000000000533, -0.3200000000000003397 ) ) ;
#2137 = ORIENTED_EDGE ( 'NONE', *, *, #805, .F. ) ;
#2138 = EDGE_CURVE ( 'NONE', #2437, #2307, #864, .T. ) ;
#2139 = ORIENTED_EDGE ( 'NONE', *, *, #37, .T. ) ;
#2140 = CARTESIAN_POINT ( 'NONE',  ( 0.6600000000000002531, 2.550000000000000711, 0.5500000000000003775 ) ) ;
#2141 = LINE ( 'NONE', #608, #1648 ) ;
#2142 = VERTEX_POINT ( 'NONE', #1348 ) ;
#2143 = ADVANCED_FACE ( 'NONE', ( #387 ), #997, .T. ) ;
#2144 = ADVANCED_FACE ( 'NONE', ( #2150 ), #2, .F. ) ;
#2145 = FACE_OUTER_BOUND ( 'NONE', #1060, .T. ) ;
#2146 = CIRCLE ( 'NONE', #1846, 0.2050000000000007649 ) ;
#2147 = VERTEX_POINT ( 'NONE', #270 ) ;
#2148 =( GEOMETRIC_REPRESENTATION_CONTEXT ( 3 ) GLOBAL_UNCERTAINTY_ASSIGNED_CONTEXT ( ( #723 ) ) GLOBAL_UNIT_ASSIGNED_CONTEXT ( ( #1451, #2052, #489 ) ) REPRESENTATION_CONTEXT ( 'NONE', 'WORKASPACE' ) );
#2149 = CARTESIAN_POINT ( 'NONE',  ( -1.879999999999999893, 0.2000000000000000944, 0.3449999999999998068 ) ) ;
#2150 = FACE_OUTER_BOUND ( 'NONE', #1705, .T. ) ;
#2151 = SURFACE_SIDE_STYLE ('',( #1349 ) ) ;
#2152 = AXIS2_PLACEMENT_3D ( 'NONE', #1962, #1549, #1147 ) ;
#2153 = EDGE_LOOP ( 'NONE', ( #1985, #1228, #804, #759 ) ) ;
#2154 = EDGE_LOOP ( 'NONE', ( #1423, #142, #1132, #980 ) ) ;
#2155 = FACE_OUTER_BOUND ( 'NONE', #2455, .T. ) ;
#2156 = DIRECTION ( 'NONE',  ( 0.000000000000000000, 1.000000000000000000, 0.000000000000000000 ) ) ;
#2157 = ORIENTED_EDGE ( 'NONE', *, *, #621, .F. ) ;
#2158 = EDGE_CURVE ( 'NONE', #2147, #1857, #2398, .T. ) ;
#2159 = AXIS2_PLACEMENT_3D ( 'NONE', #1080, #1866, #342 ) ;
#2160 = ADVANCED_FACE ( 'NONE', ( #625 ), #2205, .T. ) ;
#2161 = CARTESIAN_POINT ( 'NONE',  ( -0.6599999999999995870, 2.550000000000000711, -0.3449999999999994738 ) ) ;
#2162 = AXIS2_PLACEMENT_3D ( 'NONE', #1645, #695, #1248 ) ;
#2163 = CARTESIAN_POINT ( 'NONE',  ( -0.6599999999999995870, 2.550000000000000711, -0.3449999999999994738 ) ) ;
#2164 = VECTOR ( 'NONE', #1269, 1000.000000000000000 ) ;
#2165 = CARTESIAN_POINT ( 'NONE',  ( 3.200000000000000622, 2.350000000000000533, 0.7550000000000008926 ) ) ;
#2166 = DIRECTION ( 'NONE',  ( 0.000000000000000000, 0.000000000000000000, 1.000000000000000000 ) ) ;
#2167 = ORIENTED_EDGE ( 'NONE', *, *, #927, .T. ) ;
#2168 = VECTOR ( 'NONE', #308, 1000.000000000000000 ) ;
#2169 = VERTEX_POINT ( 'NONE', #1622 ) ;
#2170 = PLANE ( 'NONE',  #873 ) ;
#2171 = ORIENTED_EDGE ( 'NONE', *, *, #2522, .F. ) ;
#2172 = ORIENTED_EDGE ( 'NONE', *, *, #2138, .F. ) ;
#2173 = EDGE_CURVE ( 'NONE', #1719, #1435, #2314, .T. ) ;
#2174 = MANIFOLD_SOLID_BREP ( 'LPattern2', #642 ) ;
#2175 = CARTESIAN_POINT ( 'NONE',  ( 3.810000000000000497, 2.350000000000000533, -1.205000000000000293 ) ) ;
#2176 = DIRECTION ( 'NONE',  ( 0.3236155771181794538, 0.8891264907159920350, 0.3236155771181794538 ) ) ;
#2177 = ADVANCED_FACE ( 'NONE', ( #2388 ), #822, .F. ) ;
#2178 = CYLINDRICAL_SURFACE ( 'NONE', #789, 0.2050000000000007649 ) ;
#2179 = DIRECTION ( 'NONE',  ( -7.959506100974076669E-17, -0.3420201433256626622, -0.9396926207859106484 ) ) ;
#2180 = EDGE_LOOP ( 'NONE', ( #2282, #1734, #959, #1773 ) ) ;
#2181 = LINE ( 'NONE', #183, #669 ) ;
#2182 = AXIS2_PLACEMENT_3D ( 'NONE', #1770, #559, #13 ) ;
#2183 = VERTEX_POINT ( 'NONE', #1034 ) ;
#2184 = ORIENTED_EDGE ( 'NONE', *, *, #590, .T. ) ;
#2185 = EDGE_CURVE ( 'NONE', #525, #1559, #1682, .T. ) ;
#2186 = FACE_BOUND ( 'NONE', #2082, .T. ) ;
#2187 = CARTESIAN_POINT ( 'NONE',  ( -2.219999999999999751, 7.964140999984525848, -0.3199999999999999512 ) ) ;
#2188 = AXIS2_PLACEMENT_3D ( 'NONE', #1241, #477, #1253 ) ;
#2189 = DIRECTION ( 'NONE',  ( 1.000000000000000000, 0.000000000000000000, -8.537024980200822558E-17 ) ) ;
#2190 = DIRECTION ( 'NONE',  ( 1.000000000000000000, 0.000000000000000000, 0.000000000000000000 ) ) ;
#2191 = ORIENTED_EDGE ( 'NONE', *, *, #816, .T. ) ;
#2192 = VECTOR ( 'NONE', #1878, 1000.000000000000000 ) ;
#2193 = CARTESIAN_POINT ( 'NONE',  ( -3.809999999999999165, 2.350000000000000533, 1.205000000000000515 ) ) ;
#2194 = CARTESIAN_POINT ( 'NONE',  ( -2.859999999999999876, 8.390000000000000568, -0.3200000000000000622 ) ) ;
#2195 = ORIENTED_EDGE ( 'NONE', *, *, #396, .T. ) ;
#2196 = VECTOR ( 'NONE', #269, 1000.000000000000000 ) ;
#2197 = DIRECTION ( 'NONE',  ( 0.000000000000000000, 0.000000000000000000, -1.000000000000000000 ) ) ;
#2198 = VECTOR ( 'NONE', #598, 1000.000000000000000 ) ;
#2199 = VERTEX_POINT ( 'NONE', #1020 ) ;
#2200 = LINE ( 'NONE', #2027, #1232 ) ;
#2201 = PRODUCT ( 'pin^68000 Tin', 'pin^68000 Tin', '', ( #1422 ) ) ;
#2202 = AXIS2_PLACEMENT_3D ( 'NONE', #114, #104, #1902 ) ;
#2203 = CARTESIAN_POINT ( 'NONE',  ( 0.6600000000000002531, 2.550000000000000711, 0.5500000000000003775 ) ) ;
#2204 = CARTESIAN_POINT ( 'NONE',  ( 2.860000000000000764, 2.350000000000000533, -0.3200000000000005618 ) ) ;
#2205 = PLANE ( 'NONE',  #2235 ) ;
#2206 = VERTEX_POINT ( 'NONE', #1580 ) ;
#2207 = VECTOR ( 'NONE', #1064, 1000.000000000000000 ) ;
#2208 = CARTESIAN_POINT ( 'NONE',  ( -3.199999999999999734, 2.350000000000000533, -0.5500000000000000444 ) ) ;
#2209 = LINE ( 'NONE', #2246, #1680 ) ;
#2210 = VECTOR ( 'NONE', #2054, 1000.000000000000000 ) ;
#2211 = ORIENTED_EDGE ( 'NONE', *, *, #786, .F. ) ;
#2212 = EDGE_CURVE ( 'NONE', #374, #1581, #651, .T. ) ;
#2213 = CARTESIAN_POINT ( 'NONE',  ( -2.705000000000000515, -2.410000000000000586, -0.3199999999999996736 ) ) ;
#2214 = EDGE_LOOP ( 'NONE', ( #2098, #468, #977, #139 ) ) ;
#2215 =( REPRESENTATION_RELATIONSHIP ('NONE','NONE', #2033, #1220 ) REPRESENTATION_RELATIONSHIP_WITH_TRANSFORMATION ( #1214 )SHAPE_REPRESENTATION_RELATIONSHIP( ) );
#2216 = DIRECTION ( 'NONE',  ( -0.000000000000000000, -1.000000000000000000, -0.000000000000000000 ) ) ;
#2217 = DIRECTION ( 'NONE',  ( 0.4186597375374293550, 0.000000000000000000, -0.9081431738250806962 ) ) ;
#2218 = DIRECTION ( 'NONE',  ( 0.000000000000000000, 0.000000000000000000, -1.000000000000000000 ) ) ;
#2219 = ORIENTED_EDGE ( 'NONE', *, *, #1358, .F. ) ;
#2220 = CARTESIAN_POINT ( 'NONE',  ( -0.8382878701496554452, 0.2000000000000000944, -0.3864560014468201854 ) ) ;
#2221 = PLANE ( 'NONE',  #128 ) ;
#2222 = EDGE_CURVE ( 'NONE', #1140, #1729, #174, .T. ) ;
#2223 = VERTEX_POINT ( 'NONE', #1634 ) ;
#2224 = CARTESIAN_POINT ( 'NONE',  ( -0.6599999999999995870, 2.550000000000000711, -0.5500000000000002665 ) ) ;
#2225 = CARTESIAN_POINT ( 'NONE',  ( 1.880000000000000560, 2.350000000000000533, -0.5500000000000004885 ) ) ;
#2226 = ORIENTED_EDGE ( 'NONE', *, *, #2488, .T. ) ;
#2227 = ADVANCED_FACE ( 'NONE', ( #2243 ), #1250, .F. ) ;
#2228 = PLANE ( 'NONE',  #1862 ) ;
#2229 = DIRECTION ( 'NONE',  ( 0.000000000000000000, 1.000000000000000000, 0.000000000000000000 ) ) ;
#2230 = CARTESIAN_POINT ( 'NONE',  ( -3.508040864050105068, 2.350000000000000533, 1.205000000000000515 ) ) ;
#2231 = APPLICATION_PROTOCOL_DEFINITION ( 'draft international standard', 'automotive_design', 1998, #1144 ) ;
#2232 = ORIENTED_EDGE ( 'NONE', *, *, #2078, .T. ) ;
#2233 = CARTESIAN_POINT ( 'NONE',  ( 1.270000000000001128, 0.000000000000000000, 0.5499999999999998224 ) ) ;
#2234 = ORIENTED_EDGE ( 'NONE', *, *, #1875, .F. ) ;
#2235 = AXIS2_PLACEMENT_3D ( 'NONE', #1796, #1213, #1990 ) ;
#2236 = DIRECTION ( 'NONE',  ( -1.000000000000000000, 0.000000000000000000, 1.694065894508600925E-16 ) ) ;
#2237 = VECTOR ( 'NONE', #1647, 1000.000000000000114 ) ;
#2238 = VECTOR ( 'NONE', #2359, 1000.000000000000000 ) ;
#2239 = CIRCLE ( 'NONE', #2483, 0.2050000000000007649 ) ;
#2240 = CARTESIAN_POINT ( 'NONE',  ( -2.219999999999998419, -1.984140999984526310, 0.3199999999999995071 ) ) ;
#2241 = ADVANCED_FACE ( 'NONE', ( #422 ), #638, .T. ) ;
#2242 = DIRECTION ( 'NONE',  ( 0.000000000000000000, 0.000000000000000000, 1.000000000000000000 ) ) ;
#2243 = FACE_OUTER_BOUND ( 'NONE', #1027, .T. ) ;
#2244 = ORIENTED_EDGE ( 'NONE', *, *, #798, .F. ) ;
#2245 = AXIS2_PLACEMENT_3D ( 'NONE', #1533, #1104, #1888 ) ;
#2246 = CARTESIAN_POINT ( 'NONE',  ( 2.860000000000000764, 0.2000000000000000944, -4.336808689942017736E-16 ) ) ;
#2247 = ORIENTED_EDGE ( 'NONE', *, *, #2407, .T. ) ;
#2248 = DIRECTION ( 'NONE',  ( 0.000000000000000000, 0.000000000000000000, -1.000000000000000000 ) ) ;
#2249 = ORIENTED_EDGE ( 'NONE', *, *, #227, .T. ) ;
#2250 = AXIS2_PLACEMENT_3D ( 'NONE', #2036, #1217, #2401 ) ;
#2251 = EDGE_CURVE ( 'NONE', #905, #2125, #1819, .T. ) ;
#2252 = CARTESIAN_POINT ( 'NONE',  ( -1.269999999999998908, 2.350000000000000533, 0.5500000000000002665 ) ) ;
#2253 = DIRECTION ( 'NONE',  ( -0.000000000000000000, -1.000000000000000000, -0.000000000000000000 ) ) ;
#2254 = DIRECTION ( 'NONE',  ( 0.000000000000000000, 0.000000000000000000, 1.000000000000000000 ) ) ;
#2255 = EDGE_CURVE ( 'NONE', #1761, #1262, #725, .T. ) ;
#2256 = ORIENTED_EDGE ( 'NONE', *, *, #2251, .T. ) ;
#2257 = ADVANCED_FACE ( 'NONE', ( #531 ), #2069, .T. ) ;
#2258 = CARTESIAN_POINT ( 'NONE',  ( -2.374999999999998668, -2.410000000000000586, -0.1650000000000013956 ) ) ;
#2259 = DIRECTION ( 'NONE',  ( -1.000000000000000000, 0.000000000000000000, -0.000000000000000000 ) ) ;
#2260 = VERTEX_POINT ( 'NONE', #2281 ) ;
#2261 = ADVANCED_FACE ( 'NONE', ( #1068 ), #1852, .F. ) ;
#2262 = CARTESIAN_POINT ( 'NONE',  ( 1.270000000000001128, 2.350000000000000533, -0.5500000000000009326 ) ) ;
#2263 = SURFACE_SIDE_STYLE ('',( #2039 ) ) ;
#2264 = ORIENTED_EDGE ( 'NONE', *, *, #1620, .T. ) ;
#2265 = CYLINDRICAL_SURFACE ( 'NONE', #1166, 0.2050000000000007649 ) ;
#2266 = EDGE_CURVE ( 'NONE', #2286, #324, #481, .T. ) ;
#2267 = FACE_BOUND ( 'NONE', #1121, .T. ) ;
#2268 = EDGE_LOOP ( 'NONE', ( #1025, #1887, #2525, #234 ) ) ;
#2269 = DIRECTION ( 'NONE',  ( -0.000000000000000000, -1.000000000000000000, -0.000000000000000000 ) ) ;
#2270 = DIRECTION ( 'NONE',  ( -0.000000000000000000, 0.000000000000000000, 1.000000000000000000 ) ) ;
#2271 = ORIENTED_EDGE ( 'NONE', *, *, #1284, .T. ) ;
#2272 = LINE ( 'NONE', #126, #1741 ) ;
#2273 = EDGE_CURVE ( 'NONE', #1684, #478, #2056, .T. ) ;
#2274 = DIRECTION ( 'NONE',  ( 0.9396926207859106484, -0.3420201433256626622, 0.000000000000000000 ) ) ;
#2275 = AXIS2_PLACEMENT_3D ( 'NONE', #1733, #2179, #1550 ) ;
#2276 = ORIENTED_EDGE ( 'NONE', *, *, #808, .T. ) ;
#2277 = VECTOR ( 'NONE', #1742, 1000.000000000000000 ) ;
#2278 =( GEOMETRIC_REPRESENTATION_CONTEXT ( 3 ) GLOBAL_UNCERTAINTY_ASSIGNED_CONTEXT ( ( #2090 ) ) GLOBAL_UNIT_ASSIGNED_CONTEXT ( ( #974, #1492, #1772 ) ) REPRESENTATION_CONTEXT ( 'NONE', 'WORKASPACE' ) );
#2279 = DIRECTION ( 'NONE',  ( 8.470329472543004623E-17, 0.000000000000000000, 1.000000000000000000 ) ) ;
#2280 = DIRECTION ( 'NONE',  ( 0.9396926207859106484, 0.3420201433256626622, 0.000000000000000000 ) ) ;
#2281 = CARTESIAN_POINT ( 'NONE',  ( -0.3199999999999995626, 2.350000000000000533, 0.3199999999999997291 ) ) ;
#2282 = ORIENTED_EDGE ( 'NONE', *, *, #1103, .T. ) ;
#2283 = ORIENTED_EDGE ( 'NONE', *, *, #2354, .F. ) ;
#2284 = PLANE ( 'NONE',  #29 ) ;
#2285 = DIRECTION ( 'NONE',  ( 0.000000000000000000, -1.000000000000000000, 0.000000000000000000 ) ) ;
#2286 = VERTEX_POINT ( 'NONE', #2306 ) ;
#2287 = EDGE_CURVE ( 'NONE', #734, #782, #82, .T. ) ;
#2288 = CARTESIAN_POINT ( 'NONE',  ( 1.880000000000000560, 0.000000000000000000, -0.3449999999999996958 ) ) ;
#2289 = CARTESIAN_POINT ( 'NONE',  ( 0.6600000000000002531, 2.550000000000000711, 0.7550000000000011147 ) ) ;
#2290 = ORIENTED_EDGE ( 'NONE', *, *, #378, .T. ) ;
#2291 = CARTESIAN_POINT ( 'NONE',  ( 2.220000000000000639, 0.2000000000000000944, -0.3200000000000005063 ) ) ;
#2292 = EDGE_CURVE ( 'NONE', #2183, #478, #2485, .T. ) ;
#2293 = CARTESIAN_POINT ( 'NONE',  ( -0.3199999999999995626, 2.350000000000000533, 0.3199999999999997291 ) ) ;
#2294 = FACE_BOUND ( 'NONE', #1316, .T. ) ;
#2295 = ORIENTED_EDGE ( 'NONE', *, *, #1284, .F. ) ;
#2296 = ORIENTED_EDGE ( 'NONE', *, *, #1016, .F. ) ;
#2297 = CARTESIAN_POINT ( 'NONE',  ( -0.6599999999999995870, 0.2000000000000000944, -0.3449999999999994738 ) ) ;
#2298 = DIRECTION ( 'NONE',  ( 0.000000000000000000, 0.000000000000000000, 1.000000000000000000 ) ) ;
#2299 = ORIENTED_EDGE ( 'NONE', *, *, #1458, .T. ) ;
#2300 = CARTESIAN_POINT ( 'NONE',  ( -0.3199999999999995626, 2.350000000000000533, -0.3200000000000002842 ) ) ;
#2301 = EDGE_CURVE ( 'NONE', #1801, #2223, #1393, .T. ) ;
#2302 = CARTESIAN_POINT ( 'NONE',  ( -2.705000000000000515, -2.410000000000000586, -0.3199999999999996736 ) ) ;
#2303 = CARTESIAN_POINT ( 'NONE',  ( 0.000000000000000000, 0.000000000000000000, 0.000000000000000000 ) ) ;
#2304 = UNCERTAINTY_MEASURE_WITH_UNIT (LENGTH_MEASURE( 1.000000000000000082E-05 ), #1340, 'distance_accuracy_value', 'NONE');
#2305 = CARTESIAN_POINT ( 'NONE',  ( 2.220000000000000639, 2.350000000000000533, -0.3200000000000005063 ) ) ;
#2306 = CARTESIAN_POINT ( 'NONE',  ( -3.809999999999999165, 2.350000000000000533, -0.5500000000000000444 ) ) ;
#2307 = VERTEX_POINT ( 'NONE', #1467 ) ;
#2308 = CARTESIAN_POINT ( 'NONE',  ( -2.219999999999999751, 2.350000000000000533, 0.3199999999999998401 ) ) ;
#2309 = DIRECTION ( 'NONE',  ( -0.4186597375374292440, -0.000000000000000000, -0.9081431738250808072 ) ) ;
#2310 = ORIENTED_EDGE ( 'NONE', *, *, #2266, .T. ) ;
#2311 = DIRECTION ( 'NONE',  ( 0.000000000000000000, 0.000000000000000000, 1.000000000000000000 ) ) ;
#2312 = FACE_OUTER_BOUND ( 'NONE', #2379, .T. ) ;
#2313 = ORIENTED_EDGE ( 'NONE', *, *, #927, .F. ) ;
#2314 = CIRCLE ( 'NONE', #1932, 0.2050000000000007649 ) ;
#2315 = CYLINDRICAL_SURFACE ( 'NONE', #1906, 0.2050000000000007649 ) ;
#2316 = VECTOR ( 'NONE', #2309, 1000.000000000000000 ) ;
#2317 = VECTOR ( 'NONE', #1093, 1000.000000000000000 ) ;
#2318 = CARTESIAN_POINT ( 'NONE',  ( -1.879999999999999893, 2.550000000000000711, 0.5500000000000005995 ) ) ;
#2319 = ORIENTED_EDGE ( 'NONE', *, *, #2131, .F. ) ;
#2320 = ORIENTED_EDGE ( 'NONE', *, *, #344, .F. ) ;
#2321 = VECTOR ( 'NONE', #2004, 1000.000000000000000 ) ;
#2322 = EDGE_CURVE ( 'NONE', #2003, #307, #2460, .T. ) ;
#2323 = CARTESIAN_POINT ( 'NONE',  ( -3.199999999999999734, 2.350000000000000533, -0.5500000000000000444 ) ) ;
#2324 = PLANE ( 'NONE',  #2275 ) ;
#2325 = CIRCLE ( 'NONE', #1199, 0.2050000000000007649 ) ;
#2326 = EDGE_LOOP ( 'NONE', ( #2219, #1390, #1739, #2353 ) ) ;
#2327 = ADVANCED_FACE ( 'NONE', ( #2092 ), #1660, .T. ) ;
#2328 = ORIENTED_EDGE ( 'NONE', *, *, #1553, .F. ) ;
#2329 = DIRECTION ( 'NONE',  ( 0.000000000000000000, 0.000000000000000000, 1.000000000000000000 ) ) ;
#2330 = DIRECTION ( 'NONE',  ( 0.000000000000000000, 1.000000000000000000, 0.000000000000000000 ) ) ;
#2331 =( GEOMETRIC_REPRESENTATION_CONTEXT ( 3 ) GLOBAL_UNCERTAINTY_ASSIGNED_CONTEXT ( ( #339 ) ) GLOBAL_UNIT_ASSIGNED_CONTEXT ( ( #1426, #252, #1613 ) ) REPRESENTATION_CONTEXT ( 'NONE', 'WORKASPACE' ) );
#2332 = ORIENTED_EDGE ( 'NONE', *, *, #530, .T. ) ;
#2333 = VECTOR ( 'NONE', #2176, 1000.000000000000114 ) ;
#2334 = CARTESIAN_POINT ( 'NONE',  ( 3.200000000000000622, 2.550000000000000711, 0.3449999999999993627 ) ) ;
#2335 = VECTOR ( 'NONE', #672, 1000.000000000000000 ) ;
#2336 = CARTESIAN_POINT ( 'NONE',  ( -2.374999999999999556, 8.390000000000000568, 0.3199999999999995071 ) ) ;
#2337 = CARTESIAN_POINT ( 'NONE',  ( 3.810000000000000497, 2.350000000000000533, -1.205000000000000293 ) ) ;
#2338 = CARTESIAN_POINT ( 'NONE',  ( -0.6599999999999995870, 0.2000000000000000944, -0.5500000000000002665 ) ) ;
#2339 = VERTEX_POINT ( 'NONE', #2106 ) ;
#2340 = ORIENTED_EDGE ( 'NONE', *, *, #1691, .T. ) ;
#2341 = CARTESIAN_POINT ( 'NONE',  ( -0.6599999999999995870, 2.350000000000000533, -0.7550000000000010036 ) ) ;
#2342 = CARTESIAN_POINT ( 'NONE',  ( 0.6600000000000002531, 2.350000000000000533, 0.5500000000000003775 ) ) ;
#2343 = ORIENTED_EDGE ( 'NONE', *, *, #1788, .T. ) ;
#2344 = CARTESIAN_POINT ( 'NONE',  ( -3.508040864050104624, 0.2000000000000000944, -1.205000000000000293 ) ) ;
#2345 = ADVANCED_FACE ( 'NONE', ( #903, #2294, #687, #2081, #137, #319, #1454, #1444, #492, #2267 ), #1272, .F. ) ;
#2346 = AXIS2_PLACEMENT_3D ( 'NONE', #1638, #2436, #857 ) ;
#2347 = CARTESIAN_POINT ( 'NONE',  ( -1.879999999999999893, 2.550000000000000711, 0.3449999999999998068 ) ) ;
#2348 = DIRECTION ( 'NONE',  ( 0.000000000000000000, 0.000000000000000000, -1.000000000000000000 ) ) ;
#2349 = ORIENTED_EDGE ( 'NONE', *, *, #2301, .T. ) ;
#2350 = EDGE_LOOP ( 'NONE', ( #1182, #368, #2086, #1208 ) ) ;
#2351 = DIRECTION ( 'NONE',  ( -0.000000000000000000, -1.000000000000000000, -0.000000000000000000 ) ) ;
#2352 = DIRECTION ( 'NONE',  ( 0.000000000000000000, 0.000000000000000000, 1.000000000000000000 ) ) ;
#2353 = ORIENTED_EDGE ( 'NONE', *, *, #17, .F. ) ;
#2354 = EDGE_CURVE ( 'NONE', #1497, #691, #920, .T. ) ;
#2355 = LINE ( 'NONE', #1909, #2067 ) ;
#2356 = AXIS2_PLACEMENT_3D ( 'NONE', #2544, #2124, #757 ) ;
#2357 = CARTESIAN_POINT ( 'NONE',  ( -2.219999999999999751, 0.2000000000000000944, -0.3200000000000001177 ) ) ;
#2358 = VECTOR ( 'NONE', #1602, 1000.000000000000000 ) ;
#2359 = DIRECTION ( 'NONE',  ( -1.000000000000000000, 0.000000000000000000, 1.694065894508600925E-16 ) ) ;
#2360 = CARTESIAN_POINT ( 'NONE',  ( -2.219999999999999751, 8.390000000000000568, -0.3200000000000001177 ) ) ;
#2361 = VECTOR ( 'NONE', #768, 1000.000000000000000 ) ;
#2362 = ORIENTED_EDGE ( 'NONE', *, *, #753, .F. ) ;
#2363 = ORIENTED_EDGE ( 'NONE', *, *, #2370, .F. ) ;
#2364 = VECTOR ( 'NONE', #887, 1000.000000000000000 ) ;
#2365 = CARTESIAN_POINT ( 'NONE',  ( 1.571959135949895892, 0.2000000000000000944, -1.205000000000001181 ) ) ;
#2366 = DIRECTION ( 'NONE',  ( -0.000000000000000000, -1.000000000000000000, -0.000000000000000000 ) ) ;
#2367 = EDGE_CURVE ( 'NONE', #617, #1052, #1670, .T. ) ;
#2368 = EDGE_LOOP ( 'NONE', ( #151, #596, #834, #1022 ) ) ;
#2369 = ORIENTED_EDGE ( 'NONE', *, *, #240, .T. ) ;
#2370 = EDGE_CURVE ( 'NONE', #237, #939, #120, .T. ) ;
#2371 = AXIS2_PLACEMENT_3D ( 'NONE', #90, #1826, #2197 ) ;
#2372 = AXIS2_PLACEMENT_3D ( 'NONE', #1566, #2002, #433 ) ;
#2373 = CARTESIAN_POINT ( 'NONE',  ( -1.879999999999999893, 0.000000000000000000, 0.5500000000000005995 ) ) ;
#2374 = VECTOR ( 'NONE', #1769, 1000.000000000000000 ) ;
#2375 = CARTESIAN_POINT ( 'NONE',  ( 1.880000000000000560, 2.350000000000000533, -0.7550000000000012257 ) ) ;
#2376 = CARTESIAN_POINT ( 'NONE',  ( 1.270000000000001128, 0.000000000000000000, -0.5500000000000009326 ) ) ;
#2377 = CIRCLE ( 'NONE', #635, 0.2050000000000007649 ) ;
#2378 = DIRECTION ( 'NONE',  ( -0.4186597375374292440, 0.000000000000000000, -0.9081431738250808072 ) ) ;
#2379 = EDGE_LOOP ( 'NONE', ( #452, #1584 ) ) ;
#2380 = AXIS2_PLACEMENT_3D ( 'NONE', #1686, #1314, #1096 ) ;
#2381 = DIRECTION ( 'NONE',  ( 0.4186597375374293550, -0.000000000000000000, 0.9081431738250806962 ) ) ;
#2382 = DIRECTION ( 'NONE',  ( 0.000000000000000000, 0.000000000000000000, 1.000000000000000000 ) ) ;
#2383 = VERTEX_POINT ( 'NONE', #519 ) ;
#2384 = EDGE_CURVE ( 'NONE', #617, #2260, #581, .T. ) ;
#2385 = ADVANCED_FACE ( 'NONE', ( #2145 ), #871, .F. ) ;
#2386 = FACE_OUTER_BOUND ( 'NONE', #2461, .T. ) ;
#2387 = CARTESIAN_POINT ( 'NONE',  ( -2.859999999999999876, 0.2000000000000000944, -0.3200000000000000622 ) ) ;
#2388 = FACE_OUTER_BOUND ( 'NONE', #2214, .T. ) ;
#2389 = ORIENTED_EDGE ( 'NONE', *, *, #2222, .T. ) ;
#2390 = DIRECTION ( 'NONE',  ( 1.000000000000000000, 0.000000000000000000, -8.537024980200822558E-17 ) ) ;
#2391 = CARTESIAN_POINT ( 'NONE',  ( 3.810000000000000941, 2.350000000000000533, 0.5499999999999993783 ) ) ;
#2392 = VERTEX_POINT ( 'NONE', #1714 ) ;
#2393 = VERTEX_POINT ( 'NONE', #2133 ) ;
#2394 = ADVANCED_FACE ( 'NONE', ( #1565 ), #1754, .F. ) ;
#2395 = LINE ( 'NONE', #623, #755 ) ;
#2396 = DIRECTION ( 'NONE',  ( 0.000000000000000000, 0.000000000000000000, 1.000000000000000000 ) ) ;
#2397 = AXIS2_PLACEMENT_3D ( 'NONE', #2338, #585, #985 ) ;
#2398 = LINE ( 'NONE', #1055, #1231 ) ;
#2399 = VERTEX_POINT ( 'NONE', #2344 ) ;
#2400 = EDGE_CURVE ( 'NONE', #2307, #694, #2355, .T. ) ;
#2401 = DIRECTION ( 'NONE',  ( 0.4186597375374292995, 0.000000000000000000, -0.9081431738250806962 ) ) ;
#2402 = ORIENTED_EDGE ( 'NONE', *, *, #646, .T. ) ;
#2403 = AXIS2_PLACEMENT_3D ( 'NONE', #2111, #1913, #2513 ) ;
#2404 = ORIENTED_EDGE ( 'NONE', *, *, #2322, .T. ) ;
#2405 = AXIS2_PLACEMENT_3D ( 'NONE', #940, #1690, #1278 ) ;
#2406 = CARTESIAN_POINT ( 'NONE',  ( 2.860000000000000764, 2.350000000000000533, -0.3200000000000005618 ) ) ;
#2407 = EDGE_CURVE ( 'NONE', #1215, #1791, #10, .T. ) ;
#2408 = VECTOR ( 'NONE', #242, 1000.000000000000000 ) ;
#2409 = CARTESIAN_POINT ( 'NONE',  ( 2.860000000000000764, 2.350000000000000533, 0.3199999999999994515 ) ) ;
#2410 = CARTESIAN_POINT ( 'NONE',  ( 3.810000000000000497, 2.350000000000000533, -1.205000000000000293 ) ) ;
#2411 = ORIENTED_EDGE ( 'NONE', *, *, #1470, .F. ) ;
#2412 = EDGE_CURVE ( 'NONE', #2045, #942, #766, .T. ) ;
#2413 = AXIS2_PLACEMENT_3D ( 'NONE', #607, #2516, #2329 ) ;
#2414 = CARTESIAN_POINT ( 'NONE',  ( -2.721232691471796361, 8.345401046724262528, 0.1812326914717968807 ) ) ;
#2415 = LINE ( 'NONE', #1059, #1391 ) ;
#2416 = STYLED_ITEM ( 'NONE', ( #1628 ), #472 ) ;
#2417 = ORIENTED_EDGE ( 'NONE', *, *, #1721, .T. ) ;
#2418 = FACE_OUTER_BOUND ( 'NONE', #1069, .T. ) ;
#2419 = CARTESIAN_POINT ( 'NONE',  ( 1.571959135949895892, 2.350000000000000533, 1.205000000000000293 ) ) ;
#2420 = VECTOR ( 'NONE', #170, 1000.000000000000227 ) ;
#2421 = ORIENTED_EDGE ( 'NONE', *, *, #1620, .F. ) ;
#2422 = LINE ( 'NONE', #471, #2335 ) ;
#2423 = FACE_OUTER_BOUND ( 'NONE', #1552, .T. ) ;
#2424 = CARTESIAN_POINT ( 'NONE',  ( -1.879999999999999893, 0.000000000000000000, 0.5500000000000005995 ) ) ;
#2425 =( NAMED_UNIT ( * ) SI_UNIT ( $, .STERADIAN. ) SOLID_ANGLE_UNIT ( ) );
#2426 = VERTEX_POINT ( 'NONE', #398 ) ;
#2427 = CARTESIAN_POINT ( 'NONE',  ( 0.6600000000000002531, 2.350000000000000533, 0.3449999999999995848 ) ) ;
#2428 = ORIENTED_EDGE ( 'NONE', *, *, #2024, .T. ) ;
#2429 = EDGE_CURVE ( 'NONE', #1052, #2169, #2119, .T. ) ;
#2430 = DIRECTION ( 'NONE',  ( -0.000000000000000000, -1.000000000000000000, -0.000000000000000000 ) ) ;
#2431 = LINE ( 'NONE', #1421, #462 ) ;
#2432 = FILL_AREA_STYLE_COLOUR ( '', #1195 ) ;
#2433 = APPLICATION_PROTOCOL_DEFINITION ( 'draft international standard', 'automotive_design', 1998, #1478 ) ;
#2434 = ORIENTED_EDGE ( 'NONE', *, *, #1103, .F. ) ;
#2435 = LINE ( 'NONE', #1625, #928 ) ;
#2436 = DIRECTION ( 'NONE',  ( -0.9081431738250808072, 0.000000000000000000, -0.4186597375374292440 ) ) ;
#2437 = VERTEX_POINT ( 'NONE', #2161 ) ;
#2438 = VECTOR ( 'NONE', #1265, 1000.000000000000000 ) ;
#2439 = SURFACE_SIDE_STYLE ('',( #1999 ) ) ;
#2440 = EDGE_CURVE ( 'NONE', #1435, #1719, #1644, .T. ) ;
#2441 = AXIS2_PLACEMENT_3D ( 'NONE', #2303, #15, #2190 ) ;
#2442 = AXIS2_PLACEMENT_3D ( 'NONE', #1367, #797, #1000 ) ;
#2443 = ADVANCED_FACE ( 'NONE', ( #1174 ), #1346, .T. ) ;
#2444 = DIRECTION ( 'NONE',  ( -0.9081431738250808072, 0.000000000000000000, -0.4186597375374292440 ) ) ;
#2445 = PLANE ( 'NONE',  #833 ) ;
#2446 = DIRECTION ( 'NONE',  ( 0.000000000000000000, 0.000000000000000000, 1.000000000000000000 ) ) ;
#2447 = CONTEXT_DEPENDENT_SHAPE_REPRESENTATION ( #132, #761 ) ;
#2448 = VERTEX_POINT ( 'NONE', #545 ) ;
#2449 = LINE ( 'NONE', #293, #1485 ) ;
#2450 = CYLINDRICAL_SURFACE ( 'NONE', #172, 0.2050000000000007649 ) ;
#2451 = EDGE_LOOP ( 'NONE', ( #371, #1576, #703, #824 ) ) ;
#2452 = DIRECTION ( 'NONE',  ( -0.000000000000000000, 1.000000000000000000, -0.000000000000000000 ) ) ;
#2453 = LINE ( 'NONE', #682, #2198 ) ;
#2454 = VECTOR ( 'NONE', #1264, 1000.000000000000000 ) ;
#2455 = EDGE_LOOP ( 'NONE', ( #317, #2167, #113, #1918 ) ) ;
#2456 = VECTOR ( 'NONE', #643, 1000.000000000000000 ) ;
#2457 = CARTESIAN_POINT ( 'NONE',  ( -2.219999999999999751, 7.964140999984525848, 0.3199999999999995071 ) ) ;
#2458 = EDGE_CURVE ( 'NONE', #478, #905, #1336, .T. ) ;
#2459 = CARTESIAN_POINT ( 'NONE',  ( -1.269999999999998908, 0.000000000000000000, -0.5500000000000004885 ) ) ;
#2460 = LINE ( 'NONE', #880, #1196 ) ;
#2461 = EDGE_LOOP ( 'NONE', ( #1777, #775, #16, #1136, #2121, #1310, #1874, #416, #915, #1205, #763, #1094, #2363, #2313, #2276, #1599, #2283, #1183, #2117, #1101 ) ) ;
#2462 = CARTESIAN_POINT ( 'NONE',  ( 3.810000000000000941, 0.000000000000000000, -0.5500000000000013767 ) ) ;
#2463 = CARTESIAN_POINT ( 'NONE',  ( -2.219999999999999751, 8.390000000000000568, 0.3199999999999998401 ) ) ;
#2464 = ORIENTED_EDGE ( 'NONE', *, *, #943, .F. ) ;
#2465 = CARTESIAN_POINT ( 'NONE',  ( 0.6600000000000002531, 0.2000000000000000944, 0.7550000000000011147 ) ) ;
#2466 = DIRECTION ( 'NONE',  ( -0.000000000000000000, -0.000000000000000000, 1.000000000000000000 ) ) ;
#2467 = ORIENTED_EDGE ( 'NONE', *, *, #156, .F. ) ;
#2468 = LINE ( 'NONE', #2457, #60 ) ;
#2469 = EDGE_CURVE ( 'NONE', #1595, #237, #1534, .T. ) ;
#2470 = CARTESIAN_POINT ( 'NONE',  ( -0.3199999999999995626, 2.350000000000000533, -0.3200000000000002842 ) ) ;
#2471 = ORIENTED_EDGE ( 'NONE', *, *, #2322, .F. ) ;
#2472 = LINE ( 'NONE', #123, #231 ) ;
#2473 = FACE_OUTER_BOUND ( 'NONE', #1129, .T. ) ;
#2474 = ADVANCED_FACE ( 'NONE', ( #945 ), #1509, .T. ) ;
#2475 = ORIENTED_EDGE ( 'NONE', *, *, #1508, .T. ) ;
#2476 = FACE_OUTER_BOUND ( 'NONE', #532, .T. ) ;
#2477 = PLANE ( 'NONE',  #264 ) ;
#2478 = AXIS2_PLACEMENT_3D ( 'NONE', #1472, #1085, #2490 ) ;
#2479 = ADVANCED_FACE ( 'NONE', ( #736 ), #600, .T. ) ;
#2480 = AXIS2_PLACEMENT_3D ( 'NONE', #1463, #1629, #683 ) ;
#2481 = VECTOR ( 'NONE', #1659, 1000.000000000000000 ) ;
#2482 = CARTESIAN_POINT ( 'NONE',  ( 1.880000000000000560, 0.2000000000000000944, -0.3449999999999996958 ) ) ;
#2483 = AXIS2_PLACEMENT_3D ( 'NONE', #2116, #1295, #502 ) ;
#2484 = DIRECTION ( 'NONE',  ( 0.000000000000000000, 1.000000000000000000, 0.000000000000000000 ) ) ;
#2485 = LINE ( 'NONE', #1285, #2237 ) ;
#2486 = EDGE_LOOP ( 'NONE', ( #1334, #956, #167, #1448 ) ) ;
#2487 = ORIENTED_EDGE ( 'NONE', *, *, #2384, .F. ) ;
#2488 = EDGE_CURVE ( 'NONE', #1581, #2392, #1768, .T. ) ;
#2489 = LINE ( 'NONE', #2059, #68 ) ;
#2490 = DIRECTION ( 'NONE',  ( 0.000000000000000000, 0.000000000000000000, -1.000000000000000000 ) ) ;
#2491 = ORIENTED_EDGE ( 'NONE', *, *, #1441, .F. ) ;
#2492 = VECTOR ( 'NONE', #518, 1000.000000000000000 ) ;
#2493 = DIRECTION ( 'NONE',  ( -0.000000000000000000, -1.000000000000000000, -0.000000000000000000 ) ) ;
#2494 = CARTESIAN_POINT ( 'NONE',  ( 0.6600000000000002531, 0.2000000000000000944, 0.5500000000000003775 ) ) ;
#2495 = CIRCLE ( 'NONE', #1443, 0.2050000000000007649 ) ;
#2496 = DIRECTION ( 'NONE',  ( 0.000000000000000000, -1.000000000000000000, 0.000000000000000000 ) ) ;
#2497 = VECTOR ( 'NONE', #689, 1000.000000000000000 ) ;
#2498 = DIRECTION ( 'NONE',  ( -0.000000000000000000, -1.000000000000000000, -0.000000000000000000 ) ) ;
#2499 = ORIENTED_EDGE ( 'NONE', *, *, #2063, .T. ) ;
#2500 = ORIENTED_EDGE ( 'NONE', *, *, #805, .T. ) ;
#2501 = CARTESIAN_POINT ( 'NONE',  ( -0.8382878701496554452, 0.2000000000000000944, 0.3864560014468202964 ) ) ;
#2502 = CARTESIAN_POINT ( 'NONE',  ( 0.9680408640501064754, 2.350000000000000533, 1.205000000000000293 ) ) ;
#2503 = PRODUCT_DEFINITION ( 'UNKNOWN', '', #2523, #1642 ) ;
#2504 = ORIENTED_EDGE ( 'NONE', *, *, #1830, .F. ) ;
#2505 = CARTESIAN_POINT ( 'NONE',  ( 3.200000000000000622, 0.2000000000000000944, 0.5500000000000001554 ) ) ;
#2506 = CARTESIAN_POINT ( 'NONE',  ( -3.809999999999999165, 2.350000000000000533, 0.5500000000000007105 ) ) ;
#2507 = ORIENTED_EDGE ( 'NONE', *, *, #77, .T. ) ;
#2508 = EDGE_CURVE ( 'NONE', #2286, #1592, #958, .T. ) ;
#2509 = LINE ( 'NONE', #1090, #2035 ) ;
#2510 = CARTESIAN_POINT ( 'NONE',  ( 0.000000000000000000, 0.000000000000000000, 0.000000000000000000 ) ) ;
#2511 = ORIENTED_EDGE ( 'NONE', *, *, #169, .F. ) ;
#2512 = ORIENTED_EDGE ( 'NONE', *, *, #1337, .T. ) ;
#2513 = DIRECTION ( 'NONE',  ( 0.000000000000000000, 0.000000000000000000, -1.000000000000000000 ) ) ;
#2514 = DIRECTION ( 'NONE',  ( -0.000000000000000000, -1.000000000000000000, -0.000000000000000000 ) ) ;
#2515 = ORIENTED_EDGE ( 'NONE', *, *, #2522, .T. ) ;
#2516 = DIRECTION ( 'NONE',  ( 0.000000000000000000, 1.000000000000000000, 0.000000000000000000 ) ) ;
#2517 = DIRECTION ( 'NONE',  ( 0.000000000000000000, -0.000000000000000000, 1.000000000000000000 ) ) ;
#2518 = EDGE_LOOP ( 'NONE', ( #1226, #2491 ) ) ;
#2519 = EDGE_CURVE ( 'NONE', #892, #1665, #370, .T. ) ;
#2520 = DIRECTION ( 'NONE',  ( 0.000000000000000000, 0.000000000000000000, 1.000000000000000000 ) ) ;
#2521 = AXIS2_PLACEMENT_3D ( 'NONE', #329, #1309, #345 ) ;
#2522 = EDGE_CURVE ( 'NONE', #1484, #1761, #51, .T. ) ;
#2523 = PRODUCT_DEFINITION_FORMATION_WITH_SPECIFIED_SOURCE ( 'ANY', '', #470, .NOT_KNOWN. ) ;
#2524 = DIRECTION ( 'NONE',  ( 1.000000000000000000, 0.000000000000000000, -8.537024980200822558E-17 ) ) ;
#2525 = ORIENTED_EDGE ( 'NONE', *, *, #1929, .F. ) ;
#2526 = CIRCLE ( 'NONE', #1031, 0.2050000000000007649 ) ;
#2527 = FACE_OUTER_BOUND ( 'NONE', #1541, .T. ) ;
#2528 = CARTESIAN_POINT ( 'NONE',  ( 3.810000000000000497, 0.2000000000000000944, -1.205000000000000293 ) ) ;
#2529 = AXIS2_PLACEMENT_3D ( 'NONE', #2225, #92, #992 ) ;
#2530 = ORIENTED_EDGE ( 'NONE', *, *, #17, .T. ) ;
#2531 = ORIENTED_EDGE ( 'NONE', *, *, #1507, .T. ) ;
#2532 = LINE ( 'NONE', #552, #881 ) ;
#2533 = DIRECTION ( 'NONE',  ( -0.000000000000000000, -1.000000000000000000, -0.000000000000000000 ) ) ;
#2534 = AXIS2_PLACEMENT_3D ( 'NONE', #2224, #1026, #285 ) ;
#2535 = ORIENTED_EDGE ( 'NONE', *, *, #328, .F. ) ;
#2536 = AXIS2_PLACEMENT_3D ( 'NONE', #454, #2430, #1442 ) ;
#2537 = EDGE_CURVE ( 'NONE', #1980, #44, #34, .T. ) ;
#2538 = CYLINDRICAL_SURFACE ( 'NONE', #1162, 0.2050000000000007649 ) ;
#2539 = CIRCLE ( 'NONE', #2245, 0.2050000000000007649 ) ;
#2540 = DIRECTION ( 'NONE',  ( 1.000000000000000000, 0.000000000000000000, -8.537024980200822558E-17 ) ) ;
#2541 = EDGE_CURVE ( 'NONE', #1980, #1407, #2200, .T. ) ;
#2542 = DIRECTION ( 'NONE',  ( 0.000000000000000000, -0.000000000000000000, 1.000000000000000000 ) ) ;
#2543 = CARTESIAN_POINT ( 'NONE',  ( 0.3200000000000003952, 2.350000000000000533, 0.3199999999999996736 ) ) ;
#2544 = CARTESIAN_POINT ( 'NONE',  ( -1.879999999999999893, 2.550000000000000711, 0.5500000000000005995 ) ) ;
#2545 =( NAMED_UNIT ( * ) PLANE_ANGLE_UNIT ( ) SI_UNIT ( $, .RADIAN. ) );
#2546 = EDGE_LOOP ( 'NONE', ( #2328, #1527, #276, #848 ) ) ;
#2547 = EDGE_CURVE ( 'NONE', #2142, #1098, #2001, .T. ) ;
#2548 = ORIENTED_EDGE ( 'NONE', *, *, #845, .F. ) ;
#2549 = CARTESIAN_POINT ( 'NONE',  ( 3.810000000000000497, 2.350000000000000533, 1.204999999999999849 ) ) ;
#2550 = EDGE_CURVE ( 'NONE', #2393, #1161, #1725, .T. ) ;
#2551 = NEXT_ASSEMBLY_USAGE_OCCURRENCE ( 'NAUO1', ' ', ' ', #512, #2503, $ ) ;
#2552 = NEXT_ASSEMBLY_USAGE_OCCURRENCE ( 'NAUO2', ' ', ' ', #512, #1813, $ ) ;
#2553 = NEXT_ASSEMBLY_USAGE_OCCURRENCE ( 'NAUO3', ' ', ' ', #512, #1813, $ ) ;
#2554 = NEXT_ASSEMBLY_USAGE_OCCURRENCE ( 'NAUO4', ' ', ' ', #512, #1813, $ ) ;
ENDSEC;
END-ISO-10303-21;
